-- MySQL dump 10.13  Distrib 8.2.0, for macos14.0 (arm64)
--
-- Host: localhost    Database: farmart
-- ------------------------------------------------------
-- Server version	8.0.33

/*!40101 SET @OLD_CHARACTER_SET_CLIENT=@@CHARACTER_SET_CLIENT */;
/*!40101 SET @OLD_CHARACTER_SET_RESULTS=@@CHARACTER_SET_RESULTS */;
/*!40101 SET @OLD_COLLATION_CONNECTION=@@COLLATION_CONNECTION */;
/*!50503 SET NAMES utf8mb4 */;
/*!40103 SET @OLD_TIME_ZONE=@@TIME_ZONE */;
/*!40103 SET TIME_ZONE='+00:00' */;
/*!40014 SET @OLD_UNIQUE_CHECKS=@@UNIQUE_CHECKS, UNIQUE_CHECKS=0 */;
/*!40014 SET @OLD_FOREIGN_KEY_CHECKS=@@FOREIGN_KEY_CHECKS, FOREIGN_KEY_CHECKS=0 */;
/*!40101 SET @OLD_SQL_MODE=@@SQL_MODE, SQL_MODE='NO_AUTO_VALUE_ON_ZERO' */;
/*!40111 SET @OLD_SQL_NOTES=@@SQL_NOTES, SQL_NOTES=0 */;

--
-- Table structure for table `activations`
--

DROP TABLE IF EXISTS `activations`;
/*!40101 SET @saved_cs_client     = @@character_set_client */;
/*!50503 SET character_set_client = utf8mb4 */;
CREATE TABLE `activations` (
  `id` bigint unsigned NOT NULL AUTO_INCREMENT,
  `user_id` bigint unsigned NOT NULL,
  `code` varchar(120) COLLATE utf8mb4_unicode_ci NOT NULL,
  `completed` tinyint(1) NOT NULL DEFAULT '0',
  `completed_at` timestamp NULL DEFAULT NULL,
  `created_at` timestamp NULL DEFAULT NULL,
  `updated_at` timestamp NULL DEFAULT NULL,
  PRIMARY KEY (`id`),
  KEY `activations_user_id_index` (`user_id`)
) ENGINE=InnoDB AUTO_INCREMENT=3 DEFAULT CHARSET=utf8mb4 COLLATE=utf8mb4_unicode_ci;
/*!40101 SET character_set_client = @saved_cs_client */;

--
-- Dumping data for table `activations`
--

LOCK TABLES `activations` WRITE;
/*!40000 ALTER TABLE `activations` DISABLE KEYS */;
INSERT INTO `activations` VALUES (1,1,'NjBvauvqNPSTdw0kxfbfgnyihv2k8ocO',1,'2024-01-06 17:16:36','2024-01-06 17:16:36','2024-01-06 17:16:36'),(2,2,'nnke6xyb65qKZTPX0WrRrPY2gHJtdmBa',1,'2024-01-06 17:16:36','2024-01-06 17:16:36','2024-01-06 17:16:36');
/*!40000 ALTER TABLE `activations` ENABLE KEYS */;
UNLOCK TABLES;

--
-- Table structure for table `admin_notifications`
--

DROP TABLE IF EXISTS `admin_notifications`;
/*!40101 SET @saved_cs_client     = @@character_set_client */;
/*!50503 SET character_set_client = utf8mb4 */;
CREATE TABLE `admin_notifications` (
  `id` bigint unsigned NOT NULL AUTO_INCREMENT,
  `title` varchar(255) COLLATE utf8mb4_unicode_ci NOT NULL,
  `action_label` varchar(255) COLLATE utf8mb4_unicode_ci DEFAULT NULL,
  `action_url` varchar(255) COLLATE utf8mb4_unicode_ci DEFAULT NULL,
  `description` varchar(400) COLLATE utf8mb4_unicode_ci NOT NULL,
  `read_at` timestamp NULL DEFAULT NULL,
  `created_at` timestamp NULL DEFAULT NULL,
  `updated_at` timestamp NULL DEFAULT NULL,
  `permission` varchar(191) COLLATE utf8mb4_unicode_ci DEFAULT NULL,
  PRIMARY KEY (`id`)
) ENGINE=InnoDB DEFAULT CHARSET=utf8mb4 COLLATE=utf8mb4_unicode_ci;
/*!40101 SET character_set_client = @saved_cs_client */;

--
-- Dumping data for table `admin_notifications`
--

LOCK TABLES `admin_notifications` WRITE;
/*!40000 ALTER TABLE `admin_notifications` DISABLE KEYS */;
/*!40000 ALTER TABLE `admin_notifications` ENABLE KEYS */;
UNLOCK TABLES;

--
-- Table structure for table `ads`
--

DROP TABLE IF EXISTS `ads`;
/*!40101 SET @saved_cs_client     = @@character_set_client */;
/*!50503 SET character_set_client = utf8mb4 */;
CREATE TABLE `ads` (
  `id` bigint unsigned NOT NULL AUTO_INCREMENT,
  `name` varchar(255) COLLATE utf8mb4_unicode_ci NOT NULL,
  `expired_at` datetime DEFAULT NULL,
  `location` varchar(120) COLLATE utf8mb4_unicode_ci DEFAULT NULL,
  `key` varchar(120) COLLATE utf8mb4_unicode_ci NOT NULL,
  `image` varchar(255) COLLATE utf8mb4_unicode_ci DEFAULT NULL,
  `url` varchar(255) COLLATE utf8mb4_unicode_ci DEFAULT NULL,
  `clicked` bigint NOT NULL DEFAULT '0',
  `order` int DEFAULT '0',
  `status` varchar(60) COLLATE utf8mb4_unicode_ci NOT NULL DEFAULT 'published',
  `created_at` timestamp NULL DEFAULT NULL,
  `updated_at` timestamp NULL DEFAULT NULL,
  `open_in_new_tab` tinyint(1) NOT NULL DEFAULT '1',
  `tablet_image` varchar(255) COLLATE utf8mb4_unicode_ci DEFAULT NULL,
  `mobile_image` varchar(255) COLLATE utf8mb4_unicode_ci DEFAULT NULL,
  PRIMARY KEY (`id`),
  UNIQUE KEY `ads_key_unique` (`key`)
) ENGINE=InnoDB AUTO_INCREMENT=6 DEFAULT CHARSET=utf8mb4 COLLATE=utf8mb4_unicode_ci;
/*!40101 SET character_set_client = @saved_cs_client */;

--
-- Dumping data for table `ads`
--

LOCK TABLES `ads` WRITE;
/*!40000 ALTER TABLE `ads` DISABLE KEYS */;
INSERT INTO `ads` VALUES (1,'Top Slider Image 1','2029-01-07 00:00:00','not_set','VC2C8Q1UGCBG','promotion/1.jpg','/products',0,1,'published','2024-01-06 17:16:51','2024-01-06 17:16:51',1,NULL,NULL),(2,'Homepage middle 1','2029-01-07 00:00:00','not_set','IZ6WU8KUALYD','promotion/2.png','/products',0,2,'published','2024-01-06 17:16:51','2024-01-06 17:16:51',1,NULL,NULL),(3,'Homepage middle 2','2029-01-07 00:00:00','not_set','ILSFJVYFGCPZ','promotion/3.png','/products',0,3,'published','2024-01-06 17:16:51','2024-01-06 17:16:51',1,NULL,NULL),(4,'Homepage middle 3','2029-01-07 00:00:00','not_set','ZDOZUZZIU7FT','promotion/4.png','/products',0,4,'published','2024-01-06 17:16:51','2024-01-06 17:16:51',1,NULL,NULL),(5,'Products list 1','2029-01-07 00:00:00','not_set','ZDOZUZZIU7FZ','promotion/5.png','/products/beat-headphone',0,5,'published','2024-01-06 17:16:51','2024-01-06 17:16:51',1,NULL,NULL);
/*!40000 ALTER TABLE `ads` ENABLE KEYS */;
UNLOCK TABLES;

--
-- Table structure for table `ads_translations`
--

DROP TABLE IF EXISTS `ads_translations`;
/*!40101 SET @saved_cs_client     = @@character_set_client */;
/*!50503 SET character_set_client = utf8mb4 */;
CREATE TABLE `ads_translations` (
  `lang_code` varchar(191) COLLATE utf8mb4_unicode_ci NOT NULL,
  `ads_id` bigint unsigned NOT NULL,
  `name` varchar(255) COLLATE utf8mb4_unicode_ci DEFAULT NULL,
  `image` varchar(255) COLLATE utf8mb4_unicode_ci DEFAULT NULL,
  `url` varchar(255) COLLATE utf8mb4_unicode_ci DEFAULT NULL,
  PRIMARY KEY (`lang_code`,`ads_id`)
) ENGINE=InnoDB DEFAULT CHARSET=utf8mb4 COLLATE=utf8mb4_unicode_ci;
/*!40101 SET character_set_client = @saved_cs_client */;

--
-- Dumping data for table `ads_translations`
--

LOCK TABLES `ads_translations` WRITE;
/*!40000 ALTER TABLE `ads_translations` DISABLE KEYS */;
/*!40000 ALTER TABLE `ads_translations` ENABLE KEYS */;
UNLOCK TABLES;

--
-- Table structure for table `audit_histories`
--

DROP TABLE IF EXISTS `audit_histories`;
/*!40101 SET @saved_cs_client     = @@character_set_client */;
/*!50503 SET character_set_client = utf8mb4 */;
CREATE TABLE `audit_histories` (
  `id` bigint unsigned NOT NULL AUTO_INCREMENT,
  `user_id` bigint unsigned NOT NULL,
  `module` varchar(60) COLLATE utf8mb4_unicode_ci NOT NULL,
  `request` longtext COLLATE utf8mb4_unicode_ci,
  `action` varchar(120) COLLATE utf8mb4_unicode_ci NOT NULL,
  `user_agent` text COLLATE utf8mb4_unicode_ci,
  `ip_address` varchar(45) COLLATE utf8mb4_unicode_ci DEFAULT NULL,
  `reference_user` bigint unsigned NOT NULL,
  `reference_id` bigint unsigned NOT NULL,
  `reference_name` varchar(255) COLLATE utf8mb4_unicode_ci NOT NULL,
  `type` varchar(20) COLLATE utf8mb4_unicode_ci NOT NULL,
  `created_at` timestamp NULL DEFAULT NULL,
  `updated_at` timestamp NULL DEFAULT NULL,
  PRIMARY KEY (`id`),
  KEY `audit_histories_user_id_index` (`user_id`),
  KEY `audit_histories_module_index` (`module`)
) ENGINE=InnoDB DEFAULT CHARSET=utf8mb4 COLLATE=utf8mb4_unicode_ci;
/*!40101 SET character_set_client = @saved_cs_client */;

--
-- Dumping data for table `audit_histories`
--

LOCK TABLES `audit_histories` WRITE;
/*!40000 ALTER TABLE `audit_histories` DISABLE KEYS */;
/*!40000 ALTER TABLE `audit_histories` ENABLE KEYS */;
UNLOCK TABLES;

--
-- Table structure for table `categories`
--

DROP TABLE IF EXISTS `categories`;
/*!40101 SET @saved_cs_client     = @@character_set_client */;
/*!50503 SET character_set_client = utf8mb4 */;
CREATE TABLE `categories` (
  `id` bigint unsigned NOT NULL AUTO_INCREMENT,
  `name` varchar(120) COLLATE utf8mb4_unicode_ci NOT NULL,
  `parent_id` bigint unsigned NOT NULL DEFAULT '0',
  `description` varchar(400) COLLATE utf8mb4_unicode_ci DEFAULT NULL,
  `status` varchar(60) COLLATE utf8mb4_unicode_ci NOT NULL DEFAULT 'published',
  `author_id` bigint unsigned DEFAULT NULL,
  `author_type` varchar(255) COLLATE utf8mb4_unicode_ci NOT NULL DEFAULT 'Botble\\ACL\\Models\\User',
  `icon` varchar(60) COLLATE utf8mb4_unicode_ci DEFAULT NULL,
  `order` tinyint NOT NULL DEFAULT '0',
  `is_featured` tinyint NOT NULL DEFAULT '0',
  `is_default` tinyint unsigned NOT NULL DEFAULT '0',
  `created_at` timestamp NULL DEFAULT NULL,
  `updated_at` timestamp NULL DEFAULT NULL,
  PRIMARY KEY (`id`),
  KEY `categories_parent_id_index` (`parent_id`),
  KEY `categories_status_index` (`status`),
  KEY `categories_created_at_index` (`created_at`)
) ENGINE=InnoDB AUTO_INCREMENT=5 DEFAULT CHARSET=utf8mb4 COLLATE=utf8mb4_unicode_ci;
/*!40101 SET character_set_client = @saved_cs_client */;

--
-- Dumping data for table `categories`
--

LOCK TABLES `categories` WRITE;
/*!40000 ALTER TABLE `categories` DISABLE KEYS */;
INSERT INTO `categories` VALUES (1,'Ecommerce',0,'Impedit facere recusandae eaque labore aut cum. Voluptatem eum in hic atque numquam porro eveniet aut. Ipsum sequi aut quasi minima voluptatem vel. Facilis quas quia voluptatibus.','published',2,'Botble\\ACL\\Models\\User',NULL,0,0,1,'2024-01-06 17:16:51','2024-01-06 17:16:51'),(2,'Fashion',0,'Ipsa est dolores in aut molestiae. Quo molestiae dolores consequuntur placeat. Quo placeat dolor quod aut nulla cupiditate maxime qui.','published',2,'Botble\\ACL\\Models\\User',NULL,0,1,0,'2024-01-06 17:16:51','2024-01-06 17:16:51'),(3,'Electronic',0,'Qui numquam et sint velit deleniti. Aperiam voluptas non culpa eos sapiente. Et eligendi consequatur exercitationem quibusdam in. Delectus veritatis et et facilis qui.','published',2,'Botble\\ACL\\Models\\User',NULL,0,1,0,'2024-01-06 17:16:51','2024-01-06 17:16:51'),(4,'Commercial',0,'Id ducimus beatae delectus omnis et delectus consectetur et. Beatae voluptas adipisci rerum dolor. Nostrum porro qui ut aspernatur et eos ut sint.','published',2,'Botble\\ACL\\Models\\User',NULL,0,1,0,'2024-01-06 17:16:51','2024-01-06 17:16:51');
/*!40000 ALTER TABLE `categories` ENABLE KEYS */;
UNLOCK TABLES;

--
-- Table structure for table `categories_translations`
--

DROP TABLE IF EXISTS `categories_translations`;
/*!40101 SET @saved_cs_client     = @@character_set_client */;
/*!50503 SET character_set_client = utf8mb4 */;
CREATE TABLE `categories_translations` (
  `lang_code` varchar(20) COLLATE utf8mb4_unicode_ci NOT NULL,
  `categories_id` bigint unsigned NOT NULL,
  `name` varchar(255) COLLATE utf8mb4_unicode_ci DEFAULT NULL,
  `description` varchar(400) COLLATE utf8mb4_unicode_ci DEFAULT NULL,
  PRIMARY KEY (`lang_code`,`categories_id`)
) ENGINE=InnoDB DEFAULT CHARSET=utf8mb4 COLLATE=utf8mb4_unicode_ci;
/*!40101 SET character_set_client = @saved_cs_client */;

--
-- Dumping data for table `categories_translations`
--

LOCK TABLES `categories_translations` WRITE;
/*!40000 ALTER TABLE `categories_translations` DISABLE KEYS */;
/*!40000 ALTER TABLE `categories_translations` ENABLE KEYS */;
UNLOCK TABLES;

--
-- Table structure for table `cities`
--

DROP TABLE IF EXISTS `cities`;
/*!40101 SET @saved_cs_client     = @@character_set_client */;
/*!50503 SET character_set_client = utf8mb4 */;
CREATE TABLE `cities` (
  `id` bigint unsigned NOT NULL AUTO_INCREMENT,
  `name` varchar(120) COLLATE utf8mb4_unicode_ci NOT NULL,
  `slug` varchar(120) COLLATE utf8mb4_unicode_ci DEFAULT NULL,
  `state_id` bigint unsigned DEFAULT NULL,
  `country_id` bigint unsigned DEFAULT NULL,
  `record_id` varchar(40) COLLATE utf8mb4_unicode_ci DEFAULT NULL,
  `order` tinyint NOT NULL DEFAULT '0',
  `image` varchar(255) COLLATE utf8mb4_unicode_ci DEFAULT NULL,
  `is_default` tinyint unsigned NOT NULL DEFAULT '0',
  `status` varchar(60) COLLATE utf8mb4_unicode_ci NOT NULL DEFAULT 'published',
  `created_at` timestamp NULL DEFAULT NULL,
  `updated_at` timestamp NULL DEFAULT NULL,
  PRIMARY KEY (`id`),
  UNIQUE KEY `cities_slug_unique` (`slug`)
) ENGINE=InnoDB DEFAULT CHARSET=utf8mb4 COLLATE=utf8mb4_unicode_ci;
/*!40101 SET character_set_client = @saved_cs_client */;

--
-- Dumping data for table `cities`
--

LOCK TABLES `cities` WRITE;
/*!40000 ALTER TABLE `cities` DISABLE KEYS */;
/*!40000 ALTER TABLE `cities` ENABLE KEYS */;
UNLOCK TABLES;

--
-- Table structure for table `cities_translations`
--

DROP TABLE IF EXISTS `cities_translations`;
/*!40101 SET @saved_cs_client     = @@character_set_client */;
/*!50503 SET character_set_client = utf8mb4 */;
CREATE TABLE `cities_translations` (
  `lang_code` varchar(20) COLLATE utf8mb4_unicode_ci NOT NULL,
  `cities_id` bigint unsigned NOT NULL,
  `name` varchar(120) COLLATE utf8mb4_unicode_ci DEFAULT NULL,
  `slug` varchar(120) COLLATE utf8mb4_unicode_ci DEFAULT NULL,
  PRIMARY KEY (`lang_code`,`cities_id`)
) ENGINE=InnoDB DEFAULT CHARSET=utf8mb4 COLLATE=utf8mb4_unicode_ci;
/*!40101 SET character_set_client = @saved_cs_client */;

--
-- Dumping data for table `cities_translations`
--

LOCK TABLES `cities_translations` WRITE;
/*!40000 ALTER TABLE `cities_translations` DISABLE KEYS */;
/*!40000 ALTER TABLE `cities_translations` ENABLE KEYS */;
UNLOCK TABLES;

--
-- Table structure for table `contact_replies`
--

DROP TABLE IF EXISTS `contact_replies`;
/*!40101 SET @saved_cs_client     = @@character_set_client */;
/*!50503 SET character_set_client = utf8mb4 */;
CREATE TABLE `contact_replies` (
  `id` bigint unsigned NOT NULL AUTO_INCREMENT,
  `message` longtext COLLATE utf8mb4_unicode_ci NOT NULL,
  `contact_id` bigint unsigned NOT NULL,
  `created_at` timestamp NULL DEFAULT NULL,
  `updated_at` timestamp NULL DEFAULT NULL,
  PRIMARY KEY (`id`)
) ENGINE=InnoDB DEFAULT CHARSET=utf8mb4 COLLATE=utf8mb4_unicode_ci;
/*!40101 SET character_set_client = @saved_cs_client */;

--
-- Dumping data for table `contact_replies`
--

LOCK TABLES `contact_replies` WRITE;
/*!40000 ALTER TABLE `contact_replies` DISABLE KEYS */;
/*!40000 ALTER TABLE `contact_replies` ENABLE KEYS */;
UNLOCK TABLES;

--
-- Table structure for table `contacts`
--

DROP TABLE IF EXISTS `contacts`;
/*!40101 SET @saved_cs_client     = @@character_set_client */;
/*!50503 SET character_set_client = utf8mb4 */;
CREATE TABLE `contacts` (
  `id` bigint unsigned NOT NULL AUTO_INCREMENT,
  `name` varchar(60) COLLATE utf8mb4_unicode_ci NOT NULL,
  `email` varchar(60) COLLATE utf8mb4_unicode_ci NOT NULL,
  `phone` varchar(60) COLLATE utf8mb4_unicode_ci DEFAULT NULL,
  `address` varchar(120) COLLATE utf8mb4_unicode_ci DEFAULT NULL,
  `subject` varchar(120) COLLATE utf8mb4_unicode_ci DEFAULT NULL,
  `content` longtext COLLATE utf8mb4_unicode_ci NOT NULL,
  `status` varchar(60) COLLATE utf8mb4_unicode_ci NOT NULL DEFAULT 'unread',
  `created_at` timestamp NULL DEFAULT NULL,
  `updated_at` timestamp NULL DEFAULT NULL,
  PRIMARY KEY (`id`)
) ENGINE=InnoDB AUTO_INCREMENT=11 DEFAULT CHARSET=utf8mb4 COLLATE=utf8mb4_unicode_ci;
/*!40101 SET character_set_client = @saved_cs_client */;

--
-- Dumping data for table `contacts`
--

LOCK TABLES `contacts` WRITE;
/*!40000 ALTER TABLE `contacts` DISABLE KEYS */;
INSERT INTO `contacts` VALUES (1,'Jerrod Hessel','madonna13@example.com','224-333-2667','4084 Runolfsdottir Lane Suite 075\nLuraburgh, CA 53384','Et nemo ea dolores natus.','Consequatur fugit magnam laboriosam sit. Molestiae et delectus veritatis et dignissimos ipsam. Vitae voluptas rerum minima sint. In harum tempora omnis quo perspiciatis est hic. Quam nostrum magnam et voluptate assumenda. Odit soluta veritatis quibusdam vitae et perspiciatis.','unread','2024-01-06 17:16:50','2024-01-06 17:16:50'),(2,'Therese Wyman','lina.bradtke@example.com','(848) 887-6015','73802 Fred Estate\nRohanburgh, OK 67678','Ut quia totam quis.','Harum ut unde iusto atque dolorum beatae maiores corporis. Cupiditate quos commodi molestiae repellat eos provident maiores. Itaque eum explicabo aut rerum distinctio. Suscipit incidunt reiciendis eveniet. Quia sapiente quis aliquid omnis veritatis minus. Nam aliquam ipsam earum aliquid quas minima. Sequi odio commodi dolore dolore mollitia.','unread','2024-01-06 17:16:50','2024-01-06 17:16:50'),(3,'Mortimer Mraz Jr.','enrique31@example.net','1-731-573-7845','20519 Ullrich Wall\nKarlhaven, CA 00595-2711','Alias quos error rem voluptatum.','Consequatur culpa optio non rerum odit est totam quas. Dolorum cupiditate officia doloremque occaecati non consectetur. Voluptatibus nesciunt non culpa modi rerum. Distinctio eaque omnis voluptas similique. Sit ducimus dolor non odit sed. Error vel magni ut rerum dolores placeat necessitatibus odit. Rerum animi ut molestiae. In vel in accusantium nulla. Quia dolor vel necessitatibus quia et.','read','2024-01-06 17:16:50','2024-01-06 17:16:50'),(4,'Brendon Bednar','aurelio.schimmel@example.com','+1 (580) 658-2652','5595 Kling Highway Apt. 742\nPort Mia, ME 48643-9092','Officiis et quam fuga animi.','Et rem hic provident ratione maxime. Aperiam est aperiam vitae laudantium cupiditate sunt. Commodi adipisci error quasi in cumque corrupti aut. Quis nobis atque culpa dolore est. Voluptatem quibusdam sit ab sunt. Voluptate illo placeat aut qui tempora accusantium. Perferendis voluptatem aliquid ullam et ut repellendus optio. Et et ipsa maiores ipsam sapiente consequatur aut debitis. Fugiat vero ut et facere qui veniam. Similique quos veritatis dolorum amet id.','read','2024-01-06 17:16:50','2024-01-06 17:16:50'),(5,'Barbara Crooks','farrell.mekhi@example.com','1-516-627-6043','9374 DuBuque Road\nReynoldsside, WY 18960-3931','Sint facilis nemo porro et harum nemo.','Pariatur aut aut qui. Commodi error vel sed voluptate sunt. Accusantium asperiores et sapiente quo amet nobis. Magni ut culpa iure velit repellat. Distinctio magnam praesentium quasi ut magni possimus. Et quia corporis beatae earum quas. Excepturi maiores quis consectetur vel enim maiores magnam. Quae facere facere voluptatem doloremque similique. Possimus omnis rerum asperiores ad optio.','unread','2024-01-06 17:16:50','2024-01-06 17:16:50'),(6,'Dr. Jaqueline Wolff DDS','brenda46@example.com','949.910.5871','616 Little Circle\nSouth Elinorestad, NM 23662-6468','Esse qui omnis unde iste molestiae.','Corrupti rerum magnam qui maxime. Est rerum cupiditate vitae alias praesentium ratione et. Suscipit animi iure nostrum corrupti. Vitae est cumque ab error maxime. Eaque dolore maiores voluptas necessitatibus id aut. Odit eos esse nobis qui tempore dolores. Nihil eos occaecati est praesentium qui. Sunt quo necessitatibus et consectetur sit quis. Sunt quas et sunt id.','read','2024-01-06 17:16:50','2024-01-06 17:16:50'),(7,'Ms. Tatyana Torphy','jana.donnelly@example.net','775.225.6673','27862 Jarvis Parks\nColtshire, OH 40147-8942','Totam sit et recusandae perspiciatis omnis.','Nihil voluptatem officiis inventore quasi. Sed officia reprehenderit omnis reiciendis nisi sed. Dicta est nihil repellat in. Necessitatibus mollitia enim veniam facilis recusandae. Vitae sequi ducimus corrupti possimus. Tempore animi sed accusantium. Voluptas architecto dicta ab eos amet corrupti at. Atque commodi recusandae eum natus aut. Occaecati adipisci hic sapiente fuga.','read','2024-01-06 17:16:50','2024-01-06 17:16:50'),(8,'Elisha Gerhold','barton.winston@example.org','980.253.0740','267 Madyson Expressway Apt. 473\nJacobsonborough, FL 49584-3458','Ut fuga rerum atque maxime quasi voluptatum.','Quia molestias asperiores incidunt sint neque laborum ducimus. Aut expedita at assumenda consectetur dignissimos. Pariatur temporibus velit labore sint in temporibus. Vero qui ea officiis molestias aut. Pariatur quae veniam eius excepturi. Dolor distinctio est sint quidem vitae numquam. Harum ut eum iusto cupiditate excepturi doloremque ullam quo. Necessitatibus eveniet nostrum quod consequuntur.','read','2024-01-06 17:16:50','2024-01-06 17:16:50'),(9,'Katrina Swaniawski','feest.annette@example.com','1-458-819-9384','2589 Ward Lake Apt. 699\nPalmaland, MS 84217','Id similique perspiciatis soluta voluptas ullam.','Fugit aut commodi sit illum repellendus omnis sed. Rerum asperiores neque nemo dolor. Nobis facere non accusamus suscipit ea omnis nesciunt. Quidem iste impedit numquam. Praesentium aut tempore asperiores blanditiis. Reiciendis sed et maxime delectus. Repudiandae eligendi odio quia. Ut nostrum dolor qui mollitia. Sed sed inventore sit. Enim aut alias labore.','read','2024-01-06 17:16:50','2024-01-06 17:16:50'),(10,'Charlotte Aufderhar','zcummerata@example.org','+1 (620) 208-6196','246 Braun Loaf Suite 139\nNew Julio, LA 62203-8707','Dolorem ipsa perspiciatis natus.','Quo molestias eligendi ipsa reprehenderit quae. Voluptatem asperiores officiis ipsum quo aspernatur non molestiae. Maxime facere dolores omnis necessitatibus quia excepturi perspiciatis laboriosam. Et aut qui nobis ut. Ullam nisi excepturi tenetur laboriosam quod vel quia. Velit consequuntur sit voluptates odit. Voluptates consequuntur repudiandae officiis vitae et ducimus.','unread','2024-01-06 17:16:50','2024-01-06 17:16:50');
/*!40000 ALTER TABLE `contacts` ENABLE KEYS */;
UNLOCK TABLES;

--
-- Table structure for table `countries`
--

DROP TABLE IF EXISTS `countries`;
/*!40101 SET @saved_cs_client     = @@character_set_client */;
/*!50503 SET character_set_client = utf8mb4 */;
CREATE TABLE `countries` (
  `id` bigint unsigned NOT NULL AUTO_INCREMENT,
  `name` varchar(120) COLLATE utf8mb4_unicode_ci NOT NULL,
  `nationality` varchar(120) COLLATE utf8mb4_unicode_ci DEFAULT NULL,
  `order` tinyint NOT NULL DEFAULT '0',
  `is_default` tinyint unsigned NOT NULL DEFAULT '0',
  `status` varchar(60) COLLATE utf8mb4_unicode_ci NOT NULL DEFAULT 'published',
  `created_at` timestamp NULL DEFAULT NULL,
  `updated_at` timestamp NULL DEFAULT NULL,
  `code` varchar(10) COLLATE utf8mb4_unicode_ci DEFAULT NULL,
  PRIMARY KEY (`id`)
) ENGINE=InnoDB DEFAULT CHARSET=utf8mb4 COLLATE=utf8mb4_unicode_ci;
/*!40101 SET character_set_client = @saved_cs_client */;

--
-- Dumping data for table `countries`
--

LOCK TABLES `countries` WRITE;
/*!40000 ALTER TABLE `countries` DISABLE KEYS */;
/*!40000 ALTER TABLE `countries` ENABLE KEYS */;
UNLOCK TABLES;

--
-- Table structure for table `countries_translations`
--

DROP TABLE IF EXISTS `countries_translations`;
/*!40101 SET @saved_cs_client     = @@character_set_client */;
/*!50503 SET character_set_client = utf8mb4 */;
CREATE TABLE `countries_translations` (
  `lang_code` varchar(20) COLLATE utf8mb4_unicode_ci NOT NULL,
  `countries_id` bigint unsigned NOT NULL,
  `name` varchar(120) COLLATE utf8mb4_unicode_ci DEFAULT NULL,
  `nationality` varchar(120) COLLATE utf8mb4_unicode_ci DEFAULT NULL,
  PRIMARY KEY (`lang_code`,`countries_id`)
) ENGINE=InnoDB DEFAULT CHARSET=utf8mb4 COLLATE=utf8mb4_unicode_ci;
/*!40101 SET character_set_client = @saved_cs_client */;

--
-- Dumping data for table `countries_translations`
--

LOCK TABLES `countries_translations` WRITE;
/*!40000 ALTER TABLE `countries_translations` DISABLE KEYS */;
/*!40000 ALTER TABLE `countries_translations` ENABLE KEYS */;
UNLOCK TABLES;

--
-- Table structure for table `dashboard_widget_settings`
--

DROP TABLE IF EXISTS `dashboard_widget_settings`;
/*!40101 SET @saved_cs_client     = @@character_set_client */;
/*!50503 SET character_set_client = utf8mb4 */;
CREATE TABLE `dashboard_widget_settings` (
  `id` bigint unsigned NOT NULL AUTO_INCREMENT,
  `settings` text COLLATE utf8mb4_unicode_ci,
  `user_id` bigint unsigned NOT NULL,
  `widget_id` bigint unsigned NOT NULL,
  `order` tinyint unsigned NOT NULL DEFAULT '0',
  `status` tinyint unsigned NOT NULL DEFAULT '1',
  `created_at` timestamp NULL DEFAULT NULL,
  `updated_at` timestamp NULL DEFAULT NULL,
  PRIMARY KEY (`id`),
  KEY `dashboard_widget_settings_user_id_index` (`user_id`),
  KEY `dashboard_widget_settings_widget_id_index` (`widget_id`)
) ENGINE=InnoDB DEFAULT CHARSET=utf8mb4 COLLATE=utf8mb4_unicode_ci;
/*!40101 SET character_set_client = @saved_cs_client */;

--
-- Dumping data for table `dashboard_widget_settings`
--

LOCK TABLES `dashboard_widget_settings` WRITE;
/*!40000 ALTER TABLE `dashboard_widget_settings` DISABLE KEYS */;
/*!40000 ALTER TABLE `dashboard_widget_settings` ENABLE KEYS */;
UNLOCK TABLES;

--
-- Table structure for table `dashboard_widgets`
--

DROP TABLE IF EXISTS `dashboard_widgets`;
/*!40101 SET @saved_cs_client     = @@character_set_client */;
/*!50503 SET character_set_client = utf8mb4 */;
CREATE TABLE `dashboard_widgets` (
  `id` bigint unsigned NOT NULL AUTO_INCREMENT,
  `name` varchar(120) COLLATE utf8mb4_unicode_ci NOT NULL,
  `created_at` timestamp NULL DEFAULT NULL,
  `updated_at` timestamp NULL DEFAULT NULL,
  PRIMARY KEY (`id`)
) ENGINE=InnoDB DEFAULT CHARSET=utf8mb4 COLLATE=utf8mb4_unicode_ci;
/*!40101 SET character_set_client = @saved_cs_client */;

--
-- Dumping data for table `dashboard_widgets`
--

LOCK TABLES `dashboard_widgets` WRITE;
/*!40000 ALTER TABLE `dashboard_widgets` DISABLE KEYS */;
/*!40000 ALTER TABLE `dashboard_widgets` ENABLE KEYS */;
UNLOCK TABLES;

--
-- Table structure for table `ec_brands`
--

DROP TABLE IF EXISTS `ec_brands`;
/*!40101 SET @saved_cs_client     = @@character_set_client */;
/*!50503 SET character_set_client = utf8mb4 */;
CREATE TABLE `ec_brands` (
  `id` bigint unsigned NOT NULL AUTO_INCREMENT,
  `name` varchar(191) COLLATE utf8mb4_unicode_ci NOT NULL,
  `description` mediumtext COLLATE utf8mb4_unicode_ci,
  `website` varchar(255) COLLATE utf8mb4_unicode_ci DEFAULT NULL,
  `logo` varchar(255) COLLATE utf8mb4_unicode_ci DEFAULT NULL,
  `status` varchar(60) COLLATE utf8mb4_unicode_ci NOT NULL DEFAULT 'published',
  `order` tinyint unsigned NOT NULL DEFAULT '0',
  `is_featured` tinyint unsigned NOT NULL DEFAULT '0',
  `created_at` timestamp NULL DEFAULT NULL,
  `updated_at` timestamp NULL DEFAULT NULL,
  PRIMARY KEY (`id`)
) ENGINE=InnoDB AUTO_INCREMENT=6 DEFAULT CHARSET=utf8mb4 COLLATE=utf8mb4_unicode_ci;
/*!40101 SET character_set_client = @saved_cs_client */;

--
-- Dumping data for table `ec_brands`
--

LOCK TABLES `ec_brands` WRITE;
/*!40000 ALTER TABLE `ec_brands` DISABLE KEYS */;
INSERT INTO `ec_brands` VALUES (1,'FoodPound','New Snacks Release',NULL,'brands/1.png','published',0,1,'2024-01-06 17:16:37','2024-01-06 17:16:37'),(2,'iTea JSC','Happy Tea 100% Organic. From $29.9',NULL,'brands/2.png','published',1,1,'2024-01-06 17:16:37','2024-01-06 17:16:37'),(3,'Soda Brand','Fresh Meat Sausage. BUY 2 GET 1!',NULL,'brands/3.png','published',2,1,'2024-01-06 17:16:37','2024-01-06 17:16:37'),(4,'Farmart','Fresh Meat Sausage. BUY 2 GET 1!',NULL,'brands/4.png','published',3,1,'2024-01-06 17:16:37','2024-01-06 17:16:37'),(5,'Soda Brand','Fresh Meat Sausage. BUY 2 GET 1!',NULL,'brands/3.png','published',4,1,'2024-01-06 17:16:37','2024-01-06 17:16:37');
/*!40000 ALTER TABLE `ec_brands` ENABLE KEYS */;
UNLOCK TABLES;

--
-- Table structure for table `ec_brands_translations`
--

DROP TABLE IF EXISTS `ec_brands_translations`;
/*!40101 SET @saved_cs_client     = @@character_set_client */;
/*!50503 SET character_set_client = utf8mb4 */;
CREATE TABLE `ec_brands_translations` (
  `lang_code` varchar(191) COLLATE utf8mb4_unicode_ci NOT NULL,
  `ec_brands_id` bigint unsigned NOT NULL,
  `name` varchar(191) COLLATE utf8mb4_unicode_ci DEFAULT NULL,
  `description` varchar(191) COLLATE utf8mb4_unicode_ci DEFAULT NULL,
  PRIMARY KEY (`lang_code`,`ec_brands_id`)
) ENGINE=InnoDB DEFAULT CHARSET=utf8mb4 COLLATE=utf8mb4_unicode_ci;
/*!40101 SET character_set_client = @saved_cs_client */;

--
-- Dumping data for table `ec_brands_translations`
--

LOCK TABLES `ec_brands_translations` WRITE;
/*!40000 ALTER TABLE `ec_brands_translations` DISABLE KEYS */;
/*!40000 ALTER TABLE `ec_brands_translations` ENABLE KEYS */;
UNLOCK TABLES;

--
-- Table structure for table `ec_cart`
--

DROP TABLE IF EXISTS `ec_cart`;
/*!40101 SET @saved_cs_client     = @@character_set_client */;
/*!50503 SET character_set_client = utf8mb4 */;
CREATE TABLE `ec_cart` (
  `identifier` varchar(60) COLLATE utf8mb4_unicode_ci NOT NULL,
  `instance` varchar(60) COLLATE utf8mb4_unicode_ci NOT NULL,
  `content` longtext COLLATE utf8mb4_unicode_ci NOT NULL,
  `created_at` timestamp NULL DEFAULT NULL,
  `updated_at` timestamp NULL DEFAULT NULL,
  PRIMARY KEY (`identifier`,`instance`)
) ENGINE=InnoDB DEFAULT CHARSET=utf8mb4 COLLATE=utf8mb4_unicode_ci;
/*!40101 SET character_set_client = @saved_cs_client */;

--
-- Dumping data for table `ec_cart`
--

LOCK TABLES `ec_cart` WRITE;
/*!40000 ALTER TABLE `ec_cart` DISABLE KEYS */;
/*!40000 ALTER TABLE `ec_cart` ENABLE KEYS */;
UNLOCK TABLES;

--
-- Table structure for table `ec_currencies`
--

DROP TABLE IF EXISTS `ec_currencies`;
/*!40101 SET @saved_cs_client     = @@character_set_client */;
/*!50503 SET character_set_client = utf8mb4 */;
CREATE TABLE `ec_currencies` (
  `id` bigint unsigned NOT NULL AUTO_INCREMENT,
  `title` varchar(191) COLLATE utf8mb4_unicode_ci NOT NULL,
  `symbol` varchar(10) COLLATE utf8mb4_unicode_ci NOT NULL,
  `is_prefix_symbol` tinyint unsigned NOT NULL DEFAULT '0',
  `decimals` tinyint unsigned DEFAULT '0',
  `order` int unsigned DEFAULT '0',
  `is_default` tinyint NOT NULL DEFAULT '0',
  `exchange_rate` double NOT NULL DEFAULT '1',
  `created_at` timestamp NULL DEFAULT NULL,
  `updated_at` timestamp NULL DEFAULT NULL,
  PRIMARY KEY (`id`)
) ENGINE=InnoDB AUTO_INCREMENT=4 DEFAULT CHARSET=utf8mb4 COLLATE=utf8mb4_unicode_ci;
/*!40101 SET character_set_client = @saved_cs_client */;

--
-- Dumping data for table `ec_currencies`
--

LOCK TABLES `ec_currencies` WRITE;
/*!40000 ALTER TABLE `ec_currencies` DISABLE KEYS */;
INSERT INTO `ec_currencies` VALUES (1,'USD','$',1,2,0,1,1,'2024-01-06 17:16:37','2024-01-06 17:16:37'),(2,'EUR','€',0,2,1,0,0.84,'2024-01-06 17:16:37','2024-01-06 17:16:37'),(3,'VND','₫',0,0,2,0,23203,'2024-01-06 17:16:37','2024-01-06 17:16:37');
/*!40000 ALTER TABLE `ec_currencies` ENABLE KEYS */;
UNLOCK TABLES;

--
-- Table structure for table `ec_customer_addresses`
--

DROP TABLE IF EXISTS `ec_customer_addresses`;
/*!40101 SET @saved_cs_client     = @@character_set_client */;
/*!50503 SET character_set_client = utf8mb4 */;
CREATE TABLE `ec_customer_addresses` (
  `id` bigint unsigned NOT NULL AUTO_INCREMENT,
  `name` varchar(191) COLLATE utf8mb4_unicode_ci NOT NULL,
  `email` varchar(60) COLLATE utf8mb4_unicode_ci DEFAULT NULL,
  `phone` varchar(20) COLLATE utf8mb4_unicode_ci DEFAULT NULL,
  `country` varchar(120) COLLATE utf8mb4_unicode_ci DEFAULT NULL,
  `state` varchar(120) COLLATE utf8mb4_unicode_ci DEFAULT NULL,
  `city` varchar(120) COLLATE utf8mb4_unicode_ci DEFAULT NULL,
  `address` varchar(255) COLLATE utf8mb4_unicode_ci DEFAULT NULL,
  `customer_id` bigint unsigned NOT NULL,
  `is_default` tinyint unsigned NOT NULL DEFAULT '0',
  `created_at` timestamp NULL DEFAULT NULL,
  `updated_at` timestamp NULL DEFAULT NULL,
  `zip_code` varchar(20) COLLATE utf8mb4_unicode_ci DEFAULT NULL,
  PRIMARY KEY (`id`)
) ENGINE=InnoDB AUTO_INCREMENT=13 DEFAULT CHARSET=utf8mb4 COLLATE=utf8mb4_unicode_ci;
/*!40101 SET character_set_client = @saved_cs_client */;

--
-- Dumping data for table `ec_customer_addresses`
--

LOCK TABLES `ec_customer_addresses` WRITE;
/*!40000 ALTER TABLE `ec_customer_addresses` DISABLE KEYS */;
INSERT INTO `ec_customer_addresses` VALUES (1,'Rachel Leuschke Sr.','customer@botble.com','+17267355670','SM','Oregon','Lake Zane','7093 Arno Manor Suite 345',1,1,'2024-01-06 17:16:48','2024-01-06 17:16:48','21705-3034'),(2,'Rachel Leuschke Sr.','customer@botble.com','+19802240154','NR','Washington','West Viviannehaven','133 Brain Falls Apt. 236',1,0,'2024-01-06 17:16:48','2024-01-06 17:16:48','25039-4945'),(3,'Nicolas Torphy','vendor@botble.com','+14195251622','AR','Nebraska','Amparohaven','741 Buckridge Road',2,1,'2024-01-06 17:16:48','2024-01-06 17:16:48','44310-1737'),(4,'Nicolas Torphy','vendor@botble.com','+17573297828','MS','Arizona','South Duncanberg','840 Bode Knoll Suite 598',2,0,'2024-01-06 17:16:48','2024-01-06 17:16:48','77131-9905'),(5,'Mrs. Arvilla Crist','kip.steuber@example.net','+13858007511','AX','Iowa','Lake Isabellbury','251 Jake Harbor Apt. 698',3,1,'2024-01-06 17:16:48','2024-01-06 17:16:48','79576-9512'),(6,'Myra Hyatt','lukas.mcdermott@example.org','+14074062815','BM','Nevada','Dustyberg','367 O\'Kon Shores',4,1,'2024-01-06 17:16:48','2024-01-06 17:16:48','51813'),(7,'Demond Kuvalis','fadel.deshaun@example.com','+17478900701','GD','Georgia','Lake Pink','150 Jerde Circles Suite 094',5,1,'2024-01-06 17:16:49','2024-01-06 17:16:49','33897'),(8,'Prof. Valentina Sporer','pferry@example.org','+12698552014','EH','West Virginia','New Ford','654 Welch Stravenue',6,1,'2024-01-06 17:16:49','2024-01-06 17:16:49','05366-7316'),(9,'Mr. Lesley Howell','cindy.denesik@example.org','+16103172008','GI','Wyoming','East Tamiaton','18641 Hessel Manor',7,1,'2024-01-06 17:16:49','2024-01-06 17:16:49','31018-2932'),(10,'Elian Dooley','aglae.schulist@example.net','+18202790173','IE','Wyoming','Monahanburgh','311 Bradtke Place Apt. 652',8,1,'2024-01-06 17:16:49','2024-01-06 17:16:49','02322-8720'),(11,'Ms. Minnie Will Jr.','bernard.streich@example.net','+15203935508','GD','West Virginia','Port Rozellamouth','3732 Shannon Wells Apt. 973',9,1,'2024-01-06 17:16:50','2024-01-06 17:16:50','68249-3362'),(12,'Aurelia Jerde V','hoconnell@example.org','+14847089424','BM','South Dakota','New Laurianne','3590 Jakob Stravenue Apt. 843',10,1,'2024-01-06 17:16:50','2024-01-06 17:16:50','66482');
/*!40000 ALTER TABLE `ec_customer_addresses` ENABLE KEYS */;
UNLOCK TABLES;

--
-- Table structure for table `ec_customer_password_resets`
--

DROP TABLE IF EXISTS `ec_customer_password_resets`;
/*!40101 SET @saved_cs_client     = @@character_set_client */;
/*!50503 SET character_set_client = utf8mb4 */;
CREATE TABLE `ec_customer_password_resets` (
  `email` varchar(191) COLLATE utf8mb4_unicode_ci NOT NULL,
  `token` varchar(191) COLLATE utf8mb4_unicode_ci NOT NULL,
  `created_at` timestamp NULL DEFAULT NULL,
  KEY `ec_customer_password_resets_email_index` (`email`),
  KEY `ec_customer_password_resets_token_index` (`token`)
) ENGINE=InnoDB DEFAULT CHARSET=utf8mb4 COLLATE=utf8mb4_unicode_ci;
/*!40101 SET character_set_client = @saved_cs_client */;

--
-- Dumping data for table `ec_customer_password_resets`
--

LOCK TABLES `ec_customer_password_resets` WRITE;
/*!40000 ALTER TABLE `ec_customer_password_resets` DISABLE KEYS */;
/*!40000 ALTER TABLE `ec_customer_password_resets` ENABLE KEYS */;
UNLOCK TABLES;

--
-- Table structure for table `ec_customer_recently_viewed_products`
--

DROP TABLE IF EXISTS `ec_customer_recently_viewed_products`;
/*!40101 SET @saved_cs_client     = @@character_set_client */;
/*!50503 SET character_set_client = utf8mb4 */;
CREATE TABLE `ec_customer_recently_viewed_products` (
  `id` bigint unsigned NOT NULL AUTO_INCREMENT,
  `customer_id` bigint unsigned NOT NULL,
  `product_id` bigint unsigned NOT NULL,
  PRIMARY KEY (`id`)
) ENGINE=InnoDB DEFAULT CHARSET=utf8mb4 COLLATE=utf8mb4_unicode_ci;
/*!40101 SET character_set_client = @saved_cs_client */;

--
-- Dumping data for table `ec_customer_recently_viewed_products`
--

LOCK TABLES `ec_customer_recently_viewed_products` WRITE;
/*!40000 ALTER TABLE `ec_customer_recently_viewed_products` DISABLE KEYS */;
/*!40000 ALTER TABLE `ec_customer_recently_viewed_products` ENABLE KEYS */;
UNLOCK TABLES;

--
-- Table structure for table `ec_customer_used_coupons`
--

DROP TABLE IF EXISTS `ec_customer_used_coupons`;
/*!40101 SET @saved_cs_client     = @@character_set_client */;
/*!50503 SET character_set_client = utf8mb4 */;
CREATE TABLE `ec_customer_used_coupons` (
  `discount_id` bigint unsigned NOT NULL,
  `customer_id` bigint unsigned NOT NULL,
  PRIMARY KEY (`discount_id`,`customer_id`)
) ENGINE=InnoDB DEFAULT CHARSET=utf8mb4 COLLATE=utf8mb4_unicode_ci;
/*!40101 SET character_set_client = @saved_cs_client */;

--
-- Dumping data for table `ec_customer_used_coupons`
--

LOCK TABLES `ec_customer_used_coupons` WRITE;
/*!40000 ALTER TABLE `ec_customer_used_coupons` DISABLE KEYS */;
/*!40000 ALTER TABLE `ec_customer_used_coupons` ENABLE KEYS */;
UNLOCK TABLES;

--
-- Table structure for table `ec_customers`
--

DROP TABLE IF EXISTS `ec_customers`;
/*!40101 SET @saved_cs_client     = @@character_set_client */;
/*!50503 SET character_set_client = utf8mb4 */;
CREATE TABLE `ec_customers` (
  `id` bigint unsigned NOT NULL AUTO_INCREMENT,
  `name` varchar(191) COLLATE utf8mb4_unicode_ci NOT NULL,
  `email` varchar(191) COLLATE utf8mb4_unicode_ci NOT NULL,
  `password` varchar(191) COLLATE utf8mb4_unicode_ci NOT NULL,
  `avatar` varchar(255) COLLATE utf8mb4_unicode_ci DEFAULT NULL,
  `dob` date DEFAULT NULL,
  `phone` varchar(20) COLLATE utf8mb4_unicode_ci DEFAULT NULL,
  `remember_token` varchar(100) COLLATE utf8mb4_unicode_ci DEFAULT NULL,
  `created_at` timestamp NULL DEFAULT NULL,
  `updated_at` timestamp NULL DEFAULT NULL,
  `confirmed_at` datetime DEFAULT NULL,
  `email_verify_token` varchar(120) COLLATE utf8mb4_unicode_ci DEFAULT NULL,
  `status` varchar(60) COLLATE utf8mb4_unicode_ci NOT NULL DEFAULT 'activated',
  `private_notes` text COLLATE utf8mb4_unicode_ci,
  `is_vendor` tinyint(1) NOT NULL DEFAULT '0',
  `vendor_verified_at` datetime DEFAULT NULL,
  PRIMARY KEY (`id`),
  UNIQUE KEY `ec_customers_email_unique` (`email`)
) ENGINE=InnoDB AUTO_INCREMENT=11 DEFAULT CHARSET=utf8mb4 COLLATE=utf8mb4_unicode_ci;
/*!40101 SET character_set_client = @saved_cs_client */;

--
-- Dumping data for table `ec_customers`
--

LOCK TABLES `ec_customers` WRITE;
/*!40000 ALTER TABLE `ec_customers` DISABLE KEYS */;
INSERT INTO `ec_customers` VALUES (1,'Rachel Leuschke Sr.','customer@botble.com','$2y$12$1xSO/vQOZvv2Ntj/6IINOO5I/2OWPZ8ijWDmCDde.iAnHH2pUDOBS','customers/5.jpg','1981-01-02','+16189121956',NULL,'2024-01-06 17:16:48','2024-01-06 17:16:52','2024-01-07 00:16:47',NULL,'activated',NULL,1,'2024-01-07 00:16:52'),(2,'Nicolas Torphy','vendor@botble.com','$2y$12$wLhrhseEbHnhxjAZH60hkeUXFxJJF5Te2lsvmV85p09aLz7yVavnS','customers/10.jpg','1977-12-19','+15318049010',NULL,'2024-01-06 17:16:48','2024-01-06 17:16:53','2024-01-07 00:16:47',NULL,'activated',NULL,1,'2024-01-07 00:16:53'),(3,'Mrs. Arvilla Crist','kip.steuber@example.net','$2y$12$xbtF41PHiuAfi8FO424eRuVWZSBinLfiTyMIDYfKr91WYPCE.DZ6W','customers/1.jpg','1995-12-25','+15674946955',NULL,'2024-01-06 17:16:48','2024-01-06 17:16:53','2024-01-07 00:16:47',NULL,'activated',NULL,1,'2024-01-07 00:16:53'),(4,'Myra Hyatt','lukas.mcdermott@example.org','$2y$12$iGKh/7zwrLGVuSdGOtmYJOqLu/GKqzjz9TGXJPgNd2dv3g4qZhxFK','customers/2.jpg','1978-12-19','+19897998935',NULL,'2024-01-06 17:16:48','2024-01-06 17:16:53','2024-01-07 00:16:47',NULL,'activated',NULL,1,'2024-01-07 00:16:53'),(5,'Demond Kuvalis','fadel.deshaun@example.com','$2y$12$1K4Zr5DcQxq8PrO9FWo8LO4YCCSn6SviVbyO6GpHQ7WcnwXWCuK2y','customers/3.jpg','1989-12-22','+15202407357',NULL,'2024-01-06 17:16:49','2024-01-06 17:16:53','2024-01-07 00:16:47',NULL,'activated',NULL,1,'2024-01-07 00:16:53'),(6,'Prof. Valentina Sporer','pferry@example.org','$2y$12$tI5lBDC3dE7vdX6UBeUGFeca2nnJB2Oleue7w2z0jj/CKN2l0BV6O','customers/4.jpg','2002-12-08','+18302367606',NULL,'2024-01-06 17:16:49','2024-01-06 17:16:54','2024-01-07 00:16:47',NULL,'activated',NULL,1,'2024-01-07 00:16:54'),(7,'Mr. Lesley Howell','cindy.denesik@example.org','$2y$12$j4JlatYI5TV0O3Cwi6.PEONuO/2FLxpxW3X6yfm67UDNFgI1WhvpG','customers/5.jpg','1978-12-13','+19494981435',NULL,'2024-01-06 17:16:49','2024-01-06 17:16:54','2024-01-07 00:16:47',NULL,'activated',NULL,1,'2024-01-07 00:16:54'),(8,'Elian Dooley','aglae.schulist@example.net','$2y$12$La6xCj127ogRTXngKyPUzexJ4LNZr8cHdXOer7F7kAwxTXj2Vq1JS','customers/6.jpg','1977-12-08','+12812462188',NULL,'2024-01-06 17:16:49','2024-01-06 17:16:54','2024-01-07 00:16:47',NULL,'activated',NULL,1,'2024-01-07 00:16:54'),(9,'Ms. Minnie Will Jr.','bernard.streich@example.net','$2y$12$9X08gDqZLiPNUwj1zVymDOVcu4DWpZSTCYwJZ.Ud65pEJsm0Ket/G','customers/7.jpg','2002-12-23','+14807170203',NULL,'2024-01-06 17:16:50','2024-01-06 17:16:55','2024-01-07 00:16:47',NULL,'activated',NULL,0,NULL),(10,'Aurelia Jerde V','hoconnell@example.org','$2y$12$6MX60NrI/dsCQDUZqbed.uJezGK0lMP7ITDcYl7HCkpsrF/qmbfUe','customers/8.jpg','1994-12-11','+19798604109',NULL,'2024-01-06 17:16:50','2024-01-06 17:16:55','2024-01-07 00:16:47',NULL,'activated',NULL,0,NULL);
/*!40000 ALTER TABLE `ec_customers` ENABLE KEYS */;
UNLOCK TABLES;

--
-- Table structure for table `ec_discount_customers`
--

DROP TABLE IF EXISTS `ec_discount_customers`;
/*!40101 SET @saved_cs_client     = @@character_set_client */;
/*!50503 SET character_set_client = utf8mb4 */;
CREATE TABLE `ec_discount_customers` (
  `discount_id` bigint unsigned NOT NULL,
  `customer_id` bigint unsigned NOT NULL,
  PRIMARY KEY (`discount_id`,`customer_id`)
) ENGINE=InnoDB DEFAULT CHARSET=utf8mb4 COLLATE=utf8mb4_unicode_ci;
/*!40101 SET character_set_client = @saved_cs_client */;

--
-- Dumping data for table `ec_discount_customers`
--

LOCK TABLES `ec_discount_customers` WRITE;
/*!40000 ALTER TABLE `ec_discount_customers` DISABLE KEYS */;
/*!40000 ALTER TABLE `ec_discount_customers` ENABLE KEYS */;
UNLOCK TABLES;

--
-- Table structure for table `ec_discount_product_categories`
--

DROP TABLE IF EXISTS `ec_discount_product_categories`;
/*!40101 SET @saved_cs_client     = @@character_set_client */;
/*!50503 SET character_set_client = utf8mb4 */;
CREATE TABLE `ec_discount_product_categories` (
  `discount_id` bigint unsigned NOT NULL,
  `product_category_id` bigint unsigned NOT NULL,
  PRIMARY KEY (`discount_id`,`product_category_id`)
) ENGINE=InnoDB DEFAULT CHARSET=utf8mb4 COLLATE=utf8mb4_unicode_ci;
/*!40101 SET character_set_client = @saved_cs_client */;

--
-- Dumping data for table `ec_discount_product_categories`
--

LOCK TABLES `ec_discount_product_categories` WRITE;
/*!40000 ALTER TABLE `ec_discount_product_categories` DISABLE KEYS */;
/*!40000 ALTER TABLE `ec_discount_product_categories` ENABLE KEYS */;
UNLOCK TABLES;

--
-- Table structure for table `ec_discount_product_collections`
--

DROP TABLE IF EXISTS `ec_discount_product_collections`;
/*!40101 SET @saved_cs_client     = @@character_set_client */;
/*!50503 SET character_set_client = utf8mb4 */;
CREATE TABLE `ec_discount_product_collections` (
  `discount_id` bigint unsigned NOT NULL,
  `product_collection_id` bigint unsigned NOT NULL,
  PRIMARY KEY (`discount_id`,`product_collection_id`)
) ENGINE=InnoDB DEFAULT CHARSET=utf8mb4 COLLATE=utf8mb4_unicode_ci;
/*!40101 SET character_set_client = @saved_cs_client */;

--
-- Dumping data for table `ec_discount_product_collections`
--

LOCK TABLES `ec_discount_product_collections` WRITE;
/*!40000 ALTER TABLE `ec_discount_product_collections` DISABLE KEYS */;
/*!40000 ALTER TABLE `ec_discount_product_collections` ENABLE KEYS */;
UNLOCK TABLES;

--
-- Table structure for table `ec_discount_products`
--

DROP TABLE IF EXISTS `ec_discount_products`;
/*!40101 SET @saved_cs_client     = @@character_set_client */;
/*!50503 SET character_set_client = utf8mb4 */;
CREATE TABLE `ec_discount_products` (
  `discount_id` bigint unsigned NOT NULL,
  `product_id` bigint unsigned NOT NULL,
  PRIMARY KEY (`discount_id`,`product_id`)
) ENGINE=InnoDB DEFAULT CHARSET=utf8mb4 COLLATE=utf8mb4_unicode_ci;
/*!40101 SET character_set_client = @saved_cs_client */;

--
-- Dumping data for table `ec_discount_products`
--

LOCK TABLES `ec_discount_products` WRITE;
/*!40000 ALTER TABLE `ec_discount_products` DISABLE KEYS */;
/*!40000 ALTER TABLE `ec_discount_products` ENABLE KEYS */;
UNLOCK TABLES;

--
-- Table structure for table `ec_discounts`
--

DROP TABLE IF EXISTS `ec_discounts`;
/*!40101 SET @saved_cs_client     = @@character_set_client */;
/*!50503 SET character_set_client = utf8mb4 */;
CREATE TABLE `ec_discounts` (
  `id` bigint unsigned NOT NULL AUTO_INCREMENT,
  `title` varchar(120) COLLATE utf8mb4_unicode_ci DEFAULT NULL,
  `code` varchar(20) COLLATE utf8mb4_unicode_ci DEFAULT NULL,
  `start_date` datetime DEFAULT NULL,
  `end_date` datetime DEFAULT NULL,
  `quantity` int DEFAULT NULL,
  `total_used` int unsigned NOT NULL DEFAULT '0',
  `value` double DEFAULT NULL,
  `type` varchar(60) COLLATE utf8mb4_unicode_ci DEFAULT 'coupon',
  `can_use_with_promotion` tinyint(1) NOT NULL DEFAULT '0',
  `discount_on` varchar(20) COLLATE utf8mb4_unicode_ci DEFAULT NULL,
  `product_quantity` int unsigned DEFAULT NULL,
  `type_option` varchar(100) COLLATE utf8mb4_unicode_ci NOT NULL DEFAULT 'amount',
  `target` varchar(100) COLLATE utf8mb4_unicode_ci NOT NULL DEFAULT 'all-orders',
  `min_order_price` decimal(15,2) DEFAULT NULL,
  `apply_via_url` tinyint(1) NOT NULL DEFAULT '0',
  `display_at_checkout` tinyint(1) NOT NULL DEFAULT '0',
  `created_at` timestamp NULL DEFAULT NULL,
  `updated_at` timestamp NULL DEFAULT NULL,
  `description` varchar(191) COLLATE utf8mb4_unicode_ci DEFAULT NULL,
  `store_id` bigint unsigned DEFAULT NULL,
  PRIMARY KEY (`id`),
  UNIQUE KEY `ec_discounts_code_unique` (`code`)
) ENGINE=InnoDB DEFAULT CHARSET=utf8mb4 COLLATE=utf8mb4_unicode_ci;
/*!40101 SET character_set_client = @saved_cs_client */;

--
-- Dumping data for table `ec_discounts`
--

LOCK TABLES `ec_discounts` WRITE;
/*!40000 ALTER TABLE `ec_discounts` DISABLE KEYS */;
/*!40000 ALTER TABLE `ec_discounts` ENABLE KEYS */;
UNLOCK TABLES;

--
-- Table structure for table `ec_flash_sale_products`
--

DROP TABLE IF EXISTS `ec_flash_sale_products`;
/*!40101 SET @saved_cs_client     = @@character_set_client */;
/*!50503 SET character_set_client = utf8mb4 */;
CREATE TABLE `ec_flash_sale_products` (
  `flash_sale_id` bigint unsigned NOT NULL,
  `product_id` bigint unsigned NOT NULL,
  `price` double unsigned DEFAULT NULL,
  `quantity` int unsigned DEFAULT NULL,
  `sold` int unsigned NOT NULL DEFAULT '0'
) ENGINE=InnoDB DEFAULT CHARSET=utf8mb4 COLLATE=utf8mb4_unicode_ci;
/*!40101 SET character_set_client = @saved_cs_client */;

--
-- Dumping data for table `ec_flash_sale_products`
--

LOCK TABLES `ec_flash_sale_products` WRITE;
/*!40000 ALTER TABLE `ec_flash_sale_products` DISABLE KEYS */;
INSERT INTO `ec_flash_sale_products` VALUES (1,1,37.7175,11,1),(1,2,35.64,12,2),(1,3,8,19,2),(1,4,274.3624,12,5),(1,5,572.22,18,2),(1,6,247.35,12,2),(1,7,288.4,6,1),(1,8,713.9964,6,4),(1,9,239.4,18,3),(1,10,736.45,12,5);
/*!40000 ALTER TABLE `ec_flash_sale_products` ENABLE KEYS */;
UNLOCK TABLES;

--
-- Table structure for table `ec_flash_sales`
--

DROP TABLE IF EXISTS `ec_flash_sales`;
/*!40101 SET @saved_cs_client     = @@character_set_client */;
/*!50503 SET character_set_client = utf8mb4 */;
CREATE TABLE `ec_flash_sales` (
  `id` bigint unsigned NOT NULL AUTO_INCREMENT,
  `name` varchar(255) COLLATE utf8mb4_unicode_ci NOT NULL,
  `end_date` datetime NOT NULL,
  `status` varchar(60) COLLATE utf8mb4_unicode_ci NOT NULL DEFAULT 'published',
  `created_at` timestamp NULL DEFAULT NULL,
  `updated_at` timestamp NULL DEFAULT NULL,
  PRIMARY KEY (`id`)
) ENGINE=InnoDB AUTO_INCREMENT=2 DEFAULT CHARSET=utf8mb4 COLLATE=utf8mb4_unicode_ci;
/*!40101 SET character_set_client = @saved_cs_client */;

--
-- Dumping data for table `ec_flash_sales`
--

LOCK TABLES `ec_flash_sales` WRITE;
/*!40000 ALTER TABLE `ec_flash_sales` DISABLE KEYS */;
INSERT INTO `ec_flash_sales` VALUES (1,'Winter Sale','2024-02-06 00:00:00','published','2024-01-06 17:16:50','2024-01-06 17:16:50');
/*!40000 ALTER TABLE `ec_flash_sales` ENABLE KEYS */;
UNLOCK TABLES;

--
-- Table structure for table `ec_flash_sales_translations`
--

DROP TABLE IF EXISTS `ec_flash_sales_translations`;
/*!40101 SET @saved_cs_client     = @@character_set_client */;
/*!50503 SET character_set_client = utf8mb4 */;
CREATE TABLE `ec_flash_sales_translations` (
  `lang_code` varchar(191) COLLATE utf8mb4_unicode_ci NOT NULL,
  `ec_flash_sales_id` bigint unsigned NOT NULL,
  `name` varchar(191) COLLATE utf8mb4_unicode_ci DEFAULT NULL,
  PRIMARY KEY (`lang_code`,`ec_flash_sales_id`)
) ENGINE=InnoDB DEFAULT CHARSET=utf8mb4 COLLATE=utf8mb4_unicode_ci;
/*!40101 SET character_set_client = @saved_cs_client */;

--
-- Dumping data for table `ec_flash_sales_translations`
--

LOCK TABLES `ec_flash_sales_translations` WRITE;
/*!40000 ALTER TABLE `ec_flash_sales_translations` DISABLE KEYS */;
/*!40000 ALTER TABLE `ec_flash_sales_translations` ENABLE KEYS */;
UNLOCK TABLES;

--
-- Table structure for table `ec_global_option_value`
--

DROP TABLE IF EXISTS `ec_global_option_value`;
/*!40101 SET @saved_cs_client     = @@character_set_client */;
/*!50503 SET character_set_client = utf8mb4 */;
CREATE TABLE `ec_global_option_value` (
  `option_id` bigint unsigned NOT NULL COMMENT 'option id',
  `id` bigint unsigned NOT NULL AUTO_INCREMENT,
  `option_value` tinytext COLLATE utf8mb4_unicode_ci COMMENT 'option value',
  `affect_price` double DEFAULT NULL COMMENT 'value of price of this option affect',
  `order` int NOT NULL DEFAULT '9999',
  `affect_type` tinyint NOT NULL DEFAULT '0' COMMENT '0. fixed 1. percent',
  `created_at` timestamp NULL DEFAULT NULL,
  `updated_at` timestamp NULL DEFAULT NULL,
  PRIMARY KEY (`id`)
) ENGINE=InnoDB AUTO_INCREMENT=13 DEFAULT CHARSET=utf8mb4 COLLATE=utf8mb4_unicode_ci;
/*!40101 SET character_set_client = @saved_cs_client */;

--
-- Dumping data for table `ec_global_option_value`
--

LOCK TABLES `ec_global_option_value` WRITE;
/*!40000 ALTER TABLE `ec_global_option_value` DISABLE KEYS */;
INSERT INTO `ec_global_option_value` VALUES (1,1,'1 Year',0,9999,0,'2024-01-06 17:16:52','2024-01-06 17:16:52'),(1,2,'2 Year',10,9999,0,'2024-01-06 17:16:52','2024-01-06 17:16:52'),(1,3,'3 Year',20,9999,0,'2024-01-06 17:16:52','2024-01-06 17:16:52'),(2,4,'4GB',0,9999,0,'2024-01-06 17:16:52','2024-01-06 17:16:52'),(2,5,'8GB',10,9999,0,'2024-01-06 17:16:52','2024-01-06 17:16:52'),(2,6,'16GB',20,9999,0,'2024-01-06 17:16:52','2024-01-06 17:16:52'),(3,7,'Core i5',0,9999,0,'2024-01-06 17:16:52','2024-01-06 17:16:52'),(3,8,'Core i7',10,9999,0,'2024-01-06 17:16:52','2024-01-06 17:16:52'),(3,9,'Core i9',20,9999,0,'2024-01-06 17:16:52','2024-01-06 17:16:52'),(4,10,'128GB',0,9999,0,'2024-01-06 17:16:52','2024-01-06 17:16:52'),(4,11,'256GB',10,9999,0,'2024-01-06 17:16:52','2024-01-06 17:16:52'),(4,12,'512GB',20,9999,0,'2024-01-06 17:16:52','2024-01-06 17:16:52');
/*!40000 ALTER TABLE `ec_global_option_value` ENABLE KEYS */;
UNLOCK TABLES;

--
-- Table structure for table `ec_global_option_value_translations`
--

DROP TABLE IF EXISTS `ec_global_option_value_translations`;
/*!40101 SET @saved_cs_client     = @@character_set_client */;
/*!50503 SET character_set_client = utf8mb4 */;
CREATE TABLE `ec_global_option_value_translations` (
  `lang_code` varchar(191) COLLATE utf8mb4_unicode_ci NOT NULL,
  `ec_global_option_value_id` bigint unsigned NOT NULL,
  `option_value` varchar(255) COLLATE utf8mb4_unicode_ci DEFAULT NULL,
  PRIMARY KEY (`lang_code`,`ec_global_option_value_id`)
) ENGINE=InnoDB DEFAULT CHARSET=utf8mb4 COLLATE=utf8mb4_unicode_ci;
/*!40101 SET character_set_client = @saved_cs_client */;

--
-- Dumping data for table `ec_global_option_value_translations`
--

LOCK TABLES `ec_global_option_value_translations` WRITE;
/*!40000 ALTER TABLE `ec_global_option_value_translations` DISABLE KEYS */;
/*!40000 ALTER TABLE `ec_global_option_value_translations` ENABLE KEYS */;
UNLOCK TABLES;

--
-- Table structure for table `ec_global_options`
--

DROP TABLE IF EXISTS `ec_global_options`;
/*!40101 SET @saved_cs_client     = @@character_set_client */;
/*!50503 SET character_set_client = utf8mb4 */;
CREATE TABLE `ec_global_options` (
  `id` bigint unsigned NOT NULL AUTO_INCREMENT,
  `name` varchar(191) COLLATE utf8mb4_unicode_ci NOT NULL COMMENT 'Name of options',
  `option_type` varchar(191) COLLATE utf8mb4_unicode_ci NOT NULL COMMENT 'option type',
  `required` tinyint(1) NOT NULL DEFAULT '0' COMMENT 'Checked if this option is required',
  `created_at` timestamp NULL DEFAULT NULL,
  `updated_at` timestamp NULL DEFAULT NULL,
  PRIMARY KEY (`id`)
) ENGINE=InnoDB AUTO_INCREMENT=5 DEFAULT CHARSET=utf8mb4 COLLATE=utf8mb4_unicode_ci;
/*!40101 SET character_set_client = @saved_cs_client */;

--
-- Dumping data for table `ec_global_options`
--

LOCK TABLES `ec_global_options` WRITE;
/*!40000 ALTER TABLE `ec_global_options` DISABLE KEYS */;
INSERT INTO `ec_global_options` VALUES (1,'Warranty','Botble\\Ecommerce\\Option\\OptionType\\RadioButton',1,'2024-01-06 17:16:52','2024-01-06 17:16:52'),(2,'RAM','Botble\\Ecommerce\\Option\\OptionType\\RadioButton',1,'2024-01-06 17:16:52','2024-01-06 17:16:52'),(3,'CPU','Botble\\Ecommerce\\Option\\OptionType\\RadioButton',1,'2024-01-06 17:16:52','2024-01-06 17:16:52'),(4,'HDD','Botble\\Ecommerce\\Option\\OptionType\\Dropdown',0,'2024-01-06 17:16:52','2024-01-06 17:16:52');
/*!40000 ALTER TABLE `ec_global_options` ENABLE KEYS */;
UNLOCK TABLES;

--
-- Table structure for table `ec_global_options_translations`
--

DROP TABLE IF EXISTS `ec_global_options_translations`;
/*!40101 SET @saved_cs_client     = @@character_set_client */;
/*!50503 SET character_set_client = utf8mb4 */;
CREATE TABLE `ec_global_options_translations` (
  `lang_code` varchar(191) COLLATE utf8mb4_unicode_ci NOT NULL,
  `ec_global_options_id` bigint unsigned NOT NULL,
  `name` varchar(255) COLLATE utf8mb4_unicode_ci DEFAULT NULL,
  PRIMARY KEY (`lang_code`,`ec_global_options_id`)
) ENGINE=InnoDB DEFAULT CHARSET=utf8mb4 COLLATE=utf8mb4_unicode_ci;
/*!40101 SET character_set_client = @saved_cs_client */;

--
-- Dumping data for table `ec_global_options_translations`
--

LOCK TABLES `ec_global_options_translations` WRITE;
/*!40000 ALTER TABLE `ec_global_options_translations` DISABLE KEYS */;
/*!40000 ALTER TABLE `ec_global_options_translations` ENABLE KEYS */;
UNLOCK TABLES;

--
-- Table structure for table `ec_grouped_products`
--

DROP TABLE IF EXISTS `ec_grouped_products`;
/*!40101 SET @saved_cs_client     = @@character_set_client */;
/*!50503 SET character_set_client = utf8mb4 */;
CREATE TABLE `ec_grouped_products` (
  `id` bigint unsigned NOT NULL AUTO_INCREMENT,
  `parent_product_id` bigint unsigned NOT NULL,
  `product_id` bigint unsigned NOT NULL,
  `fixed_qty` int NOT NULL DEFAULT '1',
  PRIMARY KEY (`id`)
) ENGINE=InnoDB DEFAULT CHARSET=utf8mb4 COLLATE=utf8mb4_unicode_ci;
/*!40101 SET character_set_client = @saved_cs_client */;

--
-- Dumping data for table `ec_grouped_products`
--

LOCK TABLES `ec_grouped_products` WRITE;
/*!40000 ALTER TABLE `ec_grouped_products` DISABLE KEYS */;
/*!40000 ALTER TABLE `ec_grouped_products` ENABLE KEYS */;
UNLOCK TABLES;

--
-- Table structure for table `ec_invoice_items`
--

DROP TABLE IF EXISTS `ec_invoice_items`;
/*!40101 SET @saved_cs_client     = @@character_set_client */;
/*!50503 SET character_set_client = utf8mb4 */;
CREATE TABLE `ec_invoice_items` (
  `id` bigint unsigned NOT NULL AUTO_INCREMENT,
  `invoice_id` bigint unsigned NOT NULL,
  `reference_type` varchar(191) COLLATE utf8mb4_unicode_ci NOT NULL,
  `reference_id` bigint unsigned NOT NULL,
  `name` varchar(191) COLLATE utf8mb4_unicode_ci NOT NULL,
  `description` varchar(191) COLLATE utf8mb4_unicode_ci DEFAULT NULL,
  `image` varchar(191) COLLATE utf8mb4_unicode_ci DEFAULT NULL,
  `qty` int unsigned NOT NULL,
  `price` decimal(15,2) NOT NULL DEFAULT '0.00',
  `sub_total` decimal(15,2) unsigned NOT NULL,
  `tax_amount` decimal(15,2) unsigned NOT NULL DEFAULT '0.00',
  `discount_amount` decimal(15,2) unsigned NOT NULL DEFAULT '0.00',
  `amount` decimal(15,2) unsigned NOT NULL,
  `options` text COLLATE utf8mb4_unicode_ci,
  `created_at` timestamp NULL DEFAULT NULL,
  `updated_at` timestamp NULL DEFAULT NULL,
  PRIMARY KEY (`id`),
  KEY `ec_invoice_items_reference_type_reference_id_index` (`reference_type`,`reference_id`)
) ENGINE=InnoDB AUTO_INCREMENT=67 DEFAULT CHARSET=utf8mb4 COLLATE=utf8mb4_unicode_ci;
/*!40101 SET character_set_client = @saved_cs_client */;

--
-- Dumping data for table `ec_invoice_items`
--

LOCK TABLES `ec_invoice_items` WRITE;
/*!40000 ALTER TABLE `ec_invoice_items` DISABLE KEYS */;
INSERT INTO `ec_invoice_items` VALUES (1,1,'Botble\\Ecommerce\\Models\\Product',74,'Beat Headphone',NULL,'products/3.jpg',1,20.00,20.00,0.00,0.00,20.00,'[]','2024-01-06 17:16:55','2024-01-06 17:16:55'),(2,2,'Botble\\Ecommerce\\Models\\Product',192,'Aptamil Follow On Baby Milk',NULL,'products/51.jpg',1,790.00,790.00,0.00,0.00,790.00,'[]','2024-01-06 17:16:56','2024-01-06 17:16:56'),(3,3,'Botble\\Ecommerce\\Models\\Product',70,'Smart Watches',NULL,'products/2-2.jpg',3,40.50,121.50,0.00,0.00,121.50,'[]','2024-01-06 17:16:56','2024-01-06 17:16:56'),(4,3,'Botble\\Ecommerce\\Models\\Product',84,'Smart Televisions',NULL,'products/8.jpg',2,1237.00,2474.00,0.00,0.00,2474.00,'[]','2024-01-06 17:16:56','2024-01-06 17:16:56'),(5,4,'Botble\\Ecommerce\\Models\\Product',192,'Aptamil Follow On Baby Milk',NULL,'products/51.jpg',2,790.00,1580.00,0.00,0.00,1580.00,'[]','2024-01-06 17:16:56','2024-01-06 17:16:56'),(6,5,'Botble\\Ecommerce\\Models\\Product',215,'Large Green Bell Pepper',NULL,'products/63.jpg',3,1299.00,3897.00,0.00,0.00,3897.00,'[]','2024-01-06 17:16:56','2024-01-06 17:16:56'),(7,6,'Botble\\Ecommerce\\Models\\Product',126,'Crock Pot Slow Cooker (Digital)',NULL,'products/25.jpg',1,1138.00,1138.00,0.00,0.00,1138.00,'[]','2024-01-06 17:16:56','2024-01-06 17:16:56'),(8,6,'Botble\\Ecommerce\\Models\\Product',179,'Famart Farmhouse Soft White',NULL,'products/47.jpg',1,715.00,715.00,0.00,0.00,715.00,'[]','2024-01-06 17:16:56','2024-01-06 17:16:56'),(9,7,'Botble\\Ecommerce\\Models\\Product',140,'Bar S – Classic Bun Length Franks',NULL,'products/30.jpg',1,1291.00,1291.00,0.00,0.00,1291.00,'[]','2024-01-06 17:16:57','2024-01-06 17:16:57'),(10,8,'Botble\\Ecommerce\\Models\\Product',147,'Häagen-Dazs Salted Caramel (Digital)',NULL,'products/33-1.jpg',2,1110.00,2220.00,0.00,0.00,2220.00,'[]','2024-01-06 17:16:57','2024-01-06 17:16:57'),(11,9,'Botble\\Ecommerce\\Models\\Product',98,'B&amp;O Play Mini Bluetooth Speaker',NULL,'products/14.jpg',1,575.00,575.00,0.00,0.00,575.00,'[]','2024-01-06 17:16:57','2024-01-06 17:16:57'),(12,10,'Botble\\Ecommerce\\Models\\Product',117,'MVMTH Classical Leather Watch In Black (Digital)',NULL,'products/21.jpg',3,877.00,2631.00,0.00,0.00,2631.00,'[]','2024-01-06 17:16:57','2024-01-06 17:16:57'),(13,11,'Botble\\Ecommerce\\Models\\Product',107,'Aveeno Moisturizing Body Shower 450ml',NULL,'products/18-1.jpg',1,1212.00,1212.00,0.00,0.00,1212.00,'[]','2024-01-06 17:16:57','2024-01-06 17:16:57'),(14,11,'Botble\\Ecommerce\\Models\\Product',191,'Aptamil Follow On Baby Milk',NULL,'products/51.jpg',1,790.00,790.00,0.00,0.00,790.00,'[]','2024-01-06 17:16:57','2024-01-06 17:16:57'),(15,12,'Botble\\Ecommerce\\Models\\Product',133,'Naked Noodle Egg Noodles Singapore',NULL,'products/28.jpg',3,852.00,2556.00,0.00,0.00,2556.00,'[]','2024-01-06 17:16:58','2024-01-06 17:16:58'),(16,13,'Botble\\Ecommerce\\Models\\Product',92,'Xbox One Wireless Controller Black Color',NULL,'products/11-2.jpg',2,1113.00,2226.00,0.00,0.00,2226.00,'[]','2024-01-06 17:16:58','2024-01-06 17:16:58'),(17,13,'Botble\\Ecommerce\\Models\\Product',177,'Bottled Pure Water 500ml',NULL,'products/46-1.jpg',2,771.00,1542.00,0.00,0.00,1542.00,'[]','2024-01-06 17:16:58','2024-01-06 17:16:58'),(18,14,'Botble\\Ecommerce\\Models\\Product',168,'Avocado, Hass Large',NULL,'products/43.jpg',2,611.00,1222.00,0.00,0.00,1222.00,'[]','2024-01-06 17:16:58','2024-01-06 17:16:58'),(19,15,'Botble\\Ecommerce\\Models\\Product',184,'Casillero Diablo Cabernet Sauvignon (Digital)',NULL,'products/49.jpg',3,1124.00,3372.00,0.00,0.00,3372.00,'[]','2024-01-06 17:16:58','2024-01-06 17:16:58'),(20,16,'Botble\\Ecommerce\\Models\\Product',163,'Miko The Panda Water Bottle',NULL,'products/40-1.jpg',2,1248.00,2496.00,0.00,0.00,2496.00,'[]','2024-01-06 17:16:58','2024-01-06 17:16:58'),(21,17,'Botble\\Ecommerce\\Models\\Product',207,'Iceland Spaghetti Bolognese',NULL,'products/60.jpg',3,644.00,1932.00,0.00,0.00,1932.00,'[]','2024-01-06 17:16:58','2024-01-06 17:16:58'),(22,18,'Botble\\Ecommerce\\Models\\Product',140,'Bar S – Classic Bun Length Franks',NULL,'products/30.jpg',2,1291.00,2582.00,0.00,0.00,2582.00,'[]','2024-01-06 17:16:59','2024-01-06 17:16:59'),(23,19,'Botble\\Ecommerce\\Models\\Product',142,'Broccoli Crowns',NULL,'products/31.jpg',3,993.00,2979.00,0.00,0.00,2979.00,'[]','2024-01-06 17:16:59','2024-01-06 17:16:59'),(24,20,'Botble\\Ecommerce\\Models\\Product',170,'Avocado, Hass Large',NULL,'products/43-2.jpg',1,611.00,611.00,0.00,0.00,611.00,'[]','2024-01-06 17:16:59','2024-01-06 17:16:59'),(25,21,'Botble\\Ecommerce\\Models\\Product',94,'Sound Intone I65 Earphone White Version (Digital)',NULL,'products/13.jpg',1,590.00,590.00,0.00,0.00,590.00,'[]','2024-01-06 17:16:59','2024-01-06 17:16:59'),(26,22,'Botble\\Ecommerce\\Models\\Product',160,'Wayfair Basics Dinner Plate Storage',NULL,'products/39-1.jpg',2,850.00,1700.00,0.00,0.00,1700.00,'[]','2024-01-06 17:16:59','2024-01-06 17:16:59'),(27,23,'Botble\\Ecommerce\\Models\\Product',194,'Corn, Yellow Sweet (Digital)',NULL,'products/53.jpg',1,1209.00,1209.00,0.00,0.00,1209.00,'[]','2024-01-06 17:16:59','2024-01-06 17:16:59'),(28,24,'Botble\\Ecommerce\\Models\\Product',200,'Iceland 6 Hot Cross Buns (Digital)',NULL,'products/57.jpg',2,1204.00,2408.00,0.00,0.00,2408.00,'[]','2024-01-06 17:17:00','2024-01-06 17:17:00'),(29,25,'Botble\\Ecommerce\\Models\\Product',102,'Apple MacBook Air Retina 12-Inch Laptop',NULL,'products/16.jpg',3,596.00,1788.00,0.00,0.00,1788.00,'[]','2024-01-06 17:17:00','2024-01-06 17:17:00'),(30,25,'Botble\\Ecommerce\\Models\\Product',107,'Aveeno Moisturizing Body Shower 450ml',NULL,'products/18-1.jpg',3,1212.00,3636.00,0.00,0.00,3636.00,'[]','2024-01-06 17:17:00','2024-01-06 17:17:00'),(31,25,'Botble\\Ecommerce\\Models\\Product',164,'Sesame Seed Bread (Digital)',NULL,'products/41.jpg',3,991.00,2973.00,0.00,0.00,2973.00,'[]','2024-01-06 17:17:00','2024-01-06 17:17:00'),(32,26,'Botble\\Ecommerce\\Models\\Product',205,'Iceland Soft Scoop Vanilla',NULL,'products/59-1.jpg',2,1154.00,2308.00,0.00,0.00,2308.00,'[]','2024-01-06 17:17:00','2024-01-06 17:17:00'),(33,27,'Botble\\Ecommerce\\Models\\Product',77,'Smart Watch External (Digital)',NULL,'products/5-1.jpg',1,867.00,867.00,0.00,0.00,867.00,'[]','2024-01-06 17:17:00','2024-01-06 17:17:00'),(34,27,'Botble\\Ecommerce\\Models\\Product',141,'Bar S – Classic Bun Length Franks',NULL,'products/30.jpg',1,1291.00,1291.00,0.00,0.00,1291.00,'[]','2024-01-06 17:17:00','2024-01-06 17:17:00'),(35,28,'Botble\\Ecommerce\\Models\\Product',88,'Herschel Leather Duffle Bag In Brown Color',NULL,'products/10.jpg',1,1133.00,1133.00,0.00,0.00,1133.00,'[]','2024-01-06 17:17:00','2024-01-06 17:17:00'),(36,29,'Botble\\Ecommerce\\Models\\Product',135,'Saute Pan Silver (Digital)',NULL,'products/29.jpg',1,1063.00,1063.00,0.00,0.00,1063.00,'[]','2024-01-06 17:17:00','2024-01-06 17:17:00'),(37,30,'Botble\\Ecommerce\\Models\\Product',71,'Beat Headphone',NULL,'products/3.jpg',3,20.00,60.00,0.00,0.00,60.00,'[]','2024-01-06 17:17:01','2024-01-06 17:17:01'),(38,31,'Botble\\Ecommerce\\Models\\Product',206,'Iceland Soft Scoop Vanilla',NULL,'products/59-2.jpg',3,1154.00,3462.00,0.00,0.00,3462.00,'[]','2024-01-06 17:17:01','2024-01-06 17:17:01'),(39,32,'Botble\\Ecommerce\\Models\\Product',76,'Smart Watch External (Digital)',NULL,'products/5.jpg',3,867.00,2601.00,0.00,0.00,2601.00,'[]','2024-01-06 17:17:01','2024-01-06 17:17:01'),(40,32,'Botble\\Ecommerce\\Models\\Product',77,'Smart Watch External (Digital)',NULL,'products/5-1.jpg',3,867.00,2601.00,0.00,0.00,2601.00,'[]','2024-01-06 17:17:01','2024-01-06 17:17:01'),(41,33,'Botble\\Ecommerce\\Models\\Product',149,'Iceland 3 Solo Exotic Burst',NULL,'products/34-1.jpg',3,639.00,1917.00,0.00,0.00,1917.00,'[]','2024-01-06 17:17:01','2024-01-06 17:17:01'),(42,34,'Botble\\Ecommerce\\Models\\Product',191,'Aptamil Follow On Baby Milk',NULL,'products/51.jpg',3,790.00,2370.00,0.00,0.00,2370.00,'[]','2024-01-06 17:17:01','2024-01-06 17:17:01'),(43,35,'Botble\\Ecommerce\\Models\\Product',134,'Naked Noodle Egg Noodles Singapore',NULL,'products/28-1.jpg',3,852.00,2556.00,0.00,0.00,2556.00,'[]','2024-01-06 17:17:01','2024-01-06 17:17:01'),(44,35,'Botble\\Ecommerce\\Models\\Product',181,'Coca-Cola Original Taste',NULL,'products/48.jpg',2,805.00,1610.00,0.00,0.00,1610.00,'[]','2024-01-06 17:17:01','2024-01-06 17:17:01'),(45,36,'Botble\\Ecommerce\\Models\\Product',143,'Broccoli Crowns',NULL,'products/31-1.jpg',2,993.00,1986.00,0.00,0.00,1986.00,'[]','2024-01-06 17:17:02','2024-01-06 17:17:02'),(46,37,'Botble\\Ecommerce\\Models\\Product',75,'Red &amp; Black Headphone',NULL,'products/4.jpg',3,598.00,1794.00,0.00,0.00,1794.00,'[]','2024-01-06 17:17:02','2024-01-06 17:17:02'),(47,37,'Botble\\Ecommerce\\Models\\Product',116,'NYX Beauty Couton Pallete Makeup 12',NULL,'products/20-1.jpg',3,801.00,2403.00,0.00,0.00,2403.00,'[]','2024-01-06 17:17:02','2024-01-06 17:17:02'),(48,38,'Botble\\Ecommerce\\Models\\Product',184,'Casillero Diablo Cabernet Sauvignon (Digital)',NULL,'products/49.jpg',2,1124.00,2248.00,0.00,0.00,2248.00,'[]','2024-01-06 17:17:02','2024-01-06 17:17:02'),(49,39,'Botble\\Ecommerce\\Models\\Product',197,'Hobnobs The Nobbly Biscuit',NULL,'products/54.jpg',3,895.00,2685.00,0.00,0.00,2685.00,'[]','2024-01-06 17:17:02','2024-01-06 17:17:02'),(50,40,'Botble\\Ecommerce\\Models\\Product',93,'EPSION Plaster Printer',NULL,'products/12.jpg',2,592.00,1184.00,0.00,0.00,1184.00,'[]','2024-01-06 17:17:02','2024-01-06 17:17:02'),(51,41,'Botble\\Ecommerce\\Models\\Product',142,'Broccoli Crowns',NULL,'products/31.jpg',3,993.00,2979.00,0.00,0.00,2979.00,'[]','2024-01-06 17:17:02','2024-01-06 17:17:02'),(52,42,'Botble\\Ecommerce\\Models\\Product',89,'Herschel Leather Duffle Bag In Brown Color',NULL,'products/10-1.jpg',2,1133.00,2266.00,0.00,0.00,2266.00,'[]','2024-01-06 17:17:03','2024-01-06 17:17:03'),(53,43,'Botble\\Ecommerce\\Models\\Product',94,'Sound Intone I65 Earphone White Version (Digital)',NULL,'products/13.jpg',2,590.00,1180.00,0.00,0.00,1180.00,'[]','2024-01-06 17:17:03','2024-01-06 17:17:03'),(54,44,'Botble\\Ecommerce\\Models\\Product',95,'B&amp;O Play Mini Bluetooth Speaker',NULL,'products/14.jpg',1,575.00,575.00,0.00,0.00,575.00,'[]','2024-01-06 17:17:03','2024-01-06 17:17:03'),(55,45,'Botble\\Ecommerce\\Models\\Product',130,'Taylors of Harrogate Yorkshire Coffee',NULL,'products/26.jpg',1,774.00,774.00,0.00,0.00,774.00,'[]','2024-01-06 17:17:03','2024-01-06 17:17:03'),(56,46,'Botble\\Ecommerce\\Models\\Product',170,'Avocado, Hass Large',NULL,'products/43-2.jpg',1,611.00,611.00,0.00,0.00,611.00,'[]','2024-01-06 17:17:03','2024-01-06 17:17:03'),(57,47,'Botble\\Ecommerce\\Models\\Product',171,'Italia Beef Lasagne',NULL,'products/44.jpg',3,1033.00,3099.00,0.00,0.00,3099.00,'[]','2024-01-06 17:17:03','2024-01-06 17:17:03'),(58,47,'Botble\\Ecommerce\\Models\\Product',180,'Famart Farmhouse Soft White',NULL,'products/47-1.jpg',2,715.00,1430.00,0.00,0.00,1430.00,'[]','2024-01-06 17:17:03','2024-01-06 17:17:03'),(59,48,'Botble\\Ecommerce\\Models\\Product',197,'Hobnobs The Nobbly Biscuit',NULL,'products/54.jpg',1,895.00,895.00,0.00,0.00,895.00,'[]','2024-01-06 17:17:04','2024-01-06 17:17:04'),(60,49,'Botble\\Ecommerce\\Models\\Product',110,'Aveeno Moisturizing Body Shower 450ml',NULL,'products/18.jpg',1,1212.00,1212.00,0.00,0.00,1212.00,'[]','2024-01-06 17:17:04','2024-01-06 17:17:04'),(61,50,'Botble\\Ecommerce\\Models\\Product',124,'Vimto Squash Remix Apple 1.5 Litres',NULL,'products/24.jpg',2,583.00,1166.00,0.00,0.00,1166.00,'[]','2024-01-06 17:17:04','2024-01-06 17:17:04'),(62,51,'Botble\\Ecommerce\\Models\\Product',153,'Dolmio Bolognese Pasta Sauce (Digital)',NULL,'products/37.jpg',2,970.00,1940.00,0.00,0.00,1940.00,'[]','2024-01-06 17:17:04','2024-01-06 17:17:04'),(63,52,'Botble\\Ecommerce\\Models\\Product',69,'Smart Watches',NULL,'products/2-1.jpg',3,40.50,121.50,0.00,0.00,121.50,'[]','2024-01-06 17:17:04','2024-01-06 17:17:04'),(64,53,'Botble\\Ecommerce\\Models\\Product',141,'Bar S – Classic Bun Length Franks',NULL,'products/30.jpg',2,1291.00,2582.00,0.00,0.00,2582.00,'[]','2024-01-06 17:17:04','2024-01-06 17:17:04'),(65,53,'Botble\\Ecommerce\\Models\\Product',181,'Coca-Cola Original Taste',NULL,'products/48.jpg',3,805.00,2415.00,0.00,0.00,2415.00,'[]','2024-01-06 17:17:04','2024-01-06 17:17:04'),(66,53,'Botble\\Ecommerce\\Models\\Product',208,'Iceland Spaghetti Bolognese',NULL,'products/60-1.jpg',3,644.00,1932.00,0.00,0.00,1932.00,'[]','2024-01-06 17:17:04','2024-01-06 17:17:04');
/*!40000 ALTER TABLE `ec_invoice_items` ENABLE KEYS */;
UNLOCK TABLES;

--
-- Table structure for table `ec_invoices`
--

DROP TABLE IF EXISTS `ec_invoices`;
/*!40101 SET @saved_cs_client     = @@character_set_client */;
/*!50503 SET character_set_client = utf8mb4 */;
CREATE TABLE `ec_invoices` (
  `id` bigint unsigned NOT NULL AUTO_INCREMENT,
  `reference_type` varchar(191) COLLATE utf8mb4_unicode_ci NOT NULL,
  `reference_id` bigint unsigned NOT NULL,
  `code` varchar(191) COLLATE utf8mb4_unicode_ci NOT NULL,
  `customer_name` varchar(191) COLLATE utf8mb4_unicode_ci DEFAULT NULL,
  `company_name` varchar(191) COLLATE utf8mb4_unicode_ci DEFAULT NULL,
  `company_logo` varchar(191) COLLATE utf8mb4_unicode_ci DEFAULT NULL,
  `customer_email` varchar(191) COLLATE utf8mb4_unicode_ci DEFAULT NULL,
  `customer_phone` varchar(191) COLLATE utf8mb4_unicode_ci DEFAULT NULL,
  `customer_address` varchar(191) COLLATE utf8mb4_unicode_ci DEFAULT NULL,
  `customer_tax_id` varchar(191) COLLATE utf8mb4_unicode_ci DEFAULT NULL,
  `sub_total` decimal(15,2) unsigned NOT NULL,
  `tax_amount` decimal(15,2) unsigned NOT NULL DEFAULT '0.00',
  `shipping_amount` decimal(15,2) unsigned NOT NULL DEFAULT '0.00',
  `discount_amount` decimal(15,2) unsigned NOT NULL DEFAULT '0.00',
  `shipping_option` varchar(60) COLLATE utf8mb4_unicode_ci DEFAULT NULL,
  `shipping_method` varchar(60) COLLATE utf8mb4_unicode_ci NOT NULL DEFAULT 'default',
  `coupon_code` varchar(120) COLLATE utf8mb4_unicode_ci DEFAULT NULL,
  `discount_description` varchar(255) COLLATE utf8mb4_unicode_ci DEFAULT NULL,
  `amount` decimal(15,2) unsigned NOT NULL,
  `description` text COLLATE utf8mb4_unicode_ci,
  `payment_id` bigint unsigned DEFAULT NULL,
  `status` varchar(191) COLLATE utf8mb4_unicode_ci NOT NULL DEFAULT 'pending',
  `paid_at` timestamp NULL DEFAULT NULL,
  `created_at` timestamp NULL DEFAULT NULL,
  `updated_at` timestamp NULL DEFAULT NULL,
  PRIMARY KEY (`id`),
  UNIQUE KEY `ec_invoices_code_unique` (`code`),
  KEY `ec_invoices_reference_type_reference_id_index` (`reference_type`,`reference_id`),
  KEY `ec_invoices_payment_id_index` (`payment_id`),
  KEY `ec_invoices_status_index` (`status`)
) ENGINE=InnoDB AUTO_INCREMENT=54 DEFAULT CHARSET=utf8mb4 COLLATE=utf8mb4_unicode_ci;
/*!40101 SET character_set_client = @saved_cs_client */;

--
-- Dumping data for table `ec_invoices`
--

LOCK TABLES `ec_invoices` WRITE;
/*!40000 ALTER TABLE `ec_invoices` DISABLE KEYS */;
INSERT INTO `ec_invoices` VALUES (1,'Botble\\Ecommerce\\Models\\Order',1,'INV-1','Ms. Minnie Will Jr.','',NULL,'bernard.streich@example.net','+15203935508','3732 Shannon Wells Apt. 973, Port Rozellamouth, West Virginia, GD',NULL,20.00,0.00,0.00,0.00,'1','default',NULL,NULL,20.00,NULL,1,'pending',NULL,'2023-12-29 09:16:55','2024-01-06 17:16:55'),(2,'Botble\\Ecommerce\\Models\\Order',2,'INV-2','Ms. Minnie Will Jr.','',NULL,'bernard.streich@example.net','+15203935508','3732 Shannon Wells Apt. 973, Port Rozellamouth, West Virginia, GD',NULL,790.00,0.00,0.00,0.00,'1','default',NULL,NULL,790.00,NULL,2,'completed','2024-01-06 17:16:56','2023-12-22 17:16:56','2024-01-06 17:16:56'),(3,'Botble\\Ecommerce\\Models\\Order',3,'INV-3','Ms. Minnie Will Jr.','',NULL,'bernard.streich@example.net','+15203935508','3732 Shannon Wells Apt. 973, Port Rozellamouth, West Virginia, GD',NULL,2595.50,0.00,0.00,0.00,'1','default',NULL,NULL,2595.50,NULL,3,'completed','2024-01-06 17:16:56','2024-01-03 13:16:56','2024-01-06 17:16:56'),(4,'Botble\\Ecommerce\\Models\\Order',4,'INV-4','Ms. Minnie Will Jr.','',NULL,'bernard.streich@example.net','+15203935508','3732 Shannon Wells Apt. 973, Port Rozellamouth, West Virginia, GD',NULL,1580.00,0.00,0.00,0.00,'1','default',NULL,NULL,1580.00,NULL,4,'completed','2024-01-06 17:16:56','2024-01-03 13:16:56','2024-01-06 17:16:56'),(5,'Botble\\Ecommerce\\Models\\Order',5,'INV-5','Ms. Minnie Will Jr.','',NULL,'bernard.streich@example.net','+15203935508','3732 Shannon Wells Apt. 973, Port Rozellamouth, West Virginia, GD',NULL,3897.00,0.00,0.00,0.00,'1','default',NULL,NULL,3897.00,NULL,5,'completed','2024-01-06 17:16:56','2024-01-01 23:16:56','2024-01-06 17:16:56'),(6,'Botble\\Ecommerce\\Models\\Order',6,'INV-6','Aurelia Jerde V','',NULL,'hoconnell@example.org','+14847089424','3590 Jakob Stravenue Apt. 843, New Laurianne, South Dakota, BM',NULL,1853.00,0.00,0.00,0.00,'1','default',NULL,NULL,1853.00,NULL,6,'completed','2024-01-06 17:16:56','2023-12-22 17:16:56','2024-01-06 17:16:56'),(7,'Botble\\Ecommerce\\Models\\Order',7,'INV-7','Aurelia Jerde V','',NULL,'hoconnell@example.org','+14847089424','3590 Jakob Stravenue Apt. 843, New Laurianne, South Dakota, BM',NULL,1291.00,0.00,0.00,0.00,'1','default',NULL,NULL,1291.00,NULL,7,'completed','2024-01-06 17:16:57','2023-12-28 17:16:57','2024-01-06 17:16:57'),(8,'Botble\\Ecommerce\\Models\\Order',8,'INV-8','Aurelia Jerde V','',NULL,'hoconnell@example.org','+14847089424','3590 Jakob Stravenue Apt. 843, New Laurianne, South Dakota, BM',NULL,2220.00,0.00,0.00,0.00,NULL,'',NULL,NULL,2220.00,NULL,8,'completed','2024-01-06 17:16:57','2023-12-28 17:16:57','2024-01-06 17:16:57'),(9,'Botble\\Ecommerce\\Models\\Order',9,'INV-9','Ms. Minnie Will Jr.','',NULL,'bernard.streich@example.net','+15203935508','3732 Shannon Wells Apt. 973, Port Rozellamouth, West Virginia, GD',NULL,575.00,0.00,0.00,0.00,'1','default',NULL,NULL,575.00,NULL,9,'completed','2024-01-06 17:16:57','2024-01-01 01:16:57','2024-01-06 17:16:57'),(10,'Botble\\Ecommerce\\Models\\Order',10,'INV-10','Ms. Minnie Will Jr.','',NULL,'bernard.streich@example.net','+15203935508','3732 Shannon Wells Apt. 973, Port Rozellamouth, West Virginia, GD',NULL,2631.00,0.00,0.00,0.00,NULL,'',NULL,NULL,2631.00,NULL,10,'completed','2024-01-06 17:16:57','2023-12-23 13:16:57','2024-01-06 17:16:57'),(11,'Botble\\Ecommerce\\Models\\Order',11,'INV-11','Ms. Minnie Will Jr.','',NULL,'bernard.streich@example.net','+15203935508','3732 Shannon Wells Apt. 973, Port Rozellamouth, West Virginia, GD',NULL,2002.00,0.00,0.00,0.00,'1','default',NULL,NULL,2002.00,NULL,11,'completed','2024-01-06 17:16:57','2024-01-01 09:16:57','2024-01-06 17:16:57'),(12,'Botble\\Ecommerce\\Models\\Order',12,'INV-12','Ms. Minnie Will Jr.','',NULL,'bernard.streich@example.net','+15203935508','3732 Shannon Wells Apt. 973, Port Rozellamouth, West Virginia, GD',NULL,2556.00,0.00,0.00,0.00,'1','default',NULL,NULL,2556.00,NULL,12,'completed','2024-01-06 17:16:58','2023-12-31 01:16:58','2024-01-06 17:16:58'),(13,'Botble\\Ecommerce\\Models\\Order',13,'INV-13','Aurelia Jerde V','',NULL,'hoconnell@example.org','+14847089424','3590 Jakob Stravenue Apt. 843, New Laurianne, South Dakota, BM',NULL,3768.00,0.00,0.00,0.00,'1','default',NULL,NULL,3768.00,NULL,13,'completed','2024-01-06 17:16:58','2024-01-02 23:16:58','2024-01-06 17:16:58'),(14,'Botble\\Ecommerce\\Models\\Order',14,'INV-14','Aurelia Jerde V','',NULL,'hoconnell@example.org','+14847089424','3590 Jakob Stravenue Apt. 843, New Laurianne, South Dakota, BM',NULL,1222.00,0.00,0.00,0.00,'1','default',NULL,NULL,1222.00,NULL,14,'pending',NULL,'2024-01-02 23:16:58','2024-01-06 17:16:58'),(15,'Botble\\Ecommerce\\Models\\Order',15,'INV-15','Aurelia Jerde V','',NULL,'hoconnell@example.org','+14847089424','3590 Jakob Stravenue Apt. 843, New Laurianne, South Dakota, BM',NULL,3372.00,0.00,0.00,0.00,NULL,'',NULL,NULL,3372.00,NULL,15,'pending',NULL,'2023-12-30 05:16:58','2024-01-06 17:16:58'),(16,'Botble\\Ecommerce\\Models\\Order',16,'INV-16','Aurelia Jerde V','',NULL,'hoconnell@example.org','+14847089424','3590 Jakob Stravenue Apt. 843, New Laurianne, South Dakota, BM',NULL,2496.00,0.00,0.00,0.00,'1','default',NULL,NULL,2496.00,NULL,16,'completed','2024-01-06 17:16:58','2023-12-29 13:16:58','2024-01-06 17:16:58'),(17,'Botble\\Ecommerce\\Models\\Order',17,'INV-17','Aurelia Jerde V','',NULL,'hoconnell@example.org','+14847089424','3590 Jakob Stravenue Apt. 843, New Laurianne, South Dakota, BM',NULL,1932.00,0.00,0.00,0.00,'1','default',NULL,NULL,1932.00,NULL,17,'completed','2024-01-06 17:16:58','2024-01-03 05:16:58','2024-01-06 17:16:58'),(18,'Botble\\Ecommerce\\Models\\Order',18,'INV-18','Ms. Minnie Will Jr.','',NULL,'bernard.streich@example.net','+15203935508','3732 Shannon Wells Apt. 973, Port Rozellamouth, West Virginia, GD',NULL,2582.00,0.00,0.00,0.00,'1','default',NULL,NULL,2582.00,NULL,18,'completed','2024-01-06 17:16:59','2024-01-04 13:16:59','2024-01-06 17:16:59'),(19,'Botble\\Ecommerce\\Models\\Order',19,'INV-19','Ms. Minnie Will Jr.','',NULL,'bernard.streich@example.net','+15203935508','3732 Shannon Wells Apt. 973, Port Rozellamouth, West Virginia, GD',NULL,2979.00,0.00,0.00,0.00,'1','default',NULL,NULL,2979.00,NULL,19,'completed','2024-01-06 17:16:59','2024-01-04 13:16:59','2024-01-06 17:16:59'),(20,'Botble\\Ecommerce\\Models\\Order',20,'INV-20','Ms. Minnie Will Jr.','',NULL,'bernard.streich@example.net','+15203935508','3732 Shannon Wells Apt. 973, Port Rozellamouth, West Virginia, GD',NULL,611.00,0.00,0.00,0.00,'1','default',NULL,NULL,611.00,NULL,20,'pending',NULL,'2023-12-29 01:16:59','2024-01-06 17:16:59'),(21,'Botble\\Ecommerce\\Models\\Order',21,'INV-21','Aurelia Jerde V','',NULL,'hoconnell@example.org','+14847089424','3590 Jakob Stravenue Apt. 843, New Laurianne, South Dakota, BM',NULL,590.00,0.00,0.00,0.00,NULL,'',NULL,NULL,590.00,NULL,21,'completed','2024-01-06 17:16:59','2024-01-05 17:16:59','2024-01-06 17:16:59'),(22,'Botble\\Ecommerce\\Models\\Order',22,'INV-22','Aurelia Jerde V','',NULL,'hoconnell@example.org','+14847089424','3590 Jakob Stravenue Apt. 843, New Laurianne, South Dakota, BM',NULL,1700.00,0.00,0.00,0.00,'1','default',NULL,NULL,1700.00,NULL,22,'completed','2024-01-06 17:16:59','2023-12-31 17:16:59','2024-01-06 17:16:59'),(23,'Botble\\Ecommerce\\Models\\Order',23,'INV-23','Aurelia Jerde V','',NULL,'hoconnell@example.org','+14847089424','3590 Jakob Stravenue Apt. 843, New Laurianne, South Dakota, BM',NULL,1209.00,0.00,0.00,0.00,NULL,'',NULL,NULL,1209.00,NULL,23,'completed','2024-01-06 17:16:59','2024-01-03 17:16:59','2024-01-06 17:16:59'),(24,'Botble\\Ecommerce\\Models\\Order',24,'INV-24','Aurelia Jerde V','',NULL,'hoconnell@example.org','+14847089424','3590 Jakob Stravenue Apt. 843, New Laurianne, South Dakota, BM',NULL,2408.00,0.00,0.00,0.00,NULL,'',NULL,NULL,2408.00,NULL,24,'pending',NULL,'2024-01-04 17:17:00','2024-01-06 17:17:00'),(25,'Botble\\Ecommerce\\Models\\Order',25,'INV-25','Aurelia Jerde V','',NULL,'hoconnell@example.org','+14847089424','3590 Jakob Stravenue Apt. 843, New Laurianne, South Dakota, BM',NULL,8397.00,0.00,0.00,0.00,'1','default',NULL,NULL,8397.00,NULL,25,'completed','2024-01-06 17:17:00','2024-01-05 19:17:00','2024-01-06 17:17:00'),(26,'Botble\\Ecommerce\\Models\\Order',26,'INV-26','Aurelia Jerde V','',NULL,'hoconnell@example.org','+14847089424','3590 Jakob Stravenue Apt. 843, New Laurianne, South Dakota, BM',NULL,2308.00,0.00,0.00,0.00,'1','default',NULL,NULL,2308.00,NULL,26,'completed','2024-01-06 17:17:00','2024-01-01 05:17:00','2024-01-06 17:17:00'),(27,'Botble\\Ecommerce\\Models\\Order',27,'INV-27','Aurelia Jerde V','',NULL,'hoconnell@example.org','+14847089424','3590 Jakob Stravenue Apt. 843, New Laurianne, South Dakota, BM',NULL,2158.00,0.00,0.00,0.00,'1','default',NULL,NULL,2158.00,NULL,27,'completed','2024-01-06 17:17:00','2024-01-05 01:17:00','2024-01-06 17:17:00'),(28,'Botble\\Ecommerce\\Models\\Order',28,'INV-28','Aurelia Jerde V','',NULL,'hoconnell@example.org','+14847089424','3590 Jakob Stravenue Apt. 843, New Laurianne, South Dakota, BM',NULL,1133.00,0.00,0.00,0.00,'1','default',NULL,NULL,1133.00,NULL,28,'completed','2024-01-06 17:17:00','2023-12-30 05:17:00','2024-01-06 17:17:00'),(29,'Botble\\Ecommerce\\Models\\Order',29,'INV-29','Aurelia Jerde V','',NULL,'hoconnell@example.org','+14847089424','3590 Jakob Stravenue Apt. 843, New Laurianne, South Dakota, BM',NULL,1063.00,0.00,0.00,0.00,NULL,'',NULL,NULL,1063.00,NULL,29,'completed','2024-01-06 17:17:00','2024-01-02 13:17:00','2024-01-06 17:17:00'),(30,'Botble\\Ecommerce\\Models\\Order',30,'INV-30','Aurelia Jerde V','',NULL,'hoconnell@example.org','+14847089424','3590 Jakob Stravenue Apt. 843, New Laurianne, South Dakota, BM',NULL,60.00,0.00,0.00,0.00,'1','default',NULL,NULL,60.00,NULL,30,'pending',NULL,'2024-01-02 23:17:01','2024-01-06 17:17:01'),(31,'Botble\\Ecommerce\\Models\\Order',31,'INV-31','Aurelia Jerde V','',NULL,'hoconnell@example.org','+14847089424','3590 Jakob Stravenue Apt. 843, New Laurianne, South Dakota, BM',NULL,3462.00,0.00,0.00,0.00,'1','default',NULL,NULL,3462.00,NULL,31,'completed','2024-01-06 17:17:01','2024-01-05 23:17:01','2024-01-06 17:17:01'),(32,'Botble\\Ecommerce\\Models\\Order',32,'INV-32','Ms. Minnie Will Jr.','',NULL,'bernard.streich@example.net','+15203935508','3732 Shannon Wells Apt. 973, Port Rozellamouth, West Virginia, GD',NULL,5202.00,0.00,0.00,0.00,NULL,'',NULL,NULL,5202.00,NULL,32,'completed','2024-01-06 17:17:01','2023-12-31 01:17:01','2024-01-06 17:17:01'),(33,'Botble\\Ecommerce\\Models\\Order',33,'INV-33','Ms. Minnie Will Jr.','',NULL,'bernard.streich@example.net','+15203935508','3732 Shannon Wells Apt. 973, Port Rozellamouth, West Virginia, GD',NULL,1917.00,0.00,0.00,0.00,'1','default',NULL,NULL,1917.00,NULL,33,'completed','2024-01-06 17:17:01','2024-01-04 17:17:01','2024-01-06 17:17:01'),(34,'Botble\\Ecommerce\\Models\\Order',34,'INV-34','Ms. Minnie Will Jr.','',NULL,'bernard.streich@example.net','+15203935508','3732 Shannon Wells Apt. 973, Port Rozellamouth, West Virginia, GD',NULL,2370.00,0.00,0.00,0.00,'1','default',NULL,NULL,2370.00,NULL,34,'completed','2024-01-06 17:17:01','2024-01-01 09:17:01','2024-01-06 17:17:01'),(35,'Botble\\Ecommerce\\Models\\Order',35,'INV-35','Aurelia Jerde V','',NULL,'hoconnell@example.org','+14847089424','3590 Jakob Stravenue Apt. 843, New Laurianne, South Dakota, BM',NULL,4166.00,0.00,0.00,0.00,'1','default',NULL,NULL,4166.00,NULL,35,'completed','2024-01-06 17:17:01','2024-01-03 05:17:01','2024-01-06 17:17:01'),(36,'Botble\\Ecommerce\\Models\\Order',36,'INV-36','Aurelia Jerde V','',NULL,'hoconnell@example.org','+14847089424','3590 Jakob Stravenue Apt. 843, New Laurianne, South Dakota, BM',NULL,1986.00,0.00,0.00,0.00,'1','default',NULL,NULL,1986.00,NULL,36,'pending',NULL,'2024-01-03 19:17:02','2024-01-06 17:17:02'),(37,'Botble\\Ecommerce\\Models\\Order',37,'INV-37','Ms. Minnie Will Jr.','',NULL,'bernard.streich@example.net','+15203935508','3732 Shannon Wells Apt. 973, Port Rozellamouth, West Virginia, GD',NULL,4197.00,0.00,0.00,0.00,'1','default',NULL,NULL,4197.00,NULL,37,'completed','2024-01-06 17:17:02','2024-01-06 05:17:02','2024-01-06 17:17:02'),(38,'Botble\\Ecommerce\\Models\\Order',38,'INV-38','Ms. Minnie Will Jr.','',NULL,'bernard.streich@example.net','+15203935508','3732 Shannon Wells Apt. 973, Port Rozellamouth, West Virginia, GD',NULL,2248.00,0.00,0.00,0.00,NULL,'',NULL,NULL,2248.00,NULL,38,'pending',NULL,'2024-01-02 17:17:02','2024-01-06 17:17:02'),(39,'Botble\\Ecommerce\\Models\\Order',39,'INV-39','Ms. Minnie Will Jr.','',NULL,'bernard.streich@example.net','+15203935508','3732 Shannon Wells Apt. 973, Port Rozellamouth, West Virginia, GD',NULL,2685.00,0.00,0.00,0.00,'1','default',NULL,NULL,2685.00,NULL,39,'completed','2024-01-06 17:17:02','2024-01-03 17:17:02','2024-01-06 17:17:02'),(40,'Botble\\Ecommerce\\Models\\Order',40,'INV-40','Ms. Minnie Will Jr.','',NULL,'bernard.streich@example.net','+15203935508','3732 Shannon Wells Apt. 973, Port Rozellamouth, West Virginia, GD',NULL,1184.00,0.00,0.00,0.00,'1','default',NULL,NULL,1184.00,NULL,40,'completed','2024-01-06 17:17:02','2024-01-03 19:17:02','2024-01-06 17:17:02'),(41,'Botble\\Ecommerce\\Models\\Order',41,'INV-41','Ms. Minnie Will Jr.','',NULL,'bernard.streich@example.net','+15203935508','3732 Shannon Wells Apt. 973, Port Rozellamouth, West Virginia, GD',NULL,2979.00,0.00,0.00,0.00,'1','default',NULL,NULL,2979.00,NULL,41,'completed','2024-01-06 17:17:02','2024-01-05 11:17:02','2024-01-06 17:17:02'),(42,'Botble\\Ecommerce\\Models\\Order',42,'INV-42','Ms. Minnie Will Jr.','',NULL,'bernard.streich@example.net','+15203935508','3732 Shannon Wells Apt. 973, Port Rozellamouth, West Virginia, GD',NULL,2266.00,0.00,0.00,0.00,'1','default',NULL,NULL,2266.00,NULL,42,'completed','2024-01-06 17:17:03','2024-01-06 09:17:03','2024-01-06 17:17:03'),(43,'Botble\\Ecommerce\\Models\\Order',43,'INV-43','Ms. Minnie Will Jr.','',NULL,'bernard.streich@example.net','+15203935508','3732 Shannon Wells Apt. 973, Port Rozellamouth, West Virginia, GD',NULL,1180.00,0.00,0.00,0.00,NULL,'',NULL,NULL,1180.00,NULL,43,'completed','2024-01-06 17:17:03','2024-01-04 17:17:03','2024-01-06 17:17:03'),(44,'Botble\\Ecommerce\\Models\\Order',44,'INV-44','Ms. Minnie Will Jr.','',NULL,'bernard.streich@example.net','+15203935508','3732 Shannon Wells Apt. 973, Port Rozellamouth, West Virginia, GD',NULL,575.00,0.00,0.00,0.00,'1','default',NULL,NULL,575.00,NULL,44,'completed','2024-01-06 17:17:03','2024-01-04 09:17:03','2024-01-06 17:17:03'),(45,'Botble\\Ecommerce\\Models\\Order',45,'INV-45','Ms. Minnie Will Jr.','',NULL,'bernard.streich@example.net','+15203935508','3732 Shannon Wells Apt. 973, Port Rozellamouth, West Virginia, GD',NULL,774.00,0.00,0.00,0.00,'1','default',NULL,NULL,774.00,NULL,45,'completed','2024-01-06 17:17:03','2024-01-06 09:17:03','2024-01-06 17:17:03'),(46,'Botble\\Ecommerce\\Models\\Order',46,'INV-46','Ms. Minnie Will Jr.','',NULL,'bernard.streich@example.net','+15203935508','3732 Shannon Wells Apt. 973, Port Rozellamouth, West Virginia, GD',NULL,611.00,0.00,0.00,0.00,'1','default',NULL,NULL,611.00,NULL,46,'completed','2024-01-06 17:17:03','2024-01-06 11:17:03','2024-01-06 17:17:03'),(47,'Botble\\Ecommerce\\Models\\Order',47,'INV-47','Ms. Minnie Will Jr.','',NULL,'bernard.streich@example.net','+15203935508','3732 Shannon Wells Apt. 973, Port Rozellamouth, West Virginia, GD',NULL,4529.00,0.00,0.00,0.00,'1','default',NULL,NULL,4529.00,NULL,47,'pending',NULL,'2024-01-06 11:17:03','2024-01-06 17:17:03'),(48,'Botble\\Ecommerce\\Models\\Order',48,'INV-48','Ms. Minnie Will Jr.','',NULL,'bernard.streich@example.net','+15203935508','3732 Shannon Wells Apt. 973, Port Rozellamouth, West Virginia, GD',NULL,895.00,0.00,0.00,0.00,'1','default',NULL,NULL,895.00,NULL,48,'completed','2024-01-06 17:17:04','2024-01-05 11:17:04','2024-01-06 17:17:04'),(49,'Botble\\Ecommerce\\Models\\Order',49,'INV-49','Ms. Minnie Will Jr.','',NULL,'bernard.streich@example.net','+15203935508','3732 Shannon Wells Apt. 973, Port Rozellamouth, West Virginia, GD',NULL,1212.00,0.00,0.00,0.00,'1','default',NULL,NULL,1212.00,NULL,49,'pending',NULL,'2024-01-05 17:17:04','2024-01-06 17:17:04'),(50,'Botble\\Ecommerce\\Models\\Order',50,'INV-50','Ms. Minnie Will Jr.','',NULL,'bernard.streich@example.net','+15203935508','3732 Shannon Wells Apt. 973, Port Rozellamouth, West Virginia, GD',NULL,1166.00,0.00,0.00,0.00,'1','default',NULL,NULL,1166.00,NULL,50,'completed','2024-01-06 17:17:04','2024-01-06 05:17:04','2024-01-06 17:17:04'),(51,'Botble\\Ecommerce\\Models\\Order',51,'INV-51','Ms. Minnie Will Jr.','',NULL,'bernard.streich@example.net','+15203935508','3732 Shannon Wells Apt. 973, Port Rozellamouth, West Virginia, GD',NULL,1940.00,0.00,0.00,0.00,NULL,'',NULL,NULL,1940.00,NULL,51,'pending',NULL,'2024-01-05 21:17:04','2024-01-06 17:17:04'),(52,'Botble\\Ecommerce\\Models\\Order',52,'INV-52','Aurelia Jerde V','',NULL,'hoconnell@example.org','+14847089424','3590 Jakob Stravenue Apt. 843, New Laurianne, South Dakota, BM',NULL,121.50,0.00,0.00,0.00,'1','default',NULL,NULL,121.50,NULL,52,'pending',NULL,'2024-01-06 11:17:04','2024-01-06 17:17:04'),(53,'Botble\\Ecommerce\\Models\\Order',53,'INV-53','Aurelia Jerde V','',NULL,'hoconnell@example.org','+14847089424','3590 Jakob Stravenue Apt. 843, New Laurianne, South Dakota, BM',NULL,6929.00,0.00,0.00,0.00,'1','default',NULL,NULL,6929.00,NULL,53,'completed','2024-01-06 17:17:04','2024-01-06 15:17:04','2024-01-06 17:17:04');
/*!40000 ALTER TABLE `ec_invoices` ENABLE KEYS */;
UNLOCK TABLES;

--
-- Table structure for table `ec_option_value`
--

DROP TABLE IF EXISTS `ec_option_value`;
/*!40101 SET @saved_cs_client     = @@character_set_client */;
/*!50503 SET character_set_client = utf8mb4 */;
CREATE TABLE `ec_option_value` (
  `option_id` bigint unsigned NOT NULL COMMENT 'option id',
  `id` bigint unsigned NOT NULL AUTO_INCREMENT,
  `option_value` tinytext COLLATE utf8mb4_unicode_ci COMMENT 'option value',
  `affect_price` double DEFAULT NULL COMMENT 'value of price of this option affect',
  `order` int NOT NULL DEFAULT '9999',
  `affect_type` tinyint NOT NULL DEFAULT '0' COMMENT '0. fixed 1. percent',
  `created_at` timestamp NULL DEFAULT NULL,
  `updated_at` timestamp NULL DEFAULT NULL,
  PRIMARY KEY (`id`)
) ENGINE=InnoDB DEFAULT CHARSET=utf8mb4 COLLATE=utf8mb4_unicode_ci;
/*!40101 SET character_set_client = @saved_cs_client */;

--
-- Dumping data for table `ec_option_value`
--

LOCK TABLES `ec_option_value` WRITE;
/*!40000 ALTER TABLE `ec_option_value` DISABLE KEYS */;
/*!40000 ALTER TABLE `ec_option_value` ENABLE KEYS */;
UNLOCK TABLES;

--
-- Table structure for table `ec_option_value_translations`
--

DROP TABLE IF EXISTS `ec_option_value_translations`;
/*!40101 SET @saved_cs_client     = @@character_set_client */;
/*!50503 SET character_set_client = utf8mb4 */;
CREATE TABLE `ec_option_value_translations` (
  `lang_code` varchar(191) COLLATE utf8mb4_unicode_ci NOT NULL,
  `ec_option_value_id` bigint unsigned NOT NULL,
  `option_value` varchar(255) COLLATE utf8mb4_unicode_ci DEFAULT NULL,
  PRIMARY KEY (`lang_code`,`ec_option_value_id`)
) ENGINE=InnoDB DEFAULT CHARSET=utf8mb4 COLLATE=utf8mb4_unicode_ci;
/*!40101 SET character_set_client = @saved_cs_client */;

--
-- Dumping data for table `ec_option_value_translations`
--

LOCK TABLES `ec_option_value_translations` WRITE;
/*!40000 ALTER TABLE `ec_option_value_translations` DISABLE KEYS */;
/*!40000 ALTER TABLE `ec_option_value_translations` ENABLE KEYS */;
UNLOCK TABLES;

--
-- Table structure for table `ec_options`
--

DROP TABLE IF EXISTS `ec_options`;
/*!40101 SET @saved_cs_client     = @@character_set_client */;
/*!50503 SET character_set_client = utf8mb4 */;
CREATE TABLE `ec_options` (
  `id` bigint unsigned NOT NULL AUTO_INCREMENT,
  `name` varchar(191) COLLATE utf8mb4_unicode_ci NOT NULL COMMENT 'Name of options',
  `option_type` varchar(191) COLLATE utf8mb4_unicode_ci DEFAULT NULL COMMENT 'option type',
  `product_id` bigint unsigned NOT NULL DEFAULT '0',
  `order` int NOT NULL DEFAULT '9999',
  `required` tinyint(1) NOT NULL DEFAULT '0' COMMENT 'Checked if this option is required',
  `created_at` timestamp NULL DEFAULT NULL,
  `updated_at` timestamp NULL DEFAULT NULL,
  PRIMARY KEY (`id`)
) ENGINE=InnoDB DEFAULT CHARSET=utf8mb4 COLLATE=utf8mb4_unicode_ci;
/*!40101 SET character_set_client = @saved_cs_client */;

--
-- Dumping data for table `ec_options`
--

LOCK TABLES `ec_options` WRITE;
/*!40000 ALTER TABLE `ec_options` DISABLE KEYS */;
/*!40000 ALTER TABLE `ec_options` ENABLE KEYS */;
UNLOCK TABLES;

--
-- Table structure for table `ec_options_translations`
--

DROP TABLE IF EXISTS `ec_options_translations`;
/*!40101 SET @saved_cs_client     = @@character_set_client */;
/*!50503 SET character_set_client = utf8mb4 */;
CREATE TABLE `ec_options_translations` (
  `lang_code` varchar(191) COLLATE utf8mb4_unicode_ci NOT NULL,
  `ec_options_id` bigint unsigned NOT NULL,
  `name` varchar(255) COLLATE utf8mb4_unicode_ci DEFAULT NULL,
  PRIMARY KEY (`lang_code`,`ec_options_id`)
) ENGINE=InnoDB DEFAULT CHARSET=utf8mb4 COLLATE=utf8mb4_unicode_ci;
/*!40101 SET character_set_client = @saved_cs_client */;

--
-- Dumping data for table `ec_options_translations`
--

LOCK TABLES `ec_options_translations` WRITE;
/*!40000 ALTER TABLE `ec_options_translations` DISABLE KEYS */;
/*!40000 ALTER TABLE `ec_options_translations` ENABLE KEYS */;
UNLOCK TABLES;

--
-- Table structure for table `ec_order_addresses`
--

DROP TABLE IF EXISTS `ec_order_addresses`;
/*!40101 SET @saved_cs_client     = @@character_set_client */;
/*!50503 SET character_set_client = utf8mb4 */;
CREATE TABLE `ec_order_addresses` (
  `id` bigint unsigned NOT NULL AUTO_INCREMENT,
  `name` varchar(191) COLLATE utf8mb4_unicode_ci NOT NULL,
  `phone` varchar(20) COLLATE utf8mb4_unicode_ci DEFAULT NULL,
  `email` varchar(191) COLLATE utf8mb4_unicode_ci DEFAULT NULL,
  `country` varchar(120) COLLATE utf8mb4_unicode_ci DEFAULT NULL,
  `state` varchar(120) COLLATE utf8mb4_unicode_ci DEFAULT NULL,
  `city` varchar(120) COLLATE utf8mb4_unicode_ci DEFAULT NULL,
  `address` varchar(255) COLLATE utf8mb4_unicode_ci DEFAULT NULL,
  `order_id` bigint unsigned NOT NULL,
  `zip_code` varchar(20) COLLATE utf8mb4_unicode_ci DEFAULT NULL,
  `type` varchar(60) COLLATE utf8mb4_unicode_ci NOT NULL DEFAULT 'shipping_address',
  PRIMARY KEY (`id`)
) ENGINE=InnoDB AUTO_INCREMENT=54 DEFAULT CHARSET=utf8mb4 COLLATE=utf8mb4_unicode_ci;
/*!40101 SET character_set_client = @saved_cs_client */;

--
-- Dumping data for table `ec_order_addresses`
--

LOCK TABLES `ec_order_addresses` WRITE;
/*!40000 ALTER TABLE `ec_order_addresses` DISABLE KEYS */;
INSERT INTO `ec_order_addresses` VALUES (1,'Ms. Minnie Will Jr.','+15203935508','bernard.streich@example.net','GD','West Virginia','Port Rozellamouth','3732 Shannon Wells Apt. 973',1,'68249-3362','shipping_address'),(2,'Ms. Minnie Will Jr.','+15203935508','bernard.streich@example.net','GD','West Virginia','Port Rozellamouth','3732 Shannon Wells Apt. 973',2,'68249-3362','shipping_address'),(3,'Ms. Minnie Will Jr.','+15203935508','bernard.streich@example.net','GD','West Virginia','Port Rozellamouth','3732 Shannon Wells Apt. 973',3,'68249-3362','shipping_address'),(4,'Ms. Minnie Will Jr.','+15203935508','bernard.streich@example.net','GD','West Virginia','Port Rozellamouth','3732 Shannon Wells Apt. 973',4,'68249-3362','shipping_address'),(5,'Ms. Minnie Will Jr.','+15203935508','bernard.streich@example.net','GD','West Virginia','Port Rozellamouth','3732 Shannon Wells Apt. 973',5,'68249-3362','shipping_address'),(6,'Aurelia Jerde V','+14847089424','hoconnell@example.org','BM','South Dakota','New Laurianne','3590 Jakob Stravenue Apt. 843',6,'66482','shipping_address'),(7,'Aurelia Jerde V','+14847089424','hoconnell@example.org','BM','South Dakota','New Laurianne','3590 Jakob Stravenue Apt. 843',7,'66482','shipping_address'),(8,'Aurelia Jerde V','+14847089424','hoconnell@example.org','BM','South Dakota','New Laurianne','3590 Jakob Stravenue Apt. 843',8,'66482','shipping_address'),(9,'Ms. Minnie Will Jr.','+15203935508','bernard.streich@example.net','GD','West Virginia','Port Rozellamouth','3732 Shannon Wells Apt. 973',9,'68249-3362','shipping_address'),(10,'Ms. Minnie Will Jr.','+15203935508','bernard.streich@example.net','GD','West Virginia','Port Rozellamouth','3732 Shannon Wells Apt. 973',10,'68249-3362','shipping_address'),(11,'Ms. Minnie Will Jr.','+15203935508','bernard.streich@example.net','GD','West Virginia','Port Rozellamouth','3732 Shannon Wells Apt. 973',11,'68249-3362','shipping_address'),(12,'Ms. Minnie Will Jr.','+15203935508','bernard.streich@example.net','GD','West Virginia','Port Rozellamouth','3732 Shannon Wells Apt. 973',12,'68249-3362','shipping_address'),(13,'Aurelia Jerde V','+14847089424','hoconnell@example.org','BM','South Dakota','New Laurianne','3590 Jakob Stravenue Apt. 843',13,'66482','shipping_address'),(14,'Aurelia Jerde V','+14847089424','hoconnell@example.org','BM','South Dakota','New Laurianne','3590 Jakob Stravenue Apt. 843',14,'66482','shipping_address'),(15,'Aurelia Jerde V','+14847089424','hoconnell@example.org','BM','South Dakota','New Laurianne','3590 Jakob Stravenue Apt. 843',15,'66482','shipping_address'),(16,'Aurelia Jerde V','+14847089424','hoconnell@example.org','BM','South Dakota','New Laurianne','3590 Jakob Stravenue Apt. 843',16,'66482','shipping_address'),(17,'Aurelia Jerde V','+14847089424','hoconnell@example.org','BM','South Dakota','New Laurianne','3590 Jakob Stravenue Apt. 843',17,'66482','shipping_address'),(18,'Ms. Minnie Will Jr.','+15203935508','bernard.streich@example.net','GD','West Virginia','Port Rozellamouth','3732 Shannon Wells Apt. 973',18,'68249-3362','shipping_address'),(19,'Ms. Minnie Will Jr.','+15203935508','bernard.streich@example.net','GD','West Virginia','Port Rozellamouth','3732 Shannon Wells Apt. 973',19,'68249-3362','shipping_address'),(20,'Ms. Minnie Will Jr.','+15203935508','bernard.streich@example.net','GD','West Virginia','Port Rozellamouth','3732 Shannon Wells Apt. 973',20,'68249-3362','shipping_address'),(21,'Aurelia Jerde V','+14847089424','hoconnell@example.org','BM','South Dakota','New Laurianne','3590 Jakob Stravenue Apt. 843',21,'66482','shipping_address'),(22,'Aurelia Jerde V','+14847089424','hoconnell@example.org','BM','South Dakota','New Laurianne','3590 Jakob Stravenue Apt. 843',22,'66482','shipping_address'),(23,'Aurelia Jerde V','+14847089424','hoconnell@example.org','BM','South Dakota','New Laurianne','3590 Jakob Stravenue Apt. 843',23,'66482','shipping_address'),(24,'Aurelia Jerde V','+14847089424','hoconnell@example.org','BM','South Dakota','New Laurianne','3590 Jakob Stravenue Apt. 843',24,'66482','shipping_address'),(25,'Aurelia Jerde V','+14847089424','hoconnell@example.org','BM','South Dakota','New Laurianne','3590 Jakob Stravenue Apt. 843',25,'66482','shipping_address'),(26,'Aurelia Jerde V','+14847089424','hoconnell@example.org','BM','South Dakota','New Laurianne','3590 Jakob Stravenue Apt. 843',26,'66482','shipping_address'),(27,'Aurelia Jerde V','+14847089424','hoconnell@example.org','BM','South Dakota','New Laurianne','3590 Jakob Stravenue Apt. 843',27,'66482','shipping_address'),(28,'Aurelia Jerde V','+14847089424','hoconnell@example.org','BM','South Dakota','New Laurianne','3590 Jakob Stravenue Apt. 843',28,'66482','shipping_address'),(29,'Aurelia Jerde V','+14847089424','hoconnell@example.org','BM','South Dakota','New Laurianne','3590 Jakob Stravenue Apt. 843',29,'66482','shipping_address'),(30,'Aurelia Jerde V','+14847089424','hoconnell@example.org','BM','South Dakota','New Laurianne','3590 Jakob Stravenue Apt. 843',30,'66482','shipping_address'),(31,'Aurelia Jerde V','+14847089424','hoconnell@example.org','BM','South Dakota','New Laurianne','3590 Jakob Stravenue Apt. 843',31,'66482','shipping_address'),(32,'Ms. Minnie Will Jr.','+15203935508','bernard.streich@example.net','GD','West Virginia','Port Rozellamouth','3732 Shannon Wells Apt. 973',32,'68249-3362','shipping_address'),(33,'Ms. Minnie Will Jr.','+15203935508','bernard.streich@example.net','GD','West Virginia','Port Rozellamouth','3732 Shannon Wells Apt. 973',33,'68249-3362','shipping_address'),(34,'Ms. Minnie Will Jr.','+15203935508','bernard.streich@example.net','GD','West Virginia','Port Rozellamouth','3732 Shannon Wells Apt. 973',34,'68249-3362','shipping_address'),(35,'Aurelia Jerde V','+14847089424','hoconnell@example.org','BM','South Dakota','New Laurianne','3590 Jakob Stravenue Apt. 843',35,'66482','shipping_address'),(36,'Aurelia Jerde V','+14847089424','hoconnell@example.org','BM','South Dakota','New Laurianne','3590 Jakob Stravenue Apt. 843',36,'66482','shipping_address'),(37,'Ms. Minnie Will Jr.','+15203935508','bernard.streich@example.net','GD','West Virginia','Port Rozellamouth','3732 Shannon Wells Apt. 973',37,'68249-3362','shipping_address'),(38,'Ms. Minnie Will Jr.','+15203935508','bernard.streich@example.net','GD','West Virginia','Port Rozellamouth','3732 Shannon Wells Apt. 973',38,'68249-3362','shipping_address'),(39,'Ms. Minnie Will Jr.','+15203935508','bernard.streich@example.net','GD','West Virginia','Port Rozellamouth','3732 Shannon Wells Apt. 973',39,'68249-3362','shipping_address'),(40,'Ms. Minnie Will Jr.','+15203935508','bernard.streich@example.net','GD','West Virginia','Port Rozellamouth','3732 Shannon Wells Apt. 973',40,'68249-3362','shipping_address'),(41,'Ms. Minnie Will Jr.','+15203935508','bernard.streich@example.net','GD','West Virginia','Port Rozellamouth','3732 Shannon Wells Apt. 973',41,'68249-3362','shipping_address'),(42,'Ms. Minnie Will Jr.','+15203935508','bernard.streich@example.net','GD','West Virginia','Port Rozellamouth','3732 Shannon Wells Apt. 973',42,'68249-3362','shipping_address'),(43,'Ms. Minnie Will Jr.','+15203935508','bernard.streich@example.net','GD','West Virginia','Port Rozellamouth','3732 Shannon Wells Apt. 973',43,'68249-3362','shipping_address'),(44,'Ms. Minnie Will Jr.','+15203935508','bernard.streich@example.net','GD','West Virginia','Port Rozellamouth','3732 Shannon Wells Apt. 973',44,'68249-3362','shipping_address'),(45,'Ms. Minnie Will Jr.','+15203935508','bernard.streich@example.net','GD','West Virginia','Port Rozellamouth','3732 Shannon Wells Apt. 973',45,'68249-3362','shipping_address'),(46,'Ms. Minnie Will Jr.','+15203935508','bernard.streich@example.net','GD','West Virginia','Port Rozellamouth','3732 Shannon Wells Apt. 973',46,'68249-3362','shipping_address'),(47,'Ms. Minnie Will Jr.','+15203935508','bernard.streich@example.net','GD','West Virginia','Port Rozellamouth','3732 Shannon Wells Apt. 973',47,'68249-3362','shipping_address'),(48,'Ms. Minnie Will Jr.','+15203935508','bernard.streich@example.net','GD','West Virginia','Port Rozellamouth','3732 Shannon Wells Apt. 973',48,'68249-3362','shipping_address'),(49,'Ms. Minnie Will Jr.','+15203935508','bernard.streich@example.net','GD','West Virginia','Port Rozellamouth','3732 Shannon Wells Apt. 973',49,'68249-3362','shipping_address'),(50,'Ms. Minnie Will Jr.','+15203935508','bernard.streich@example.net','GD','West Virginia','Port Rozellamouth','3732 Shannon Wells Apt. 973',50,'68249-3362','shipping_address'),(51,'Ms. Minnie Will Jr.','+15203935508','bernard.streich@example.net','GD','West Virginia','Port Rozellamouth','3732 Shannon Wells Apt. 973',51,'68249-3362','shipping_address'),(52,'Aurelia Jerde V','+14847089424','hoconnell@example.org','BM','South Dakota','New Laurianne','3590 Jakob Stravenue Apt. 843',52,'66482','shipping_address'),(53,'Aurelia Jerde V','+14847089424','hoconnell@example.org','BM','South Dakota','New Laurianne','3590 Jakob Stravenue Apt. 843',53,'66482','shipping_address');
/*!40000 ALTER TABLE `ec_order_addresses` ENABLE KEYS */;
UNLOCK TABLES;

--
-- Table structure for table `ec_order_histories`
--

DROP TABLE IF EXISTS `ec_order_histories`;
/*!40101 SET @saved_cs_client     = @@character_set_client */;
/*!50503 SET character_set_client = utf8mb4 */;
CREATE TABLE `ec_order_histories` (
  `id` bigint unsigned NOT NULL AUTO_INCREMENT,
  `action` varchar(120) COLLATE utf8mb4_unicode_ci NOT NULL,
  `description` varchar(255) COLLATE utf8mb4_unicode_ci NOT NULL,
  `user_id` bigint unsigned DEFAULT NULL,
  `order_id` bigint unsigned NOT NULL,
  `extras` text COLLATE utf8mb4_unicode_ci,
  `created_at` timestamp NULL DEFAULT NULL,
  `updated_at` timestamp NULL DEFAULT NULL,
  PRIMARY KEY (`id`)
) ENGINE=InnoDB AUTO_INCREMENT=241 DEFAULT CHARSET=utf8mb4 COLLATE=utf8mb4_unicode_ci;
/*!40101 SET character_set_client = @saved_cs_client */;

--
-- Dumping data for table `ec_order_histories`
--

LOCK TABLES `ec_order_histories` WRITE;
/*!40000 ALTER TABLE `ec_order_histories` DISABLE KEYS */;
INSERT INTO `ec_order_histories` VALUES (1,'create_order_from_seeder','Order is created from the checkout page',NULL,1,NULL,'2023-12-29 09:16:55','2023-12-29 09:16:55'),(2,'confirm_order','Order was verified by %user_name%',0,1,NULL,'2023-12-29 09:16:55','2023-12-29 09:16:55'),(3,'create_shipment','Created shipment for order',0,1,NULL,'2024-01-06 17:16:55','2024-01-06 17:16:55'),(4,'update_status','Changed status of shipping to: Delivered. Updated by: %user_name%',0,1,NULL,'2024-01-06 17:16:56','2024-01-06 17:16:56'),(5,'create_order_from_seeder','Order is created from the checkout page',NULL,2,NULL,'2023-12-22 17:16:56','2023-12-22 17:16:56'),(6,'confirm_order','Order was verified by %user_name%',0,2,NULL,'2023-12-22 17:16:56','2023-12-22 17:16:56'),(7,'confirm_payment','Payment was confirmed (amount $790.00) by %user_name%',0,2,NULL,'2024-01-06 17:16:56','2024-01-06 17:16:56'),(8,'create_shipment','Created shipment for order',0,2,NULL,'2024-01-06 17:16:56','2024-01-06 17:16:56'),(9,'update_status','Changed status of shipping to: Delivered. Updated by: %user_name%',0,2,NULL,'2024-01-06 17:16:56','2024-01-06 17:16:56'),(10,'create_order_from_seeder','Order is created from the checkout page',NULL,3,NULL,'2024-01-03 13:16:56','2024-01-03 13:16:56'),(11,'confirm_order','Order was verified by %user_name%',0,3,NULL,'2024-01-03 13:16:56','2024-01-03 13:16:56'),(12,'confirm_payment','Payment was confirmed (amount $2,595.50) by %user_name%',0,3,NULL,'2024-01-06 17:16:56','2024-01-06 17:16:56'),(13,'create_shipment','Created shipment for order',0,3,NULL,'2024-01-06 17:16:56','2024-01-06 17:16:56'),(14,'update_status','Changed status of shipping to: Delivered. Updated by: %user_name%',0,3,NULL,'2024-01-06 17:16:56','2024-01-06 17:16:56'),(15,'create_order_from_seeder','Order is created from the checkout page',NULL,4,NULL,'2024-01-03 13:16:56','2024-01-03 13:16:56'),(16,'confirm_order','Order was verified by %user_name%',0,4,NULL,'2024-01-03 13:16:56','2024-01-03 13:16:56'),(17,'confirm_payment','Payment was confirmed (amount $1,580.00) by %user_name%',0,4,NULL,'2024-01-06 17:16:56','2024-01-06 17:16:56'),(18,'create_shipment','Created shipment for order',0,4,NULL,'2024-01-06 17:16:56','2024-01-06 17:16:56'),(19,'create_order_from_seeder','Order is created from the checkout page',NULL,5,NULL,'2024-01-01 23:16:56','2024-01-01 23:16:56'),(20,'confirm_order','Order was verified by %user_name%',0,5,NULL,'2024-01-01 23:16:56','2024-01-01 23:16:56'),(21,'confirm_payment','Payment was confirmed (amount $3,897.00) by %user_name%',0,5,NULL,'2024-01-06 17:16:56','2024-01-06 17:16:56'),(22,'create_shipment','Created shipment for order',0,5,NULL,'2024-01-06 17:16:56','2024-01-06 17:16:56'),(23,'create_order_from_seeder','Order is created from the checkout page',NULL,6,NULL,'2023-12-22 17:16:56','2023-12-22 17:16:56'),(24,'confirm_order','Order was verified by %user_name%',0,6,NULL,'2023-12-22 17:16:56','2023-12-22 17:16:56'),(25,'confirm_payment','Payment was confirmed (amount $1,853.00) by %user_name%',0,6,NULL,'2024-01-06 17:16:56','2024-01-06 17:16:56'),(26,'create_shipment','Created shipment for order',0,6,NULL,'2024-01-06 17:16:56','2024-01-06 17:16:56'),(27,'update_status','Changed status of shipping to: Delivered. Updated by: %user_name%',0,6,NULL,'2024-01-06 17:16:57','2024-01-06 17:16:57'),(28,'create_order_from_seeder','Order is created from the checkout page',NULL,7,NULL,'2023-12-28 17:16:57','2023-12-28 17:16:57'),(29,'confirm_order','Order was verified by %user_name%',0,7,NULL,'2023-12-28 17:16:57','2023-12-28 17:16:57'),(30,'confirm_payment','Payment was confirmed (amount $1,291.00) by %user_name%',0,7,NULL,'2024-01-06 17:16:57','2024-01-06 17:16:57'),(31,'create_shipment','Created shipment for order',0,7,NULL,'2024-01-06 17:16:57','2024-01-06 17:16:57'),(32,'update_status','Changed status of shipping to: Delivered. Updated by: %user_name%',0,7,NULL,'2024-01-06 17:16:57','2024-01-06 17:16:57'),(33,'create_order_from_seeder','Order is created from the checkout page',NULL,8,NULL,'2023-12-28 17:16:57','2023-12-28 17:16:57'),(34,'confirm_order','Order was verified by %user_name%',0,8,NULL,'2023-12-28 17:16:57','2023-12-28 17:16:57'),(35,'confirm_payment','Payment was confirmed (amount $2,220.00) by %user_name%',0,8,NULL,'2024-01-06 17:16:57','2024-01-06 17:16:57'),(36,'update_status','Changed status of shipping to: . Updated by: %user_name%',0,8,NULL,'2024-01-06 17:16:57','2024-01-06 17:16:57'),(37,'create_order_from_seeder','Order is created from the checkout page',NULL,9,NULL,'2024-01-01 01:16:57','2024-01-01 01:16:57'),(38,'confirm_order','Order was verified by %user_name%',0,9,NULL,'2024-01-01 01:16:57','2024-01-01 01:16:57'),(39,'confirm_payment','Payment was confirmed (amount $575.00) by %user_name%',0,9,NULL,'2024-01-06 17:16:57','2024-01-06 17:16:57'),(40,'create_shipment','Created shipment for order',0,9,NULL,'2024-01-06 17:16:57','2024-01-06 17:16:57'),(41,'update_status','Changed status of shipping to: Delivered. Updated by: %user_name%',0,9,NULL,'2024-01-06 17:16:57','2024-01-06 17:16:57'),(42,'create_order_from_seeder','Order is created from the checkout page',NULL,10,NULL,'2023-12-23 13:16:57','2023-12-23 13:16:57'),(43,'confirm_order','Order was verified by %user_name%',0,10,NULL,'2023-12-23 13:16:57','2023-12-23 13:16:57'),(44,'confirm_payment','Payment was confirmed (amount $2,631.00) by %user_name%',0,10,NULL,'2024-01-06 17:16:57','2024-01-06 17:16:57'),(45,'update_status','Changed status of shipping to: . Updated by: %user_name%',0,10,NULL,'2024-01-06 17:16:57','2024-01-06 17:16:57'),(46,'create_order_from_seeder','Order is created from the checkout page',NULL,11,NULL,'2024-01-01 09:16:57','2024-01-01 09:16:57'),(47,'confirm_order','Order was verified by %user_name%',0,11,NULL,'2024-01-01 09:16:57','2024-01-01 09:16:57'),(48,'confirm_payment','Payment was confirmed (amount $2,002.00) by %user_name%',0,11,NULL,'2024-01-06 17:16:57','2024-01-06 17:16:57'),(49,'create_shipment','Created shipment for order',0,11,NULL,'2024-01-06 17:16:57','2024-01-06 17:16:57'),(50,'update_status','Changed status of shipping to: Delivered. Updated by: %user_name%',0,11,NULL,'2024-01-06 17:16:57','2024-01-06 17:16:57'),(51,'create_order_from_seeder','Order is created from the checkout page',NULL,12,NULL,'2023-12-31 01:16:58','2023-12-31 01:16:58'),(52,'confirm_order','Order was verified by %user_name%',0,12,NULL,'2023-12-31 01:16:58','2023-12-31 01:16:58'),(53,'confirm_payment','Payment was confirmed (amount $2,556.00) by %user_name%',0,12,NULL,'2024-01-06 17:16:58','2024-01-06 17:16:58'),(54,'create_shipment','Created shipment for order',0,12,NULL,'2024-01-06 17:16:58','2024-01-06 17:16:58'),(55,'create_order_from_seeder','Order is created from the checkout page',NULL,13,NULL,'2024-01-02 23:16:58','2024-01-02 23:16:58'),(56,'confirm_order','Order was verified by %user_name%',0,13,NULL,'2024-01-02 23:16:58','2024-01-02 23:16:58'),(57,'confirm_payment','Payment was confirmed (amount $3,768.00) by %user_name%',0,13,NULL,'2024-01-06 17:16:58','2024-01-06 17:16:58'),(58,'create_shipment','Created shipment for order',0,13,NULL,'2024-01-06 17:16:58','2024-01-06 17:16:58'),(59,'update_status','Changed status of shipping to: Delivered. Updated by: %user_name%',0,13,NULL,'2024-01-06 17:16:58','2024-01-06 17:16:58'),(60,'create_order_from_seeder','Order is created from the checkout page',NULL,14,NULL,'2024-01-02 23:16:58','2024-01-02 23:16:58'),(61,'confirm_order','Order was verified by %user_name%',0,14,NULL,'2024-01-02 23:16:58','2024-01-02 23:16:58'),(62,'create_shipment','Created shipment for order',0,14,NULL,'2024-01-06 17:16:58','2024-01-06 17:16:58'),(63,'update_status','Changed status of shipping to: Delivered. Updated by: %user_name%',0,14,NULL,'2024-01-06 17:16:58','2024-01-06 17:16:58'),(64,'create_order_from_seeder','Order is created from the checkout page',NULL,15,NULL,'2023-12-30 05:16:58','2023-12-30 05:16:58'),(65,'confirm_order','Order was verified by %user_name%',0,15,NULL,'2023-12-30 05:16:58','2023-12-30 05:16:58'),(66,'create_order_from_seeder','Order is created from the checkout page',NULL,16,NULL,'2023-12-29 13:16:58','2023-12-29 13:16:58'),(67,'confirm_order','Order was verified by %user_name%',0,16,NULL,'2023-12-29 13:16:58','2023-12-29 13:16:58'),(68,'confirm_payment','Payment was confirmed (amount $2,496.00) by %user_name%',0,16,NULL,'2024-01-06 17:16:58','2024-01-06 17:16:58'),(69,'create_shipment','Created shipment for order',0,16,NULL,'2024-01-06 17:16:58','2024-01-06 17:16:58'),(70,'create_order_from_seeder','Order is created from the checkout page',NULL,17,NULL,'2024-01-03 05:16:58','2024-01-03 05:16:58'),(71,'confirm_order','Order was verified by %user_name%',0,17,NULL,'2024-01-03 05:16:58','2024-01-03 05:16:58'),(72,'confirm_payment','Payment was confirmed (amount $1,932.00) by %user_name%',0,17,NULL,'2024-01-06 17:16:58','2024-01-06 17:16:58'),(73,'create_shipment','Created shipment for order',0,17,NULL,'2024-01-06 17:16:59','2024-01-06 17:16:59'),(74,'create_order_from_seeder','Order is created from the checkout page',NULL,18,NULL,'2024-01-04 13:16:59','2024-01-04 13:16:59'),(75,'confirm_order','Order was verified by %user_name%',0,18,NULL,'2024-01-04 13:16:59','2024-01-04 13:16:59'),(76,'confirm_payment','Payment was confirmed (amount $2,582.00) by %user_name%',0,18,NULL,'2024-01-06 17:16:59','2024-01-06 17:16:59'),(77,'create_shipment','Created shipment for order',0,18,NULL,'2024-01-06 17:16:59','2024-01-06 17:16:59'),(78,'create_order_from_seeder','Order is created from the checkout page',NULL,19,NULL,'2024-01-04 13:16:59','2024-01-04 13:16:59'),(79,'confirm_order','Order was verified by %user_name%',0,19,NULL,'2024-01-04 13:16:59','2024-01-04 13:16:59'),(80,'confirm_payment','Payment was confirmed (amount $2,979.00) by %user_name%',0,19,NULL,'2024-01-06 17:16:59','2024-01-06 17:16:59'),(81,'create_shipment','Created shipment for order',0,19,NULL,'2024-01-06 17:16:59','2024-01-06 17:16:59'),(82,'update_status','Changed status of shipping to: Delivered. Updated by: %user_name%',0,19,NULL,'2024-01-06 17:16:59','2024-01-06 17:16:59'),(83,'create_order_from_seeder','Order is created from the checkout page',NULL,20,NULL,'2023-12-29 01:16:59','2023-12-29 01:16:59'),(84,'confirm_order','Order was verified by %user_name%',0,20,NULL,'2023-12-29 01:16:59','2023-12-29 01:16:59'),(85,'create_shipment','Created shipment for order',0,20,NULL,'2024-01-06 17:16:59','2024-01-06 17:16:59'),(86,'create_order_from_seeder','Order is created from the checkout page',NULL,21,NULL,'2024-01-05 17:16:59','2024-01-05 17:16:59'),(87,'confirm_order','Order was verified by %user_name%',0,21,NULL,'2024-01-05 17:16:59','2024-01-05 17:16:59'),(88,'confirm_payment','Payment was confirmed (amount $590.00) by %user_name%',0,21,NULL,'2024-01-06 17:16:59','2024-01-06 17:16:59'),(89,'update_status','Changed status of shipping to: . Updated by: %user_name%',0,21,NULL,'2024-01-06 17:16:59','2024-01-06 17:16:59'),(90,'create_order_from_seeder','Order is created from the checkout page',NULL,22,NULL,'2023-12-31 17:16:59','2023-12-31 17:16:59'),(91,'confirm_order','Order was verified by %user_name%',0,22,NULL,'2023-12-31 17:16:59','2023-12-31 17:16:59'),(92,'confirm_payment','Payment was confirmed (amount $1,700.00) by %user_name%',0,22,NULL,'2024-01-06 17:16:59','2024-01-06 17:16:59'),(93,'create_shipment','Created shipment for order',0,22,NULL,'2024-01-06 17:16:59','2024-01-06 17:16:59'),(94,'create_order_from_seeder','Order is created from the checkout page',NULL,23,NULL,'2024-01-03 17:16:59','2024-01-03 17:16:59'),(95,'confirm_order','Order was verified by %user_name%',0,23,NULL,'2024-01-03 17:16:59','2024-01-03 17:16:59'),(96,'confirm_payment','Payment was confirmed (amount $1,209.00) by %user_name%',0,23,NULL,'2024-01-06 17:16:59','2024-01-06 17:16:59'),(97,'update_status','Changed status of shipping to: . Updated by: %user_name%',0,23,NULL,'2024-01-06 17:17:00','2024-01-06 17:17:00'),(98,'create_order_from_seeder','Order is created from the checkout page',NULL,24,NULL,'2024-01-04 17:17:00','2024-01-04 17:17:00'),(99,'confirm_order','Order was verified by %user_name%',0,24,NULL,'2024-01-04 17:17:00','2024-01-04 17:17:00'),(100,'create_order_from_seeder','Order is created from the checkout page',NULL,25,NULL,'2024-01-05 19:17:00','2024-01-05 19:17:00'),(101,'confirm_order','Order was verified by %user_name%',0,25,NULL,'2024-01-05 19:17:00','2024-01-05 19:17:00'),(102,'confirm_payment','Payment was confirmed (amount $8,397.00) by %user_name%',0,25,NULL,'2024-01-06 17:17:00','2024-01-06 17:17:00'),(103,'create_shipment','Created shipment for order',0,25,NULL,'2024-01-06 17:17:00','2024-01-06 17:17:00'),(104,'update_status','Changed status of shipping to: Delivered. Updated by: %user_name%',0,25,NULL,'2024-01-06 17:17:00','2024-01-06 17:17:00'),(105,'create_order_from_seeder','Order is created from the checkout page',NULL,26,NULL,'2024-01-01 05:17:00','2024-01-01 05:17:00'),(106,'confirm_order','Order was verified by %user_name%',0,26,NULL,'2024-01-01 05:17:00','2024-01-01 05:17:00'),(107,'confirm_payment','Payment was confirmed (amount $2,308.00) by %user_name%',0,26,NULL,'2024-01-06 17:17:00','2024-01-06 17:17:00'),(108,'create_shipment','Created shipment for order',0,26,NULL,'2024-01-06 17:17:00','2024-01-06 17:17:00'),(109,'update_status','Changed status of shipping to: Delivered. Updated by: %user_name%',0,26,NULL,'2024-01-06 17:17:00','2024-01-06 17:17:00'),(110,'create_order_from_seeder','Order is created from the checkout page',NULL,27,NULL,'2024-01-05 01:17:00','2024-01-05 01:17:00'),(111,'confirm_order','Order was verified by %user_name%',0,27,NULL,'2024-01-05 01:17:00','2024-01-05 01:17:00'),(112,'confirm_payment','Payment was confirmed (amount $2,158.00) by %user_name%',0,27,NULL,'2024-01-06 17:17:00','2024-01-06 17:17:00'),(113,'create_shipment','Created shipment for order',0,27,NULL,'2024-01-06 17:17:00','2024-01-06 17:17:00'),(114,'update_status','Changed status of shipping to: Delivered. Updated by: %user_name%',0,27,NULL,'2024-01-06 17:17:00','2024-01-06 17:17:00'),(115,'create_order_from_seeder','Order is created from the checkout page',NULL,28,NULL,'2023-12-30 05:17:00','2023-12-30 05:17:00'),(116,'confirm_order','Order was verified by %user_name%',0,28,NULL,'2023-12-30 05:17:00','2023-12-30 05:17:00'),(117,'confirm_payment','Payment was confirmed (amount $1,133.00) by %user_name%',0,28,NULL,'2024-01-06 17:17:00','2024-01-06 17:17:00'),(118,'create_shipment','Created shipment for order',0,28,NULL,'2024-01-06 17:17:00','2024-01-06 17:17:00'),(119,'update_status','Changed status of shipping to: Delivered. Updated by: %user_name%',0,28,NULL,'2024-01-06 17:17:00','2024-01-06 17:17:00'),(120,'create_order_from_seeder','Order is created from the checkout page',NULL,29,NULL,'2024-01-02 13:17:00','2024-01-02 13:17:00'),(121,'confirm_order','Order was verified by %user_name%',0,29,NULL,'2024-01-02 13:17:00','2024-01-02 13:17:00'),(122,'confirm_payment','Payment was confirmed (amount $1,063.00) by %user_name%',0,29,NULL,'2024-01-06 17:17:00','2024-01-06 17:17:00'),(123,'update_status','Changed status of shipping to: . Updated by: %user_name%',0,29,NULL,'2024-01-06 17:17:01','2024-01-06 17:17:01'),(124,'create_order_from_seeder','Order is created from the checkout page',NULL,30,NULL,'2024-01-02 23:17:01','2024-01-02 23:17:01'),(125,'confirm_order','Order was verified by %user_name%',0,30,NULL,'2024-01-02 23:17:01','2024-01-02 23:17:01'),(126,'create_shipment','Created shipment for order',0,30,NULL,'2024-01-06 17:17:01','2024-01-06 17:17:01'),(127,'update_status','Changed status of shipping to: Delivered. Updated by: %user_name%',0,30,NULL,'2024-01-06 17:17:01','2024-01-06 17:17:01'),(128,'create_order_from_seeder','Order is created from the checkout page',NULL,31,NULL,'2024-01-05 23:17:01','2024-01-05 23:17:01'),(129,'confirm_order','Order was verified by %user_name%',0,31,NULL,'2024-01-05 23:17:01','2024-01-05 23:17:01'),(130,'confirm_payment','Payment was confirmed (amount $3,462.00) by %user_name%',0,31,NULL,'2024-01-06 17:17:01','2024-01-06 17:17:01'),(131,'create_shipment','Created shipment for order',0,31,NULL,'2024-01-06 17:17:01','2024-01-06 17:17:01'),(132,'update_status','Changed status of shipping to: Delivered. Updated by: %user_name%',0,31,NULL,'2024-01-06 17:17:01','2024-01-06 17:17:01'),(133,'create_order_from_seeder','Order is created from the checkout page',NULL,32,NULL,'2023-12-31 01:17:01','2023-12-31 01:17:01'),(134,'confirm_order','Order was verified by %user_name%',0,32,NULL,'2023-12-31 01:17:01','2023-12-31 01:17:01'),(135,'confirm_payment','Payment was confirmed (amount $5,202.00) by %user_name%',0,32,NULL,'2024-01-06 17:17:01','2024-01-06 17:17:01'),(136,'update_status','Changed status of shipping to: . Updated by: %user_name%',0,32,NULL,'2024-01-06 17:17:01','2024-01-06 17:17:01'),(137,'create_order_from_seeder','Order is created from the checkout page',NULL,33,NULL,'2024-01-04 17:17:01','2024-01-04 17:17:01'),(138,'confirm_order','Order was verified by %user_name%',0,33,NULL,'2024-01-04 17:17:01','2024-01-04 17:17:01'),(139,'confirm_payment','Payment was confirmed (amount $1,917.00) by %user_name%',0,33,NULL,'2024-01-06 17:17:01','2024-01-06 17:17:01'),(140,'create_shipment','Created shipment for order',0,33,NULL,'2024-01-06 17:17:01','2024-01-06 17:17:01'),(141,'update_status','Changed status of shipping to: Delivered. Updated by: %user_name%',0,33,NULL,'2024-01-06 17:17:01','2024-01-06 17:17:01'),(142,'create_order_from_seeder','Order is created from the checkout page',NULL,34,NULL,'2024-01-01 09:17:01','2024-01-01 09:17:01'),(143,'confirm_order','Order was verified by %user_name%',0,34,NULL,'2024-01-01 09:17:01','2024-01-01 09:17:01'),(144,'confirm_payment','Payment was confirmed (amount $2,370.00) by %user_name%',0,34,NULL,'2024-01-06 17:17:01','2024-01-06 17:17:01'),(145,'create_shipment','Created shipment for order',0,34,NULL,'2024-01-06 17:17:01','2024-01-06 17:17:01'),(146,'create_order_from_seeder','Order is created from the checkout page',NULL,35,NULL,'2024-01-03 05:17:01','2024-01-03 05:17:01'),(147,'confirm_order','Order was verified by %user_name%',0,35,NULL,'2024-01-03 05:17:01','2024-01-03 05:17:01'),(148,'confirm_payment','Payment was confirmed (amount $4,166.00) by %user_name%',0,35,NULL,'2024-01-06 17:17:01','2024-01-06 17:17:01'),(149,'create_shipment','Created shipment for order',0,35,NULL,'2024-01-06 17:17:02','2024-01-06 17:17:02'),(150,'create_order_from_seeder','Order is created from the checkout page',NULL,36,NULL,'2024-01-03 19:17:02','2024-01-03 19:17:02'),(151,'confirm_order','Order was verified by %user_name%',0,36,NULL,'2024-01-03 19:17:02','2024-01-03 19:17:02'),(152,'create_shipment','Created shipment for order',0,36,NULL,'2024-01-06 17:17:02','2024-01-06 17:17:02'),(153,'update_status','Changed status of shipping to: Delivered. Updated by: %user_name%',0,36,NULL,'2024-01-06 17:17:02','2024-01-06 17:17:02'),(154,'create_order_from_seeder','Order is created from the checkout page',NULL,37,NULL,'2024-01-06 05:17:02','2024-01-06 05:17:02'),(155,'confirm_order','Order was verified by %user_name%',0,37,NULL,'2024-01-06 05:17:02','2024-01-06 05:17:02'),(156,'confirm_payment','Payment was confirmed (amount $4,197.00) by %user_name%',0,37,NULL,'2024-01-06 17:17:02','2024-01-06 17:17:02'),(157,'create_shipment','Created shipment for order',0,37,NULL,'2024-01-06 17:17:02','2024-01-06 17:17:02'),(158,'update_status','Changed status of shipping to: Delivered. Updated by: %user_name%',0,37,NULL,'2024-01-06 17:17:02','2024-01-06 17:17:02'),(159,'create_order_from_seeder','Order is created from the checkout page',NULL,38,NULL,'2024-01-02 17:17:02','2024-01-02 17:17:02'),(160,'confirm_order','Order was verified by %user_name%',0,38,NULL,'2024-01-02 17:17:02','2024-01-02 17:17:02'),(161,'create_order_from_seeder','Order is created from the checkout page',NULL,39,NULL,'2024-01-03 17:17:02','2024-01-03 17:17:02'),(162,'confirm_order','Order was verified by %user_name%',0,39,NULL,'2024-01-03 17:17:02','2024-01-03 17:17:02'),(163,'confirm_payment','Payment was confirmed (amount $2,685.00) by %user_name%',0,39,NULL,'2024-01-06 17:17:02','2024-01-06 17:17:02'),(164,'create_shipment','Created shipment for order',0,39,NULL,'2024-01-06 17:17:02','2024-01-06 17:17:02'),(165,'create_order_from_seeder','Order is created from the checkout page',NULL,40,NULL,'2024-01-03 19:17:02','2024-01-03 19:17:02'),(166,'confirm_order','Order was verified by %user_name%',0,40,NULL,'2024-01-03 19:17:02','2024-01-03 19:17:02'),(167,'confirm_payment','Payment was confirmed (amount $1,184.00) by %user_name%',0,40,NULL,'2024-01-06 17:17:02','2024-01-06 17:17:02'),(168,'create_shipment','Created shipment for order',0,40,NULL,'2024-01-06 17:17:02','2024-01-06 17:17:02'),(169,'update_status','Changed status of shipping to: Delivered. Updated by: %user_name%',0,40,NULL,'2024-01-06 17:17:02','2024-01-06 17:17:02'),(170,'create_order_from_seeder','Order is created from the checkout page',NULL,41,NULL,'2024-01-05 11:17:02','2024-01-05 11:17:02'),(171,'confirm_order','Order was verified by %user_name%',0,41,NULL,'2024-01-05 11:17:02','2024-01-05 11:17:02'),(172,'confirm_payment','Payment was confirmed (amount $2,979.00) by %user_name%',0,41,NULL,'2024-01-06 17:17:02','2024-01-06 17:17:02'),(173,'create_shipment','Created shipment for order',0,41,NULL,'2024-01-06 17:17:03','2024-01-06 17:17:03'),(174,'update_status','Changed status of shipping to: Delivered. Updated by: %user_name%',0,41,NULL,'2024-01-06 17:17:03','2024-01-06 17:17:03'),(175,'create_order_from_seeder','Order is created from the checkout page',NULL,42,NULL,'2024-01-06 09:17:03','2024-01-06 09:17:03'),(176,'confirm_order','Order was verified by %user_name%',0,42,NULL,'2024-01-06 09:17:03','2024-01-06 09:17:03'),(177,'confirm_payment','Payment was confirmed (amount $2,266.00) by %user_name%',0,42,NULL,'2024-01-06 17:17:03','2024-01-06 17:17:03'),(178,'create_shipment','Created shipment for order',0,42,NULL,'2024-01-06 17:17:03','2024-01-06 17:17:03'),(179,'update_status','Changed status of shipping to: Delivered. Updated by: %user_name%',0,42,NULL,'2024-01-06 17:17:03','2024-01-06 17:17:03'),(180,'create_order_from_seeder','Order is created from the checkout page',NULL,43,NULL,'2024-01-04 17:17:03','2024-01-04 17:17:03'),(181,'confirm_order','Order was verified by %user_name%',0,43,NULL,'2024-01-04 17:17:03','2024-01-04 17:17:03'),(182,'confirm_payment','Payment was confirmed (amount $1,180.00) by %user_name%',0,43,NULL,'2024-01-06 17:17:03','2024-01-06 17:17:03'),(183,'update_status','Changed status of shipping to: . Updated by: %user_name%',0,43,NULL,'2024-01-06 17:17:03','2024-01-06 17:17:03'),(184,'create_order_from_seeder','Order is created from the checkout page',NULL,44,NULL,'2024-01-04 09:17:03','2024-01-04 09:17:03'),(185,'confirm_order','Order was verified by %user_name%',0,44,NULL,'2024-01-04 09:17:03','2024-01-04 09:17:03'),(186,'confirm_payment','Payment was confirmed (amount $575.00) by %user_name%',0,44,NULL,'2024-01-06 17:17:03','2024-01-06 17:17:03'),(187,'create_shipment','Created shipment for order',0,44,NULL,'2024-01-06 17:17:03','2024-01-06 17:17:03'),(188,'create_order_from_seeder','Order is created from the checkout page',NULL,45,NULL,'2024-01-06 09:17:03','2024-01-06 09:17:03'),(189,'confirm_order','Order was verified by %user_name%',0,45,NULL,'2024-01-06 09:17:03','2024-01-06 09:17:03'),(190,'confirm_payment','Payment was confirmed (amount $774.00) by %user_name%',0,45,NULL,'2024-01-06 17:17:03','2024-01-06 17:17:03'),(191,'create_shipment','Created shipment for order',0,45,NULL,'2024-01-06 17:17:03','2024-01-06 17:17:03'),(192,'create_order_from_seeder','Order is created from the checkout page',NULL,46,NULL,'2024-01-06 11:17:03','2024-01-06 11:17:03'),(193,'confirm_order','Order was verified by %user_name%',0,46,NULL,'2024-01-06 11:17:03','2024-01-06 11:17:03'),(194,'confirm_payment','Payment was confirmed (amount $611.00) by %user_name%',0,46,NULL,'2024-01-06 17:17:03','2024-01-06 17:17:03'),(195,'create_shipment','Created shipment for order',0,46,NULL,'2024-01-06 17:17:03','2024-01-06 17:17:03'),(196,'create_order_from_seeder','Order is created from the checkout page',NULL,47,NULL,'2024-01-06 11:17:03','2024-01-06 11:17:03'),(197,'confirm_order','Order was verified by %user_name%',0,47,NULL,'2024-01-06 11:17:03','2024-01-06 11:17:03'),(198,'create_shipment','Created shipment for order',0,47,NULL,'2024-01-06 17:17:04','2024-01-06 17:17:04'),(199,'update_status','Changed status of shipping to: Delivered. Updated by: %user_name%',0,47,NULL,'2024-01-06 17:17:04','2024-01-06 17:17:04'),(200,'create_order_from_seeder','Order is created from the checkout page',NULL,48,NULL,'2024-01-05 11:17:04','2024-01-05 11:17:04'),(201,'confirm_order','Order was verified by %user_name%',0,48,NULL,'2024-01-05 11:17:04','2024-01-05 11:17:04'),(202,'confirm_payment','Payment was confirmed (amount $895.00) by %user_name%',0,48,NULL,'2024-01-06 17:17:04','2024-01-06 17:17:04'),(203,'create_shipment','Created shipment for order',0,48,NULL,'2024-01-06 17:17:04','2024-01-06 17:17:04'),(204,'create_order_from_seeder','Order is created from the checkout page',NULL,49,NULL,'2024-01-05 17:17:04','2024-01-05 17:17:04'),(205,'confirm_order','Order was verified by %user_name%',0,49,NULL,'2024-01-05 17:17:04','2024-01-05 17:17:04'),(206,'create_shipment','Created shipment for order',0,49,NULL,'2024-01-06 17:17:04','2024-01-06 17:17:04'),(207,'create_order_from_seeder','Order is created from the checkout page',NULL,50,NULL,'2024-01-06 05:17:04','2024-01-06 05:17:04'),(208,'confirm_order','Order was verified by %user_name%',0,50,NULL,'2024-01-06 05:17:04','2024-01-06 05:17:04'),(209,'confirm_payment','Payment was confirmed (amount $1,166.00) by %user_name%',0,50,NULL,'2024-01-06 17:17:04','2024-01-06 17:17:04'),(210,'create_shipment','Created shipment for order',0,50,NULL,'2024-01-06 17:17:04','2024-01-06 17:17:04'),(211,'update_status','Changed status of shipping to: Delivered. Updated by: %user_name%',0,50,NULL,'2024-01-06 17:17:04','2024-01-06 17:17:04'),(212,'create_order_from_seeder','Order is created from the checkout page',NULL,51,NULL,'2024-01-05 21:17:04','2024-01-05 21:17:04'),(213,'confirm_order','Order was verified by %user_name%',0,51,NULL,'2024-01-05 21:17:04','2024-01-05 21:17:04'),(214,'create_order_from_seeder','Order is created from the checkout page',NULL,52,NULL,'2024-01-06 11:17:04','2024-01-06 11:17:04'),(215,'confirm_order','Order was verified by %user_name%',0,52,NULL,'2024-01-06 11:17:04','2024-01-06 11:17:04'),(216,'create_shipment','Created shipment for order',0,52,NULL,'2024-01-06 17:17:04','2024-01-06 17:17:04'),(217,'update_status','Changed status of shipping to: Delivered. Updated by: %user_name%',0,52,NULL,'2024-01-06 17:17:04','2024-01-06 17:17:04'),(218,'create_order_from_seeder','Order is created from the checkout page',NULL,53,NULL,'2024-01-06 15:17:04','2024-01-06 15:17:04'),(219,'confirm_order','Order was verified by %user_name%',0,53,NULL,'2024-01-06 15:17:04','2024-01-06 15:17:04'),(220,'confirm_payment','Payment was confirmed (amount $6,929.00) by %user_name%',0,53,NULL,'2024-01-06 17:17:04','2024-01-06 17:17:04'),(221,'create_shipment','Created shipment for order',0,53,NULL,'2024-01-06 17:17:05','2024-01-06 17:17:05'),(222,'update_status','Order confirmed by %user_name%',0,2,NULL,'2024-01-06 17:17:05','2024-01-06 17:17:05'),(223,'update_status','Order confirmed by %user_name%',0,3,NULL,'2024-01-06 17:17:05','2024-01-06 17:17:05'),(224,'update_status','Order confirmed by %user_name%',0,6,NULL,'2024-01-06 17:17:06','2024-01-06 17:17:06'),(225,'update_status','Order confirmed by %user_name%',0,7,NULL,'2024-01-06 17:17:06','2024-01-06 17:17:06'),(226,'update_status','Order confirmed by %user_name%',0,9,NULL,'2024-01-06 17:17:07','2024-01-06 17:17:07'),(227,'update_status','Order confirmed by %user_name%',0,11,NULL,'2024-01-06 17:17:07','2024-01-06 17:17:07'),(228,'update_status','Order confirmed by %user_name%',0,13,NULL,'2024-01-06 17:17:08','2024-01-06 17:17:08'),(229,'update_status','Order confirmed by %user_name%',0,19,NULL,'2024-01-06 17:17:09','2024-01-06 17:17:09'),(230,'update_status','Order confirmed by %user_name%',0,25,NULL,'2024-01-06 17:17:09','2024-01-06 17:17:09'),(231,'update_status','Order confirmed by %user_name%',0,26,NULL,'2024-01-06 17:17:10','2024-01-06 17:17:10'),(232,'update_status','Order confirmed by %user_name%',0,27,NULL,'2024-01-06 17:17:10','2024-01-06 17:17:10'),(233,'update_status','Order confirmed by %user_name%',0,28,NULL,'2024-01-06 17:17:11','2024-01-06 17:17:11'),(234,'update_status','Order confirmed by %user_name%',0,31,NULL,'2024-01-06 17:17:11','2024-01-06 17:17:11'),(235,'update_status','Order confirmed by %user_name%',0,33,NULL,'2024-01-06 17:17:12','2024-01-06 17:17:12'),(236,'update_status','Order confirmed by %user_name%',0,37,NULL,'2024-01-06 17:17:12','2024-01-06 17:17:12'),(237,'update_status','Order confirmed by %user_name%',0,40,NULL,'2024-01-06 17:17:13','2024-01-06 17:17:13'),(238,'update_status','Order confirmed by %user_name%',0,41,NULL,'2024-01-06 17:17:13','2024-01-06 17:17:13'),(239,'update_status','Order confirmed by %user_name%',0,42,NULL,'2024-01-06 17:17:14','2024-01-06 17:17:14'),(240,'update_status','Order confirmed by %user_name%',0,50,NULL,'2024-01-06 17:17:14','2024-01-06 17:17:14');
/*!40000 ALTER TABLE `ec_order_histories` ENABLE KEYS */;
UNLOCK TABLES;

--
-- Table structure for table `ec_order_product`
--

DROP TABLE IF EXISTS `ec_order_product`;
/*!40101 SET @saved_cs_client     = @@character_set_client */;
/*!50503 SET character_set_client = utf8mb4 */;
CREATE TABLE `ec_order_product` (
  `id` bigint unsigned NOT NULL AUTO_INCREMENT,
  `order_id` bigint unsigned NOT NULL,
  `qty` int NOT NULL,
  `price` decimal(15,2) NOT NULL,
  `tax_amount` decimal(15,2) NOT NULL,
  `options` text COLLATE utf8mb4_unicode_ci,
  `product_options` text COLLATE utf8mb4_unicode_ci COMMENT 'product option data',
  `product_id` bigint unsigned DEFAULT NULL,
  `product_name` varchar(191) COLLATE utf8mb4_unicode_ci NOT NULL,
  `product_image` varchar(191) COLLATE utf8mb4_unicode_ci DEFAULT NULL,
  `weight` double(8,2) DEFAULT '0.00',
  `restock_quantity` int unsigned DEFAULT '0',
  `created_at` timestamp NULL DEFAULT NULL,
  `updated_at` timestamp NULL DEFAULT NULL,
  `product_type` varchar(60) COLLATE utf8mb4_unicode_ci NOT NULL DEFAULT 'physical',
  `times_downloaded` int NOT NULL DEFAULT '0',
  `license_code` char(36) COLLATE utf8mb4_unicode_ci DEFAULT NULL,
  PRIMARY KEY (`id`)
) ENGINE=InnoDB AUTO_INCREMENT=67 DEFAULT CHARSET=utf8mb4 COLLATE=utf8mb4_unicode_ci;
/*!40101 SET character_set_client = @saved_cs_client */;

--
-- Dumping data for table `ec_order_product`
--

LOCK TABLES `ec_order_product` WRITE;
/*!40000 ALTER TABLE `ec_order_product` DISABLE KEYS */;
INSERT INTO `ec_order_product` VALUES (1,1,1,20.00,0.00,'[]',NULL,74,'Beat Headphone','products/3.jpg',667.00,0,'2024-01-06 17:16:55','2024-01-06 17:16:55','physical',0,NULL),(2,2,1,790.00,0.00,'[]',NULL,192,'Aptamil Follow On Baby Milk','products/51.jpg',866.00,0,'2024-01-06 17:16:56','2024-01-06 17:16:56','physical',0,NULL),(3,3,3,40.50,0.00,'[]',NULL,70,'Smart Watches','products/2-2.jpg',1644.00,0,'2024-01-06 17:16:56','2024-01-06 17:16:56','physical',0,NULL),(4,3,2,1237.00,0.00,'[]',NULL,84,'Smart Televisions','products/8.jpg',1546.00,0,'2024-01-06 17:16:56','2024-01-06 17:16:56','physical',0,NULL),(5,4,2,790.00,0.00,'[]',NULL,192,'Aptamil Follow On Baby Milk','products/51.jpg',1732.00,0,'2024-01-06 17:16:56','2024-01-06 17:16:56','physical',0,NULL),(6,5,3,1299.00,0.00,'[]',NULL,215,'Large Green Bell Pepper','products/63.jpg',1656.00,0,'2024-01-06 17:16:56','2024-01-06 17:16:56','physical',0,NULL),(7,6,1,1138.00,0.00,'[]',NULL,126,'Crock Pot Slow Cooker (Digital)','products/25.jpg',652.00,0,'2024-01-06 17:16:56','2024-01-06 17:16:56','digital',5,NULL),(8,6,1,715.00,0.00,'[]',NULL,179,'Famart Farmhouse Soft White','products/47.jpg',577.00,0,'2024-01-06 17:16:56','2024-01-06 17:16:56','physical',0,NULL),(9,7,1,1291.00,0.00,'[]',NULL,140,'Bar S – Classic Bun Length Franks','products/30.jpg',695.00,0,'2024-01-06 17:16:57','2024-01-06 17:16:57','physical',0,NULL),(10,8,2,1110.00,0.00,'[]',NULL,147,'Häagen-Dazs Salted Caramel (Digital)','products/33-1.jpg',1736.00,0,'2024-01-06 17:16:57','2024-01-06 17:16:57','digital',3,NULL),(11,9,1,575.00,0.00,'[]',NULL,98,'B&O Play Mini Bluetooth Speaker','products/14.jpg',773.00,0,'2024-01-06 17:16:57','2024-01-06 17:16:57','physical',0,NULL),(12,10,3,877.00,0.00,'[]',NULL,117,'MVMTH Classical Leather Watch In Black (Digital)','products/21.jpg',2442.00,0,'2024-01-06 17:16:57','2024-01-06 17:16:57','digital',1,NULL),(13,11,1,1212.00,0.00,'[]',NULL,107,'Aveeno Moisturizing Body Shower 450ml','products/18-1.jpg',631.00,0,'2024-01-06 17:16:57','2024-01-06 17:16:57','physical',0,NULL),(14,11,1,790.00,0.00,'[]',NULL,191,'Aptamil Follow On Baby Milk','products/51.jpg',866.00,0,'2024-01-06 17:16:57','2024-01-06 17:16:57','physical',0,NULL),(15,12,3,852.00,0.00,'[]',NULL,133,'Naked Noodle Egg Noodles Singapore','products/28.jpg',2223.00,0,'2024-01-06 17:16:58','2024-01-06 17:16:58','physical',0,NULL),(16,13,2,1113.00,0.00,'[]',NULL,92,'Xbox One Wireless Controller Black Color','products/11-2.jpg',1718.00,0,'2024-01-06 17:16:58','2024-01-06 17:16:58','physical',0,NULL),(17,13,2,771.00,0.00,'[]',NULL,177,'Bottled Pure Water 500ml','products/46-1.jpg',1576.00,0,'2024-01-06 17:16:58','2024-01-06 17:16:58','physical',0,NULL),(18,14,2,611.00,0.00,'[]',NULL,168,'Avocado, Hass Large','products/43.jpg',1628.00,0,'2024-01-06 17:16:58','2024-01-06 17:16:58','physical',0,NULL),(19,15,3,1124.00,0.00,'[]',NULL,184,'Casillero Diablo Cabernet Sauvignon (Digital)','products/49.jpg',2370.00,0,'2024-01-06 17:16:58','2024-01-06 17:16:58','digital',3,NULL),(20,16,2,1248.00,0.00,'[]',NULL,163,'Miko The Panda Water Bottle','products/40-1.jpg',1114.00,0,'2024-01-06 17:16:58','2024-01-06 17:16:58','physical',0,NULL),(21,17,3,644.00,0.00,'[]',NULL,207,'Iceland Spaghetti Bolognese','products/60.jpg',2442.00,0,'2024-01-06 17:16:58','2024-01-06 17:16:58','physical',0,NULL),(22,18,2,1291.00,0.00,'[]',NULL,140,'Bar S – Classic Bun Length Franks','products/30.jpg',1390.00,0,'2024-01-06 17:16:59','2024-01-06 17:16:59','physical',0,NULL),(23,19,3,993.00,0.00,'[]',NULL,142,'Broccoli Crowns','products/31.jpg',2292.00,0,'2024-01-06 17:16:59','2024-01-06 17:16:59','physical',0,NULL),(24,20,1,611.00,0.00,'[]',NULL,170,'Avocado, Hass Large','products/43-2.jpg',814.00,0,'2024-01-06 17:16:59','2024-01-06 17:16:59','physical',0,NULL),(25,21,1,590.00,0.00,'[]',NULL,94,'Sound Intone I65 Earphone White Version (Digital)','products/13.jpg',653.00,0,'2024-01-06 17:16:59','2024-01-06 17:16:59','digital',0,NULL),(26,22,2,850.00,0.00,'[]',NULL,160,'Wayfair Basics Dinner Plate Storage','products/39-1.jpg',1294.00,0,'2024-01-06 17:16:59','2024-01-06 17:16:59','physical',0,NULL),(27,23,1,1209.00,0.00,'[]',NULL,194,'Corn, Yellow Sweet (Digital)','products/53.jpg',600.00,0,'2024-01-06 17:16:59','2024-01-06 17:16:59','digital',0,NULL),(28,24,2,1204.00,0.00,'[]',NULL,200,'Iceland 6 Hot Cross Buns (Digital)','products/57.jpg',1758.00,0,'2024-01-06 17:17:00','2024-01-06 17:17:00','digital',3,NULL),(29,25,3,596.00,0.00,'[]',NULL,102,'Apple MacBook Air Retina 12-Inch Laptop','products/16.jpg',1569.00,0,'2024-01-06 17:17:00','2024-01-06 17:17:00','physical',0,NULL),(30,25,3,1212.00,0.00,'[]',NULL,107,'Aveeno Moisturizing Body Shower 450ml','products/18-1.jpg',1893.00,0,'2024-01-06 17:17:00','2024-01-06 17:17:00','physical',0,NULL),(31,25,3,991.00,0.00,'[]',NULL,164,'Sesame Seed Bread (Digital)','products/41.jpg',1773.00,0,'2024-01-06 17:17:00','2024-01-06 17:17:00','digital',6,NULL),(32,26,2,1154.00,0.00,'[]',NULL,205,'Iceland Soft Scoop Vanilla','products/59-1.jpg',1012.00,0,'2024-01-06 17:17:00','2024-01-06 17:17:00','physical',0,NULL),(33,27,1,867.00,0.00,'[]',NULL,77,'Smart Watch External (Digital)','products/5-1.jpg',743.00,0,'2024-01-06 17:17:00','2024-01-06 17:17:00','digital',8,NULL),(34,27,1,1291.00,0.00,'[]',NULL,141,'Bar S – Classic Bun Length Franks','products/30.jpg',695.00,0,'2024-01-06 17:17:00','2024-01-06 17:17:00','physical',0,NULL),(35,28,1,1133.00,0.00,'[]',NULL,88,'Herschel Leather Duffle Bag In Brown Color','products/10.jpg',778.00,0,'2024-01-06 17:17:00','2024-01-06 17:17:00','physical',0,NULL),(36,29,1,1063.00,0.00,'[]',NULL,135,'Saute Pan Silver (Digital)','products/29.jpg',894.00,0,'2024-01-06 17:17:00','2024-01-06 17:17:00','digital',1,NULL),(37,30,3,20.00,0.00,'[]',NULL,71,'Beat Headphone','products/3.jpg',2001.00,0,'2024-01-06 17:17:01','2024-01-06 17:17:01','physical',0,NULL),(38,31,3,1154.00,0.00,'[]',NULL,206,'Iceland Soft Scoop Vanilla','products/59-2.jpg',1518.00,0,'2024-01-06 17:17:01','2024-01-06 17:17:01','physical',0,NULL),(39,32,3,867.00,0.00,'[]',NULL,76,'Smart Watch External (Digital)','products/5.jpg',2229.00,0,'2024-01-06 17:17:01','2024-01-06 17:17:01','digital',1,NULL),(40,32,3,867.00,0.00,'[]',NULL,77,'Smart Watch External (Digital)','products/5-1.jpg',2229.00,0,'2024-01-06 17:17:01','2024-01-06 17:17:01','digital',2,NULL),(41,33,3,639.00,0.00,'[]',NULL,149,'Iceland 3 Solo Exotic Burst','products/34-1.jpg',2469.00,0,'2024-01-06 17:17:01','2024-01-06 17:17:01','physical',0,NULL),(42,34,3,790.00,0.00,'[]',NULL,191,'Aptamil Follow On Baby Milk','products/51.jpg',2598.00,0,'2024-01-06 17:17:01','2024-01-06 17:17:01','physical',0,NULL),(43,35,3,852.00,0.00,'[]',NULL,134,'Naked Noodle Egg Noodles Singapore','products/28-1.jpg',2223.00,0,'2024-01-06 17:17:01','2024-01-06 17:17:01','physical',0,NULL),(44,35,2,805.00,0.00,'[]',NULL,181,'Coca-Cola Original Taste','products/48.jpg',1300.00,0,'2024-01-06 17:17:01','2024-01-06 17:17:01','physical',0,NULL),(45,36,2,993.00,0.00,'[]',NULL,143,'Broccoli Crowns','products/31-1.jpg',1528.00,0,'2024-01-06 17:17:02','2024-01-06 17:17:02','physical',0,NULL),(46,37,3,598.00,0.00,'[]',NULL,75,'Red & Black Headphone','products/4.jpg',1677.00,0,'2024-01-06 17:17:02','2024-01-06 17:17:02','physical',0,NULL),(47,37,3,801.00,0.00,'[]',NULL,116,'NYX Beauty Couton Pallete Makeup 12','products/20-1.jpg',2688.00,0,'2024-01-06 17:17:02','2024-01-06 17:17:02','physical',0,NULL),(48,38,2,1124.00,0.00,'[]',NULL,184,'Casillero Diablo Cabernet Sauvignon (Digital)','products/49.jpg',1580.00,0,'2024-01-06 17:17:02','2024-01-06 17:17:02','digital',9,NULL),(49,39,3,895.00,0.00,'[]',NULL,197,'Hobnobs The Nobbly Biscuit','products/54.jpg',1779.00,0,'2024-01-06 17:17:02','2024-01-06 17:17:02','physical',0,NULL),(50,40,2,592.00,0.00,'[]',NULL,93,'EPSION Plaster Printer','products/12.jpg',1188.00,0,'2024-01-06 17:17:02','2024-01-06 17:17:02','physical',0,NULL),(51,41,3,993.00,0.00,'[]',NULL,142,'Broccoli Crowns','products/31.jpg',2292.00,0,'2024-01-06 17:17:02','2024-01-06 17:17:02','physical',0,NULL),(52,42,2,1133.00,0.00,'[]',NULL,89,'Herschel Leather Duffle Bag In Brown Color','products/10-1.jpg',1556.00,0,'2024-01-06 17:17:03','2024-01-06 17:17:03','physical',0,NULL),(53,43,2,590.00,0.00,'[]',NULL,94,'Sound Intone I65 Earphone White Version (Digital)','products/13.jpg',1306.00,0,'2024-01-06 17:17:03','2024-01-06 17:17:03','digital',2,NULL),(54,44,1,575.00,0.00,'[]',NULL,95,'B&O Play Mini Bluetooth Speaker','products/14.jpg',773.00,0,'2024-01-06 17:17:03','2024-01-06 17:17:03','physical',0,NULL),(55,45,1,774.00,0.00,'[]',NULL,130,'Taylors of Harrogate Yorkshire Coffee','products/26.jpg',794.00,0,'2024-01-06 17:17:03','2024-01-06 17:17:03','physical',0,NULL),(56,46,1,611.00,0.00,'[]',NULL,170,'Avocado, Hass Large','products/43-2.jpg',814.00,0,'2024-01-06 17:17:03','2024-01-06 17:17:03','physical',0,NULL),(57,47,3,1033.00,0.00,'[]',NULL,171,'Italia Beef Lasagne','products/44.jpg',2673.00,0,'2024-01-06 17:17:03','2024-01-06 17:17:03','physical',0,NULL),(58,47,2,715.00,0.00,'[]',NULL,180,'Famart Farmhouse Soft White','products/47-1.jpg',1154.00,0,'2024-01-06 17:17:03','2024-01-06 17:17:03','physical',0,NULL),(59,48,1,895.00,0.00,'[]',NULL,197,'Hobnobs The Nobbly Biscuit','products/54.jpg',593.00,0,'2024-01-06 17:17:04','2024-01-06 17:17:04','physical',0,NULL),(60,49,1,1212.00,0.00,'[]',NULL,110,'Aveeno Moisturizing Body Shower 450ml','products/18.jpg',631.00,0,'2024-01-06 17:17:04','2024-01-06 17:17:04','physical',0,NULL),(61,50,2,583.00,0.00,'[]',NULL,124,'Vimto Squash Remix Apple 1.5 Litres','products/24.jpg',1004.00,0,'2024-01-06 17:17:04','2024-01-06 17:17:04','physical',0,NULL),(62,51,2,970.00,0.00,'[]',NULL,153,'Dolmio Bolognese Pasta Sauce (Digital)','products/37.jpg',1080.00,0,'2024-01-06 17:17:04','2024-01-06 17:17:04','digital',3,NULL),(63,52,3,40.50,0.00,'[]',NULL,69,'Smart Watches','products/2-1.jpg',1644.00,0,'2024-01-06 17:17:04','2024-01-06 17:17:04','physical',0,NULL),(64,53,2,1291.00,0.00,'[]',NULL,141,'Bar S – Classic Bun Length Franks','products/30.jpg',1390.00,0,'2024-01-06 17:17:04','2024-01-06 17:17:04','physical',0,NULL),(65,53,3,805.00,0.00,'[]',NULL,181,'Coca-Cola Original Taste','products/48.jpg',1950.00,0,'2024-01-06 17:17:04','2024-01-06 17:17:04','physical',0,NULL),(66,53,3,644.00,0.00,'[]',NULL,208,'Iceland Spaghetti Bolognese','products/60-1.jpg',2442.00,0,'2024-01-06 17:17:04','2024-01-06 17:17:04','physical',0,NULL);
/*!40000 ALTER TABLE `ec_order_product` ENABLE KEYS */;
UNLOCK TABLES;

--
-- Table structure for table `ec_order_referrals`
--

DROP TABLE IF EXISTS `ec_order_referrals`;
/*!40101 SET @saved_cs_client     = @@character_set_client */;
/*!50503 SET character_set_client = utf8mb4 */;
CREATE TABLE `ec_order_referrals` (
  `id` bigint unsigned NOT NULL AUTO_INCREMENT,
  `ip` varchar(39) COLLATE utf8mb4_unicode_ci DEFAULT NULL,
  `landing_domain` varchar(255) COLLATE utf8mb4_unicode_ci DEFAULT NULL,
  `landing_page` varchar(255) COLLATE utf8mb4_unicode_ci DEFAULT NULL,
  `landing_params` varchar(255) COLLATE utf8mb4_unicode_ci DEFAULT NULL,
  `referral` varchar(255) COLLATE utf8mb4_unicode_ci DEFAULT NULL,
  `gclid` varchar(255) COLLATE utf8mb4_unicode_ci DEFAULT NULL,
  `fclid` varchar(255) COLLATE utf8mb4_unicode_ci DEFAULT NULL,
  `utm_source` varchar(255) COLLATE utf8mb4_unicode_ci DEFAULT NULL,
  `utm_campaign` varchar(255) COLLATE utf8mb4_unicode_ci DEFAULT NULL,
  `utm_medium` varchar(255) COLLATE utf8mb4_unicode_ci DEFAULT NULL,
  `utm_term` varchar(255) COLLATE utf8mb4_unicode_ci DEFAULT NULL,
  `utm_content` varchar(255) COLLATE utf8mb4_unicode_ci DEFAULT NULL,
  `referrer_url` text COLLATE utf8mb4_unicode_ci,
  `referrer_domain` varchar(255) COLLATE utf8mb4_unicode_ci DEFAULT NULL,
  `order_id` bigint unsigned DEFAULT NULL,
  `created_at` timestamp NULL DEFAULT NULL,
  `updated_at` timestamp NULL DEFAULT NULL,
  PRIMARY KEY (`id`),
  KEY `ec_order_referrals_order_id_index` (`order_id`)
) ENGINE=InnoDB DEFAULT CHARSET=utf8mb4 COLLATE=utf8mb4_unicode_ci;
/*!40101 SET character_set_client = @saved_cs_client */;

--
-- Dumping data for table `ec_order_referrals`
--

LOCK TABLES `ec_order_referrals` WRITE;
/*!40000 ALTER TABLE `ec_order_referrals` DISABLE KEYS */;
/*!40000 ALTER TABLE `ec_order_referrals` ENABLE KEYS */;
UNLOCK TABLES;

--
-- Table structure for table `ec_order_return_items`
--

DROP TABLE IF EXISTS `ec_order_return_items`;
/*!40101 SET @saved_cs_client     = @@character_set_client */;
/*!50503 SET character_set_client = utf8mb4 */;
CREATE TABLE `ec_order_return_items` (
  `id` bigint unsigned NOT NULL AUTO_INCREMENT,
  `order_return_id` bigint unsigned NOT NULL COMMENT 'Order return id',
  `order_product_id` bigint unsigned NOT NULL COMMENT 'Order product id',
  `product_id` bigint unsigned NOT NULL COMMENT 'Product id',
  `product_name` varchar(191) COLLATE utf8mb4_unicode_ci NOT NULL,
  `product_image` varchar(191) COLLATE utf8mb4_unicode_ci DEFAULT NULL,
  `qty` int NOT NULL COMMENT 'Quantity return',
  `price` decimal(15,2) NOT NULL COMMENT 'Price Product',
  `reason` text COLLATE utf8mb4_unicode_ci,
  `created_at` timestamp NULL DEFAULT NULL,
  `updated_at` timestamp NULL DEFAULT NULL,
  `refund_amount` decimal(12,2) DEFAULT '0.00',
  PRIMARY KEY (`id`)
) ENGINE=InnoDB DEFAULT CHARSET=utf8mb4 COLLATE=utf8mb4_unicode_ci;
/*!40101 SET character_set_client = @saved_cs_client */;

--
-- Dumping data for table `ec_order_return_items`
--

LOCK TABLES `ec_order_return_items` WRITE;
/*!40000 ALTER TABLE `ec_order_return_items` DISABLE KEYS */;
/*!40000 ALTER TABLE `ec_order_return_items` ENABLE KEYS */;
UNLOCK TABLES;

--
-- Table structure for table `ec_order_returns`
--

DROP TABLE IF EXISTS `ec_order_returns`;
/*!40101 SET @saved_cs_client     = @@character_set_client */;
/*!50503 SET character_set_client = utf8mb4 */;
CREATE TABLE `ec_order_returns` (
  `id` bigint unsigned NOT NULL AUTO_INCREMENT,
  `code` varchar(191) COLLATE utf8mb4_unicode_ci DEFAULT NULL,
  `order_id` bigint unsigned NOT NULL COMMENT 'Order ID',
  `store_id` bigint unsigned DEFAULT NULL COMMENT 'Store ID',
  `user_id` bigint unsigned NOT NULL COMMENT 'Customer ID',
  `reason` text COLLATE utf8mb4_unicode_ci COMMENT 'Reason return order',
  `order_status` varchar(191) COLLATE utf8mb4_unicode_ci DEFAULT NULL COMMENT 'Order current status',
  `return_status` varchar(191) COLLATE utf8mb4_unicode_ci NOT NULL COMMENT 'Return status',
  `created_at` timestamp NULL DEFAULT NULL,
  `updated_at` timestamp NULL DEFAULT NULL,
  PRIMARY KEY (`id`),
  UNIQUE KEY `ec_order_returns_code_unique` (`code`)
) ENGINE=InnoDB DEFAULT CHARSET=utf8mb4 COLLATE=utf8mb4_unicode_ci;
/*!40101 SET character_set_client = @saved_cs_client */;

--
-- Dumping data for table `ec_order_returns`
--

LOCK TABLES `ec_order_returns` WRITE;
/*!40000 ALTER TABLE `ec_order_returns` DISABLE KEYS */;
/*!40000 ALTER TABLE `ec_order_returns` ENABLE KEYS */;
UNLOCK TABLES;

--
-- Table structure for table `ec_order_tax_information`
--

DROP TABLE IF EXISTS `ec_order_tax_information`;
/*!40101 SET @saved_cs_client     = @@character_set_client */;
/*!50503 SET character_set_client = utf8mb4 */;
CREATE TABLE `ec_order_tax_information` (
  `id` bigint unsigned NOT NULL AUTO_INCREMENT,
  `order_id` bigint unsigned NOT NULL,
  `company_name` varchar(120) COLLATE utf8mb4_unicode_ci NOT NULL,
  `company_address` varchar(191) COLLATE utf8mb4_unicode_ci NOT NULL,
  `company_tax_code` varchar(20) COLLATE utf8mb4_unicode_ci NOT NULL,
  `company_email` varchar(60) COLLATE utf8mb4_unicode_ci NOT NULL,
  `created_at` timestamp NULL DEFAULT NULL,
  `updated_at` timestamp NULL DEFAULT NULL,
  PRIMARY KEY (`id`),
  KEY `ec_order_tax_information_order_id_index` (`order_id`)
) ENGINE=InnoDB DEFAULT CHARSET=utf8mb4 COLLATE=utf8mb4_unicode_ci;
/*!40101 SET character_set_client = @saved_cs_client */;

--
-- Dumping data for table `ec_order_tax_information`
--

LOCK TABLES `ec_order_tax_information` WRITE;
/*!40000 ALTER TABLE `ec_order_tax_information` DISABLE KEYS */;
/*!40000 ALTER TABLE `ec_order_tax_information` ENABLE KEYS */;
UNLOCK TABLES;

--
-- Table structure for table `ec_orders`
--

DROP TABLE IF EXISTS `ec_orders`;
/*!40101 SET @saved_cs_client     = @@character_set_client */;
/*!50503 SET character_set_client = utf8mb4 */;
CREATE TABLE `ec_orders` (
  `id` bigint unsigned NOT NULL AUTO_INCREMENT,
  `code` varchar(191) COLLATE utf8mb4_unicode_ci DEFAULT NULL,
  `user_id` bigint unsigned NOT NULL,
  `shipping_option` varchar(60) COLLATE utf8mb4_unicode_ci DEFAULT NULL,
  `shipping_method` varchar(60) COLLATE utf8mb4_unicode_ci NOT NULL DEFAULT 'default',
  `status` varchar(120) COLLATE utf8mb4_unicode_ci NOT NULL DEFAULT 'pending',
  `amount` decimal(15,2) NOT NULL,
  `tax_amount` decimal(15,2) DEFAULT NULL,
  `shipping_amount` decimal(15,2) DEFAULT NULL,
  `description` text COLLATE utf8mb4_unicode_ci,
  `coupon_code` varchar(120) COLLATE utf8mb4_unicode_ci DEFAULT NULL,
  `discount_amount` decimal(15,2) DEFAULT NULL,
  `sub_total` decimal(15,2) NOT NULL,
  `is_confirmed` tinyint(1) NOT NULL DEFAULT '0',
  `discount_description` varchar(255) COLLATE utf8mb4_unicode_ci DEFAULT NULL,
  `is_finished` tinyint(1) DEFAULT '0',
  `completed_at` timestamp NULL DEFAULT NULL,
  `token` varchar(120) COLLATE utf8mb4_unicode_ci DEFAULT NULL,
  `payment_id` bigint unsigned DEFAULT NULL,
  `created_at` timestamp NULL DEFAULT NULL,
  `updated_at` timestamp NULL DEFAULT NULL,
  `store_id` bigint unsigned DEFAULT NULL,
  PRIMARY KEY (`id`),
  UNIQUE KEY `ec_orders_code_unique` (`code`),
  KEY `ec_orders_user_id_status_created_at_index` (`user_id`,`status`,`created_at`)
) ENGINE=InnoDB AUTO_INCREMENT=54 DEFAULT CHARSET=utf8mb4 COLLATE=utf8mb4_unicode_ci;
/*!40101 SET character_set_client = @saved_cs_client */;

--
-- Dumping data for table `ec_orders`
--

LOCK TABLES `ec_orders` WRITE;
/*!40000 ALTER TABLE `ec_orders` DISABLE KEYS */;
INSERT INTO `ec_orders` VALUES (1,'#10000001',9,'1','default','completed',20.00,0.00,0.00,NULL,NULL,0.00,20.00,1,NULL,1,'2024-01-06 17:16:56','Hy3Bk70TzirJWY7nlIUSInxSd8Ffl',1,'2023-12-29 09:16:55','2024-01-06 17:16:56',1),(2,'#10000002',9,'1','default','completed',790.00,0.00,0.00,NULL,NULL,0.00,790.00,1,NULL,1,'2024-01-06 17:17:05','rWJ2wuBAgXQ7zgSuvjQVrGGH1PxZw',2,'2023-12-22 17:16:56','2024-01-06 17:17:05',5),(3,'#10000003',9,'1','default','completed',2595.50,0.00,0.00,NULL,NULL,0.00,2595.50,1,NULL,1,'2024-01-06 17:17:05','8J6XOiqgoDlcAwxf8VrtfpUus3gDo',3,'2024-01-03 13:16:56','2024-01-06 17:17:05',6),(4,'#10000004',9,'1','default','pending',1580.00,0.00,0.00,NULL,NULL,0.00,1580.00,1,NULL,1,NULL,'Hp3QgkSF6BEiiqD2YDqbRprClOfXk',4,'2024-01-03 13:16:56','2024-01-06 17:16:56',5),(5,'#10000005',9,'1','default','pending',3897.00,0.00,0.00,NULL,NULL,0.00,3897.00,1,NULL,1,NULL,'SrJ8eTfPZkxP8AggYNxknS6sHpkdy',5,'2024-01-01 23:16:56','2024-01-06 17:16:56',8),(6,'#10000006',10,'1','default','completed',1853.00,0.00,0.00,NULL,NULL,0.00,1853.00,1,NULL,1,'2024-01-06 17:17:06','pxNbdbdiQEkiaFVytllrF3Np5p74Y',6,'2023-12-22 17:16:56','2024-01-06 17:17:06',5),(7,'#10000007',10,'1','default','completed',1291.00,0.00,0.00,NULL,NULL,0.00,1291.00,1,NULL,1,'2024-01-06 17:17:06','NKkfSTAA8epoeqc9yXd0FayZQsDp1',7,'2023-12-28 17:16:57','2024-01-06 17:17:06',7),(8,'#10000008',10,NULL,'','completed',2220.00,0.00,0.00,NULL,NULL,0.00,2220.00,1,NULL,1,'2024-01-06 17:16:57','7sJwMkeBQwPPQaTPKIhC4ku2sey1P',8,'2023-12-28 17:16:57','2024-01-06 17:16:57',8),(9,'#10000009',9,'1','default','completed',575.00,0.00,0.00,NULL,NULL,0.00,575.00,1,NULL,1,'2024-01-06 17:17:07','ElHR7PYY7yj1xicu0N9dcSL0fP3Vo',9,'2024-01-01 01:16:57','2024-01-06 17:17:07',8),(10,'#10000010',9,NULL,'','completed',2631.00,0.00,0.00,NULL,NULL,0.00,2631.00,1,NULL,1,'2024-01-06 17:16:57','i7cqDN5fx4eCPEm3MrKSOHA8miZhh',10,'2023-12-23 13:16:57','2024-01-06 17:16:57',3),(11,'#10000011',9,'1','default','completed',2002.00,0.00,0.00,NULL,NULL,0.00,2002.00,1,NULL,1,'2024-01-06 17:17:07','6FE6YFn0ZpG7UwQCQElLRMfyEswCQ',11,'2024-01-01 09:16:57','2024-01-06 17:17:07',5),(12,'#10000012',9,'1','default','pending',2556.00,0.00,0.00,NULL,NULL,0.00,2556.00,1,NULL,1,NULL,'vxPqj3wFXCXe1EQmj6H8Dmfy9MRt7',12,'2023-12-31 01:16:58','2024-01-06 17:16:58',7),(13,'#10000013',10,'1','default','completed',3768.00,0.00,0.00,NULL,NULL,0.00,3768.00,1,NULL,1,'2024-01-06 17:17:08','KE4YgxtymTWoWWSfFXnuPZ1aLxi3t',13,'2024-01-02 23:16:58','2024-01-06 17:17:08',8),(14,'#10000014',10,'1','default','completed',1222.00,0.00,0.00,NULL,NULL,0.00,1222.00,1,NULL,1,'2024-01-06 17:16:58','nWCkwmKxQU3gmztKkWaaJXMb5gANM',14,'2024-01-02 23:16:58','2024-01-06 17:16:58',3),(15,'#10000015',10,NULL,'','pending',3372.00,0.00,0.00,NULL,NULL,0.00,3372.00,1,NULL,1,NULL,'gXF9Ow3nBkjW47uCDKAdfQm0a6UUP',15,'2023-12-30 05:16:58','2024-01-06 17:16:58',6),(16,'#10000016',10,'1','default','pending',2496.00,0.00,0.00,NULL,NULL,0.00,2496.00,1,NULL,1,NULL,'9Ss8MviAtqRIrcxeq9fjt3RQ6IHY1',16,'2023-12-29 13:16:58','2024-01-06 17:16:58',2),(17,'#10000017',10,'1','default','pending',1932.00,0.00,0.00,NULL,NULL,0.00,1932.00,1,NULL,1,NULL,'1wYLj7kLjP5R6IDm1pomINK03URZa',17,'2024-01-03 05:16:58','2024-01-06 17:16:58',7),(18,'#10000018',9,'1','default','pending',2582.00,0.00,0.00,NULL,NULL,0.00,2582.00,1,NULL,1,NULL,'jfvF4BeA6CvMglic9vkmDgMATMJkj',18,'2024-01-04 13:16:59','2024-01-06 17:16:59',7),(19,'#10000019',9,'1','default','completed',2979.00,0.00,0.00,NULL,NULL,0.00,2979.00,1,NULL,1,'2024-01-06 17:17:09','ahfbBlcLHNjhn2WRFkNBle2OobrgM',19,'2024-01-04 13:16:59','2024-01-06 17:17:09',4),(20,'#10000020',9,'1','default','pending',611.00,0.00,0.00,NULL,NULL,0.00,611.00,1,NULL,1,NULL,'A9n6of2SNGHRVVDlxiVc8JF5emYiN',20,'2023-12-29 01:16:59','2024-01-06 17:16:59',3),(21,'#10000021',10,NULL,'','completed',590.00,0.00,0.00,NULL,NULL,0.00,590.00,1,NULL,1,'2024-01-06 17:16:59','MhmlhqtzRNsJfgTjbLRpQvxHUXTKK',21,'2024-01-05 17:16:59','2024-01-06 17:16:59',4),(22,'#10000022',10,'1','default','pending',1700.00,0.00,0.00,NULL,NULL,0.00,1700.00,1,NULL,1,NULL,'9JeFO0K3RV8TpYctlyd8uyZC2QSqz',22,'2023-12-31 17:16:59','2024-01-06 17:16:59',7),(23,'#10000023',10,NULL,'','completed',1209.00,0.00,0.00,NULL,NULL,0.00,1209.00,1,NULL,1,'2024-01-06 17:17:00','9Iase1816L4KP54s2kCS1X3pGHfGk',23,'2024-01-03 17:16:59','2024-01-06 17:17:00',8),(24,'#10000024',10,NULL,'','pending',2408.00,0.00,0.00,NULL,NULL,0.00,2408.00,1,NULL,1,NULL,'5tbyxg3Uo955bnPDyTiqSmTO1ing7',24,'2024-01-04 17:17:00','2024-01-06 17:17:00',6),(25,'#10000025',10,'1','default','completed',8397.00,0.00,0.00,NULL,NULL,0.00,8397.00,1,NULL,1,'2024-01-06 17:17:09','WvuXZsRjU9va9MaUvxoUJoLDNzuSj',25,'2024-01-05 19:17:00','2024-01-06 17:17:09',5),(26,'#10000026',10,'1','default','completed',2308.00,0.00,0.00,NULL,NULL,0.00,2308.00,1,NULL,1,'2024-01-06 17:17:10','mqTrUcyuUDkHlkYZ7OK3iNW155S4X',26,'2024-01-01 05:17:00','2024-01-06 17:17:10',7),(27,'#10000027',10,'1','default','completed',2158.00,0.00,0.00,NULL,NULL,0.00,2158.00,1,NULL,1,'2024-01-06 17:17:10','pSZpsJxy8c5zWChJiUUPhr8PlG2ky',27,'2024-01-05 01:17:00','2024-01-06 17:17:10',7),(28,'#10000028',10,'1','default','completed',1133.00,0.00,0.00,NULL,NULL,0.00,1133.00,1,NULL,1,'2024-01-06 17:17:11','X8n3CYRHSxZRD2MUy0ZF2bb36yet7',28,'2023-12-30 05:17:00','2024-01-06 17:17:11',6),(29,'#10000029',10,NULL,'','completed',1063.00,0.00,0.00,NULL,NULL,0.00,1063.00,1,NULL,1,'2024-01-06 17:17:01','CYow8aLmcIIC4cvX5wxteA2FBtzYF',29,'2024-01-02 13:17:00','2024-01-06 17:17:01',2),(30,'#10000030',10,'1','default','completed',60.00,0.00,0.00,NULL,NULL,0.00,60.00,1,NULL,1,'2024-01-06 17:17:01','xinH20vgRdtk3UKEOxwmKasegelZj',30,'2024-01-02 23:17:01','2024-01-06 17:17:01',1),(31,'#10000031',10,'1','default','completed',3462.00,0.00,0.00,NULL,NULL,0.00,3462.00,1,NULL,1,'2024-01-06 17:17:11','AMVQfV2os07UskWCOWzJiEZ9zP4uu',31,'2024-01-05 23:17:01','2024-01-06 17:17:11',7),(32,'#10000032',9,NULL,'','completed',5202.00,0.00,0.00,NULL,NULL,0.00,5202.00,1,NULL,1,'2024-01-06 17:17:01','YsL520XHoiNR1xN5EJUdmVayYNj6A',32,'2023-12-31 01:17:01','2024-01-06 17:17:01',7),(33,'#10000033',9,'1','default','completed',1917.00,0.00,0.00,NULL,NULL,0.00,1917.00,1,NULL,1,'2024-01-06 17:17:12','XPukXRbxbZRreFiKNOmy8Pi3cruY0',33,'2024-01-04 17:17:01','2024-01-06 17:17:12',4),(34,'#10000034',9,'1','default','pending',2370.00,0.00,0.00,NULL,NULL,0.00,2370.00,1,NULL,1,NULL,'1FOE2cxNQigABYsDsPmp6a1PjFkmQ',34,'2024-01-01 09:17:01','2024-01-06 17:17:01',5),(35,'#10000035',10,'1','default','pending',4166.00,0.00,0.00,NULL,NULL,0.00,4166.00,1,NULL,1,NULL,'7apyDuq9joVLLMrpGdNQZuR2cyTgi',35,'2024-01-03 05:17:01','2024-01-06 17:17:01',7),(36,'#10000036',10,'1','default','completed',1986.00,0.00,0.00,NULL,NULL,0.00,1986.00,1,NULL,1,'2024-01-06 17:17:02','dAppsN79u2pySGgPC2mZk5Hk3AVW3',36,'2024-01-03 19:17:02','2024-01-06 17:17:02',4),(37,'#10000037',9,'1','default','completed',4197.00,0.00,0.00,NULL,NULL,0.00,4197.00,1,NULL,1,'2024-01-06 17:17:12','hjqn3VZ6BNAJa8gdZXVcnkBevK4yD',37,'2024-01-06 05:17:02','2024-01-06 17:17:12',8),(38,'#10000038',9,NULL,'','pending',2248.00,0.00,0.00,NULL,NULL,0.00,2248.00,1,NULL,1,NULL,'ZEbAfKbC9YZ6eKhZb8cCJCbsnU1jR',38,'2024-01-02 17:17:02','2024-01-06 17:17:02',6),(39,'#10000039',9,'1','default','pending',2685.00,0.00,0.00,NULL,NULL,0.00,2685.00,1,NULL,1,NULL,'4NP0NzzYCcYAExOVGZVU7w3xQRVO6',39,'2024-01-03 17:17:02','2024-01-06 17:17:02',4),(40,'#10000040',9,'1','default','completed',1184.00,0.00,0.00,NULL,NULL,0.00,1184.00,1,NULL,1,'2024-01-06 17:17:13','MnvtLn1ecYeIfU56EXSZh3TKGw3KO',40,'2024-01-03 19:17:02','2024-01-06 17:17:13',7),(41,'#10000041',9,'1','default','completed',2979.00,0.00,0.00,NULL,NULL,0.00,2979.00,1,NULL,1,'2024-01-06 17:17:13','MwvmHhFK6anpJbfsqGdp6an679tL5',41,'2024-01-05 11:17:02','2024-01-06 17:17:13',4),(42,'#10000042',9,'1','default','completed',2266.00,0.00,0.00,NULL,NULL,0.00,2266.00,1,NULL,1,'2024-01-06 17:17:14','hZvc6pV6YElXNPDFPSt7mwWqzaTwe',42,'2024-01-06 09:17:03','2024-01-06 17:17:14',6),(43,'#10000043',9,NULL,'','completed',1180.00,0.00,0.00,NULL,NULL,0.00,1180.00,1,NULL,1,'2024-01-06 17:17:03','CEt4mdCKoQKElcCkpVgkFbW2Rgyoy',43,'2024-01-04 17:17:03','2024-01-06 17:17:03',4),(44,'#10000044',9,'1','default','pending',575.00,0.00,0.00,NULL,NULL,0.00,575.00,1,NULL,1,NULL,'Fn06mXI6nfyxoRQ4aynO8z579xNQC',44,'2024-01-04 09:17:03','2024-01-06 17:17:03',8),(45,'#10000045',9,'1','default','pending',774.00,0.00,0.00,NULL,NULL,0.00,774.00,1,NULL,1,NULL,'oaepNZpfnRIGOMkjYjxz8GfXYmQFi',45,'2024-01-06 09:17:03','2024-01-06 17:17:03',2),(46,'#10000046',9,'1','default','pending',611.00,0.00,0.00,NULL,NULL,0.00,611.00,1,NULL,1,NULL,'48SvRzNvIyOvhNSKczJ8pHWZMM0Kj',46,'2024-01-06 11:17:03','2024-01-06 17:17:03',3),(47,'#10000047',9,'1','default','completed',4529.00,0.00,0.00,NULL,NULL,0.00,4529.00,1,NULL,1,'2024-01-06 17:17:04','LCwsazsPbdq473u2Ec6N9bvlzyKDF',47,'2024-01-06 11:17:03','2024-01-06 17:17:04',5),(48,'#10000048',9,'1','default','pending',895.00,0.00,0.00,NULL,NULL,0.00,895.00,1,NULL,1,NULL,'Ghh1xjZXpxPnLo6oDjIoKfOeJHKOA',48,'2024-01-05 11:17:04','2024-01-06 17:17:04',4),(49,'#10000049',9,'1','default','pending',1212.00,0.00,0.00,NULL,NULL,0.00,1212.00,1,NULL,1,NULL,'63s6vCLI61Zywj9gagnWmmAjwj3zu',49,'2024-01-05 17:17:04','2024-01-06 17:17:04',5),(50,'#10000050',9,'1','default','completed',1166.00,0.00,0.00,NULL,NULL,0.00,1166.00,1,NULL,1,'2024-01-06 17:17:14','J1tVrGRcAIybh4E2zlysJuDtTRpku',50,'2024-01-06 05:17:04','2024-01-06 17:17:14',4),(51,'#10000051',9,NULL,'','pending',1940.00,0.00,0.00,NULL,NULL,0.00,1940.00,1,NULL,1,NULL,'kOYkO7rphla2mkIL523MqaAS5vWxP',51,'2024-01-05 21:17:04','2024-01-06 17:17:04',2),(52,'#10000052',10,'1','default','completed',121.50,0.00,0.00,NULL,NULL,0.00,121.50,1,NULL,1,'2024-01-06 17:17:04','WSqp1QwNNR1kW1IEID7vHyf9Mrag1',52,'2024-01-06 11:17:04','2024-01-06 17:17:04',6),(53,'#10000053',10,'1','default','pending',6929.00,0.00,0.00,NULL,NULL,0.00,6929.00,1,NULL,1,NULL,'SifPYnfolEHwCXDvFrw10qACyB8bj',53,'2024-01-06 15:17:04','2024-01-06 17:17:04',7);
/*!40000 ALTER TABLE `ec_orders` ENABLE KEYS */;
UNLOCK TABLES;

--
-- Table structure for table `ec_product_attribute_sets`
--

DROP TABLE IF EXISTS `ec_product_attribute_sets`;
/*!40101 SET @saved_cs_client     = @@character_set_client */;
/*!50503 SET character_set_client = utf8mb4 */;
CREATE TABLE `ec_product_attribute_sets` (
  `id` bigint unsigned NOT NULL AUTO_INCREMENT,
  `title` varchar(120) COLLATE utf8mb4_unicode_ci NOT NULL,
  `slug` varchar(120) COLLATE utf8mb4_unicode_ci DEFAULT NULL,
  `display_layout` varchar(191) COLLATE utf8mb4_unicode_ci NOT NULL DEFAULT 'swatch_dropdown',
  `is_searchable` tinyint unsigned NOT NULL DEFAULT '1',
  `is_comparable` tinyint unsigned NOT NULL DEFAULT '1',
  `is_use_in_product_listing` tinyint unsigned NOT NULL DEFAULT '0',
  `status` varchar(60) COLLATE utf8mb4_unicode_ci NOT NULL DEFAULT 'published',
  `order` tinyint unsigned NOT NULL DEFAULT '0',
  `created_at` timestamp NULL DEFAULT NULL,
  `updated_at` timestamp NULL DEFAULT NULL,
  `use_image_from_product_variation` tinyint unsigned NOT NULL DEFAULT '0',
  PRIMARY KEY (`id`)
) ENGINE=InnoDB AUTO_INCREMENT=5 DEFAULT CHARSET=utf8mb4 COLLATE=utf8mb4_unicode_ci;
/*!40101 SET character_set_client = @saved_cs_client */;

--
-- Dumping data for table `ec_product_attribute_sets`
--

LOCK TABLES `ec_product_attribute_sets` WRITE;
/*!40000 ALTER TABLE `ec_product_attribute_sets` DISABLE KEYS */;
INSERT INTO `ec_product_attribute_sets` VALUES (1,'Color','color','visual',1,1,1,'published',0,'2024-01-06 17:16:47','2024-01-06 17:16:47',0),(2,'Size','size','text',1,1,1,'published',1,'2024-01-06 17:16:47','2024-01-06 17:16:47',0),(3,'Weight','weight','text',1,1,1,'published',0,'2024-01-06 17:16:47','2024-01-06 17:16:47',0),(4,'Boxes','boxes','text',1,1,1,'published',1,'2024-01-06 17:16:47','2024-01-06 17:16:47',0);
/*!40000 ALTER TABLE `ec_product_attribute_sets` ENABLE KEYS */;
UNLOCK TABLES;

--
-- Table structure for table `ec_product_attribute_sets_translations`
--

DROP TABLE IF EXISTS `ec_product_attribute_sets_translations`;
/*!40101 SET @saved_cs_client     = @@character_set_client */;
/*!50503 SET character_set_client = utf8mb4 */;
CREATE TABLE `ec_product_attribute_sets_translations` (
  `lang_code` varchar(191) COLLATE utf8mb4_unicode_ci NOT NULL,
  `ec_product_attribute_sets_id` bigint unsigned NOT NULL,
  `title` varchar(191) COLLATE utf8mb4_unicode_ci DEFAULT NULL,
  PRIMARY KEY (`lang_code`,`ec_product_attribute_sets_id`)
) ENGINE=InnoDB DEFAULT CHARSET=utf8mb4 COLLATE=utf8mb4_unicode_ci;
/*!40101 SET character_set_client = @saved_cs_client */;

--
-- Dumping data for table `ec_product_attribute_sets_translations`
--

LOCK TABLES `ec_product_attribute_sets_translations` WRITE;
/*!40000 ALTER TABLE `ec_product_attribute_sets_translations` DISABLE KEYS */;
/*!40000 ALTER TABLE `ec_product_attribute_sets_translations` ENABLE KEYS */;
UNLOCK TABLES;

--
-- Table structure for table `ec_product_attributes`
--

DROP TABLE IF EXISTS `ec_product_attributes`;
/*!40101 SET @saved_cs_client     = @@character_set_client */;
/*!50503 SET character_set_client = utf8mb4 */;
CREATE TABLE `ec_product_attributes` (
  `id` bigint unsigned NOT NULL AUTO_INCREMENT,
  `attribute_set_id` bigint unsigned NOT NULL,
  `title` varchar(120) COLLATE utf8mb4_unicode_ci NOT NULL,
  `slug` varchar(120) COLLATE utf8mb4_unicode_ci DEFAULT NULL,
  `color` varchar(50) COLLATE utf8mb4_unicode_ci DEFAULT NULL,
  `image` varchar(191) COLLATE utf8mb4_unicode_ci DEFAULT NULL,
  `is_default` tinyint unsigned NOT NULL DEFAULT '0',
  `order` tinyint unsigned NOT NULL DEFAULT '0',
  `created_at` timestamp NULL DEFAULT NULL,
  `updated_at` timestamp NULL DEFAULT NULL,
  PRIMARY KEY (`id`),
  KEY `attribute_set_status_index` (`attribute_set_id`)
) ENGINE=InnoDB AUTO_INCREMENT=21 DEFAULT CHARSET=utf8mb4 COLLATE=utf8mb4_unicode_ci;
/*!40101 SET character_set_client = @saved_cs_client */;

--
-- Dumping data for table `ec_product_attributes`
--

LOCK TABLES `ec_product_attributes` WRITE;
/*!40000 ALTER TABLE `ec_product_attributes` DISABLE KEYS */;
INSERT INTO `ec_product_attributes` VALUES (1,1,'Green','green','#5FB7D4',NULL,1,1,'2024-01-06 17:16:47','2024-01-06 17:16:47'),(2,1,'Blue','blue','#333333',NULL,0,2,'2024-01-06 17:16:47','2024-01-06 17:16:47'),(3,1,'Red','red','#DA323F',NULL,0,3,'2024-01-06 17:16:47','2024-01-06 17:16:47'),(4,1,'Black','black','#2F366C',NULL,0,4,'2024-01-06 17:16:47','2024-01-06 17:16:47'),(5,1,'Brown','brown','#87554B',NULL,0,5,'2024-01-06 17:16:47','2024-01-06 17:16:47'),(6,2,'S','s',NULL,NULL,1,1,'2024-01-06 17:16:47','2024-01-06 17:16:47'),(7,2,'M','m',NULL,NULL,0,2,'2024-01-06 17:16:47','2024-01-06 17:16:47'),(8,2,'L','l',NULL,NULL,0,3,'2024-01-06 17:16:47','2024-01-06 17:16:47'),(9,2,'XL','xl',NULL,NULL,0,4,'2024-01-06 17:16:47','2024-01-06 17:16:47'),(10,2,'XXL','xxl',NULL,NULL,0,5,'2024-01-06 17:16:47','2024-01-06 17:16:47'),(11,3,'1KG','1kg',NULL,NULL,1,1,'2024-01-06 17:16:47','2024-01-06 17:16:47'),(12,3,'2KG','2kg',NULL,NULL,0,2,'2024-01-06 17:16:47','2024-01-06 17:16:47'),(13,3,'3KG','3kg',NULL,NULL,0,3,'2024-01-06 17:16:47','2024-01-06 17:16:47'),(14,3,'4KG','4kg',NULL,NULL,0,4,'2024-01-06 17:16:47','2024-01-06 17:16:47'),(15,3,'5KG','5kg',NULL,NULL,0,5,'2024-01-06 17:16:47','2024-01-06 17:16:47'),(16,4,'1 Box','1-box',NULL,NULL,1,1,'2024-01-06 17:16:47','2024-01-06 17:16:47'),(17,4,'2 Boxes','2-boxes',NULL,NULL,0,2,'2024-01-06 17:16:47','2024-01-06 17:16:47'),(18,4,'3 Boxes','3-boxes',NULL,NULL,0,3,'2024-01-06 17:16:47','2024-01-06 17:16:47'),(19,4,'4 Boxes','4-boxes',NULL,NULL,0,4,'2024-01-06 17:16:47','2024-01-06 17:16:47'),(20,4,'5 Boxes','5-boxes',NULL,NULL,0,5,'2024-01-06 17:16:47','2024-01-06 17:16:47');
/*!40000 ALTER TABLE `ec_product_attributes` ENABLE KEYS */;
UNLOCK TABLES;

--
-- Table structure for table `ec_product_attributes_translations`
--

DROP TABLE IF EXISTS `ec_product_attributes_translations`;
/*!40101 SET @saved_cs_client     = @@character_set_client */;
/*!50503 SET character_set_client = utf8mb4 */;
CREATE TABLE `ec_product_attributes_translations` (
  `lang_code` varchar(191) COLLATE utf8mb4_unicode_ci NOT NULL,
  `ec_product_attributes_id` bigint unsigned NOT NULL,
  `title` varchar(191) COLLATE utf8mb4_unicode_ci DEFAULT NULL,
  PRIMARY KEY (`lang_code`,`ec_product_attributes_id`)
) ENGINE=InnoDB DEFAULT CHARSET=utf8mb4 COLLATE=utf8mb4_unicode_ci;
/*!40101 SET character_set_client = @saved_cs_client */;

--
-- Dumping data for table `ec_product_attributes_translations`
--

LOCK TABLES `ec_product_attributes_translations` WRITE;
/*!40000 ALTER TABLE `ec_product_attributes_translations` DISABLE KEYS */;
/*!40000 ALTER TABLE `ec_product_attributes_translations` ENABLE KEYS */;
UNLOCK TABLES;

--
-- Table structure for table `ec_product_categories`
--

DROP TABLE IF EXISTS `ec_product_categories`;
/*!40101 SET @saved_cs_client     = @@character_set_client */;
/*!50503 SET character_set_client = utf8mb4 */;
CREATE TABLE `ec_product_categories` (
  `id` bigint unsigned NOT NULL AUTO_INCREMENT,
  `name` varchar(191) COLLATE utf8mb4_unicode_ci NOT NULL,
  `parent_id` bigint unsigned NOT NULL DEFAULT '0',
  `description` mediumtext COLLATE utf8mb4_unicode_ci,
  `status` varchar(60) COLLATE utf8mb4_unicode_ci NOT NULL DEFAULT 'published',
  `order` int unsigned NOT NULL DEFAULT '0',
  `image` varchar(255) COLLATE utf8mb4_unicode_ci DEFAULT NULL,
  `is_featured` tinyint unsigned NOT NULL DEFAULT '0',
  `created_at` timestamp NULL DEFAULT NULL,
  `updated_at` timestamp NULL DEFAULT NULL,
  `icon` varchar(191) COLLATE utf8mb4_unicode_ci DEFAULT NULL,
  `icon_image` varchar(191) COLLATE utf8mb4_unicode_ci DEFAULT NULL,
  PRIMARY KEY (`id`),
  KEY `ec_product_categories_parent_id_status_created_at_index` (`parent_id`,`status`,`created_at`),
  KEY `ec_product_categories_parent_id_status_index` (`parent_id`,`status`)
) ENGINE=InnoDB AUTO_INCREMENT=84 DEFAULT CHARSET=utf8mb4 COLLATE=utf8mb4_unicode_ci;
/*!40101 SET character_set_client = @saved_cs_client */;

--
-- Dumping data for table `ec_product_categories`
--

LOCK TABLES `ec_product_categories` WRITE;
/*!40000 ALTER TABLE `ec_product_categories` DISABLE KEYS */;
INSERT INTO `ec_product_categories` VALUES (1,'Fruits & Vegetables',0,NULL,'published',0,'product-categories/1.png',1,'2024-01-06 17:16:37','2024-01-06 17:16:37','icon-star',NULL),(2,'Fruits',1,NULL,'published',0,NULL,0,'2024-01-06 17:16:37','2024-01-06 17:16:37',NULL,NULL),(3,'Apples',2,NULL,'published',0,NULL,0,'2024-01-06 17:16:37','2024-01-06 17:16:37',NULL,NULL),(4,'Bananas',2,NULL,'published',1,NULL,0,'2024-01-06 17:16:37','2024-01-06 17:16:37',NULL,NULL),(5,'Berries',2,NULL,'published',2,NULL,0,'2024-01-06 17:16:37','2024-01-06 17:16:37',NULL,NULL),(6,'Oranges & Easy Peelers',2,NULL,'published',3,NULL,0,'2024-01-06 17:16:37','2024-01-06 17:16:37',NULL,NULL),(7,'Grapes',2,NULL,'published',4,NULL,0,'2024-01-06 17:16:37','2024-01-06 17:16:37',NULL,NULL),(8,'Lemons & Limes',2,NULL,'published',5,NULL,0,'2024-01-06 17:16:37','2024-01-06 17:16:37',NULL,NULL),(9,'Peaches & Nectarines',2,NULL,'published',6,NULL,0,'2024-01-06 17:16:37','2024-01-06 17:16:37',NULL,NULL),(10,'Pears',2,NULL,'published',7,NULL,0,'2024-01-06 17:16:37','2024-01-06 17:16:37',NULL,NULL),(11,'Melon',2,NULL,'published',8,NULL,0,'2024-01-06 17:16:37','2024-01-06 17:16:37',NULL,NULL),(12,'Avocados',2,NULL,'published',9,NULL,0,'2024-01-06 17:16:37','2024-01-06 17:16:37',NULL,NULL),(13,'Plums & Apricots',2,NULL,'published',10,NULL,0,'2024-01-06 17:16:37','2024-01-06 17:16:37',NULL,NULL),(14,'Vegetables',1,NULL,'published',1,NULL,0,'2024-01-06 17:16:37','2024-01-06 17:16:37',NULL,NULL),(15,'Potatoes',14,NULL,'published',0,NULL,0,'2024-01-06 17:16:37','2024-01-06 17:16:37',NULL,NULL),(16,'Carrots & Root Vegetables',14,NULL,'published',1,NULL,0,'2024-01-06 17:16:37','2024-01-06 17:16:37',NULL,NULL),(17,'Broccoli & Cauliflower',14,NULL,'published',2,NULL,0,'2024-01-06 17:16:37','2024-01-06 17:16:37',NULL,NULL),(18,'Cabbage, Spinach & Greens',14,NULL,'published',3,NULL,0,'2024-01-06 17:16:37','2024-01-06 17:16:37',NULL,NULL),(19,'Onions, Leeks & Garlic',14,NULL,'published',4,NULL,0,'2024-01-06 17:16:37','2024-01-06 17:16:37',NULL,NULL),(20,'Mushrooms',14,NULL,'published',5,NULL,0,'2024-01-06 17:16:37','2024-01-06 17:16:37',NULL,NULL),(21,'Tomatoes',14,NULL,'published',6,NULL,0,'2024-01-06 17:16:37','2024-01-06 17:16:37',NULL,NULL),(22,'Beans, Peas & Sweetcorn',14,NULL,'published',7,NULL,0,'2024-01-06 17:16:37','2024-01-06 17:16:37',NULL,NULL),(23,'Freshly Drink Orange Juice',14,NULL,'published',8,NULL,0,'2024-01-06 17:16:37','2024-01-06 17:16:37',NULL,NULL),(24,'Breads Sweets',0,NULL,'published',1,'product-categories/2.png',1,'2024-01-06 17:16:37','2024-01-06 17:16:37','icon-bread',NULL),(25,'Crisps, Snacks & Nuts',24,NULL,'published',0,NULL,0,'2024-01-06 17:16:37','2024-01-06 17:16:37',NULL,NULL),(26,'Crisps & Popcorn',25,NULL,'published',0,NULL,0,'2024-01-06 17:16:37','2024-01-06 17:16:37',NULL,NULL),(27,'Nuts & Seeds',25,NULL,'published',1,NULL,0,'2024-01-06 17:16:37','2024-01-06 17:16:37',NULL,NULL),(28,'Lighter Options',25,NULL,'published',2,NULL,0,'2024-01-06 17:16:37','2024-01-06 17:16:37',NULL,NULL),(29,'Cereal Bars',25,NULL,'published',3,NULL,0,'2024-01-06 17:16:37','2024-01-06 17:16:37',NULL,NULL),(30,'Breadsticks & Pretzels',25,NULL,'published',4,NULL,0,'2024-01-06 17:16:37','2024-01-06 17:16:37',NULL,NULL),(31,'Fruit Snacking',25,NULL,'published',5,NULL,0,'2024-01-06 17:16:37','2024-01-06 17:16:37',NULL,NULL),(32,'Rice & Corn Cakes',25,NULL,'published',6,NULL,0,'2024-01-06 17:16:37','2024-01-06 17:16:37',NULL,NULL),(33,'Protein & Energy Snacks',25,NULL,'published',7,NULL,0,'2024-01-06 17:16:37','2024-01-06 17:16:37',NULL,NULL),(34,'Toddler Snacks',25,NULL,'published',8,NULL,0,'2024-01-06 17:16:37','2024-01-06 17:16:37',NULL,NULL),(35,'Meat Snacks',25,NULL,'published',9,NULL,0,'2024-01-06 17:16:37','2024-01-06 17:16:37',NULL,NULL),(36,'Beans',25,NULL,'published',10,NULL,0,'2024-01-06 17:16:37','2024-01-06 17:16:37',NULL,NULL),(37,'Lentils',25,NULL,'published',11,NULL,0,'2024-01-06 17:16:37','2024-01-06 17:16:37',NULL,NULL),(38,'Chickpeas',25,NULL,'published',12,NULL,0,'2024-01-06 17:16:37','2024-01-06 17:16:37',NULL,NULL),(39,'Tins & Cans',24,NULL,'published',1,NULL,0,'2024-01-06 17:16:37','2024-01-06 17:16:37',NULL,NULL),(40,'Tomatoes',39,NULL,'published',0,NULL,0,'2024-01-06 17:16:37','2024-01-06 17:16:37',NULL,NULL),(41,'Baked Beans, Spaghetti',39,NULL,'published',1,NULL,0,'2024-01-06 17:16:37','2024-01-06 17:16:37',NULL,NULL),(42,'Fish',39,NULL,'published',2,NULL,0,'2024-01-06 17:16:37','2024-01-06 17:16:37',NULL,NULL),(43,'Beans & Pulses',39,NULL,'published',3,NULL,0,'2024-01-06 17:16:37','2024-01-06 17:16:37',NULL,NULL),(44,'Fruit',39,NULL,'published',4,NULL,0,'2024-01-06 17:16:37','2024-01-06 17:16:37',NULL,NULL),(45,'Coconut Milk & Cream',39,NULL,'published',5,NULL,0,'2024-01-06 17:16:37','2024-01-06 17:16:37',NULL,NULL),(46,'Lighter Options',39,NULL,'published',6,NULL,0,'2024-01-06 17:16:37','2024-01-06 17:16:37',NULL,NULL),(47,'Olives',39,NULL,'published',7,NULL,0,'2024-01-06 17:16:37','2024-01-06 17:16:37',NULL,NULL),(48,'Sweetcorn',39,NULL,'published',8,NULL,0,'2024-01-06 17:16:37','2024-01-06 17:16:37',NULL,NULL),(49,'Carrots',39,NULL,'published',9,NULL,0,'2024-01-06 17:16:37','2024-01-06 17:16:37',NULL,NULL),(50,'Peas',39,NULL,'published',10,NULL,0,'2024-01-06 17:16:37','2024-01-06 17:16:37',NULL,NULL),(51,'Mixed Vegetables',39,NULL,'published',11,NULL,0,'2024-01-06 17:16:37','2024-01-06 17:16:37',NULL,NULL),(52,'Frozen Seafoods',0,NULL,'published',2,'product-categories/3.png',1,'2024-01-06 17:16:37','2024-01-06 17:16:37','icon-hamburger',NULL),(53,'Raw Meats',0,NULL,'published',3,'product-categories/4.png',1,'2024-01-06 17:16:37','2024-01-06 17:16:37','icon-steak',NULL),(54,'Wines & Alcohol Drinks',0,NULL,'published',4,'product-categories/5.png',1,'2024-01-06 17:16:37','2024-01-06 17:16:37','icon-glass',NULL),(55,'Ready Meals',54,NULL,'published',0,NULL,0,'2024-01-06 17:16:37','2024-01-06 17:16:37',NULL,NULL),(56,'Meals for 1',55,NULL,'published',0,NULL,0,'2024-01-06 17:16:37','2024-01-06 17:16:37',NULL,NULL),(57,'Meals for 2',55,NULL,'published',1,NULL,0,'2024-01-06 17:16:37','2024-01-06 17:16:37',NULL,NULL),(58,'Indian',55,NULL,'published',2,NULL,0,'2024-01-06 17:16:37','2024-01-06 17:16:37',NULL,NULL),(59,'Italian',55,NULL,'published',3,NULL,0,'2024-01-06 17:16:37','2024-01-06 17:16:37',NULL,NULL),(60,'Chinese',55,NULL,'published',4,NULL,0,'2024-01-06 17:16:37','2024-01-06 17:16:37',NULL,NULL),(61,'Traditional British',55,NULL,'published',5,NULL,0,'2024-01-06 17:16:37','2024-01-06 17:16:37',NULL,NULL),(62,'Thai & Oriental',55,NULL,'published',6,NULL,0,'2024-01-06 17:16:37','2024-01-06 17:16:37',NULL,NULL),(63,'Mediterranean & Moroccan',55,NULL,'published',7,NULL,0,'2024-01-06 17:16:37','2024-01-06 17:16:37',NULL,NULL),(64,'Mexican & Caribbean',55,NULL,'published',8,NULL,0,'2024-01-06 17:16:37','2024-01-06 17:16:37',NULL,NULL),(65,'Lighter Meals',55,NULL,'published',9,NULL,0,'2024-01-06 17:16:37','2024-01-06 17:16:37',NULL,NULL),(66,'Lunch & Veg Pots',55,NULL,'published',10,NULL,0,'2024-01-06 17:16:37','2024-01-06 17:16:37',NULL,NULL),(67,'Salad & Herbs',54,NULL,'published',1,NULL,0,'2024-01-06 17:16:37','2024-01-06 17:16:37',NULL,NULL),(68,'Salad Bags',67,NULL,'published',0,NULL,0,'2024-01-06 17:16:37','2024-01-06 17:16:37',NULL,NULL),(69,'Cucumber',67,NULL,'published',1,NULL,0,'2024-01-06 17:16:37','2024-01-06 17:16:37',NULL,NULL),(70,'Tomatoes',67,NULL,'published',2,NULL,0,'2024-01-06 17:16:37','2024-01-06 17:16:37',NULL,NULL),(71,'Lettuce',67,NULL,'published',3,NULL,0,'2024-01-06 17:16:37','2024-01-06 17:16:37',NULL,NULL),(72,'Lunch Salad Bowls',67,NULL,'published',4,NULL,0,'2024-01-06 17:16:37','2024-01-06 17:16:37',NULL,NULL),(73,'Lunch Salad Bowls',67,NULL,'published',5,NULL,0,'2024-01-06 17:16:37','2024-01-06 17:16:37',NULL,NULL),(74,'Fresh Herbs',67,NULL,'published',6,NULL,0,'2024-01-06 17:16:37','2024-01-06 17:16:37',NULL,NULL),(75,'Avocados',67,NULL,'published',7,NULL,0,'2024-01-06 17:16:37','2024-01-06 17:16:37',NULL,NULL),(76,'Peppers',67,NULL,'published',8,NULL,0,'2024-01-06 17:16:37','2024-01-06 17:16:37',NULL,NULL),(77,'Coleslaw & Potato Salad',67,NULL,'published',9,NULL,0,'2024-01-06 17:16:37','2024-01-06 17:16:37',NULL,NULL),(78,'Spring Onions',67,NULL,'published',10,NULL,0,'2024-01-06 17:16:37','2024-01-06 17:16:37',NULL,NULL),(79,'Chilli, Ginger & Garlic',67,NULL,'published',11,NULL,0,'2024-01-06 17:16:37','2024-01-06 17:16:37',NULL,NULL),(80,'Tea & Coffee',0,NULL,'published',5,'product-categories/6.png',1,'2024-01-06 17:16:37','2024-01-06 17:16:37','icon-teacup',NULL),(81,'Milks and Dairies',0,NULL,'published',6,'product-categories/7.png',1,'2024-01-06 17:16:37','2024-01-06 17:16:37','icon-coffee-cup',NULL),(82,'Pet Foods',0,NULL,'published',7,'product-categories/8.png',1,'2024-01-06 17:16:37','2024-01-06 17:16:37','icon-hotdog',NULL),(83,'Food Cupboard',0,NULL,'published',8,'product-categories/1.png',1,'2024-01-06 17:16:37','2024-01-06 17:16:37','icon-cheese',NULL);
/*!40000 ALTER TABLE `ec_product_categories` ENABLE KEYS */;
UNLOCK TABLES;

--
-- Table structure for table `ec_product_categories_translations`
--

DROP TABLE IF EXISTS `ec_product_categories_translations`;
/*!40101 SET @saved_cs_client     = @@character_set_client */;
/*!50503 SET character_set_client = utf8mb4 */;
CREATE TABLE `ec_product_categories_translations` (
  `lang_code` varchar(191) COLLATE utf8mb4_unicode_ci NOT NULL,
  `ec_product_categories_id` bigint unsigned NOT NULL,
  `name` varchar(191) COLLATE utf8mb4_unicode_ci DEFAULT NULL,
  `description` text COLLATE utf8mb4_unicode_ci,
  PRIMARY KEY (`lang_code`,`ec_product_categories_id`)
) ENGINE=InnoDB DEFAULT CHARSET=utf8mb4 COLLATE=utf8mb4_unicode_ci;
/*!40101 SET character_set_client = @saved_cs_client */;

--
-- Dumping data for table `ec_product_categories_translations`
--

LOCK TABLES `ec_product_categories_translations` WRITE;
/*!40000 ALTER TABLE `ec_product_categories_translations` DISABLE KEYS */;
/*!40000 ALTER TABLE `ec_product_categories_translations` ENABLE KEYS */;
UNLOCK TABLES;

--
-- Table structure for table `ec_product_categorizables`
--

DROP TABLE IF EXISTS `ec_product_categorizables`;
/*!40101 SET @saved_cs_client     = @@character_set_client */;
/*!50503 SET character_set_client = utf8mb4 */;
CREATE TABLE `ec_product_categorizables` (
  `category_id` bigint unsigned NOT NULL,
  `reference_id` bigint unsigned NOT NULL,
  `reference_type` varchar(120) COLLATE utf8mb4_unicode_ci NOT NULL,
  PRIMARY KEY (`category_id`,`reference_id`,`reference_type`),
  KEY `ec_product_categorizables_category_id_index` (`category_id`),
  KEY `ec_product_categorizables_reference_id_index` (`reference_id`),
  KEY `ec_product_categorizables_reference_type_index` (`reference_type`)
) ENGINE=InnoDB DEFAULT CHARSET=utf8mb4 COLLATE=utf8mb4_unicode_ci;
/*!40101 SET character_set_client = @saved_cs_client */;

--
-- Dumping data for table `ec_product_categorizables`
--

LOCK TABLES `ec_product_categorizables` WRITE;
/*!40000 ALTER TABLE `ec_product_categorizables` DISABLE KEYS */;
/*!40000 ALTER TABLE `ec_product_categorizables` ENABLE KEYS */;
UNLOCK TABLES;

--
-- Table structure for table `ec_product_category_product`
--

DROP TABLE IF EXISTS `ec_product_category_product`;
/*!40101 SET @saved_cs_client     = @@character_set_client */;
/*!50503 SET character_set_client = utf8mb4 */;
CREATE TABLE `ec_product_category_product` (
  `category_id` bigint unsigned NOT NULL,
  `product_id` bigint unsigned NOT NULL,
  PRIMARY KEY (`product_id`,`category_id`),
  KEY `ec_product_category_product_category_id_index` (`category_id`),
  KEY `ec_product_category_product_product_id_index` (`product_id`)
) ENGINE=InnoDB DEFAULT CHARSET=utf8mb4 COLLATE=utf8mb4_unicode_ci;
/*!40101 SET character_set_client = @saved_cs_client */;

--
-- Dumping data for table `ec_product_category_product`
--

LOCK TABLES `ec_product_category_product` WRITE;
/*!40000 ALTER TABLE `ec_product_category_product` DISABLE KEYS */;
INSERT INTO `ec_product_category_product` VALUES (1,1),(1,6),(1,9),(1,36),(1,60),(2,8),(2,11),(2,37),(2,41),(2,46),(3,13),(3,14),(3,33),(3,35),(3,42),(3,47),(3,52),(4,16),(4,44),(4,45),(5,3),(5,16),(5,19),(5,63),(6,12),(6,14),(6,20),(6,22),(6,32),(6,45),(6,57),(6,61),(7,25),(7,27),(7,30),(7,35),(7,36),(7,58),(7,60),(7,64),(8,2),(8,22),(8,52),(8,53),(9,7),(9,22),(9,47),(9,49),(9,63),(10,4),(10,19),(10,24),(10,34),(10,42),(10,62),(11,1),(11,23),(11,28),(11,29),(11,37),(12,4),(12,15),(12,40),(12,58),(13,6),(13,10),(13,23),(13,41),(13,42),(13,49),(13,50),(13,63),(14,29),(14,61),(15,1),(15,10),(15,27),(15,38),(15,39),(15,48),(15,55),(15,64),(16,11),(16,17),(16,34),(16,39),(16,41),(16,54),(17,4),(17,6),(17,8),(17,15),(17,21),(17,23),(17,24),(17,26),(17,28),(17,44),(17,46),(17,49),(17,56),(18,2),(18,9),(18,10),(18,17),(18,21),(18,24),(18,25),(18,47),(18,57),(18,62),(18,65),(19,7),(19,11),(19,34),(19,36),(19,51),(19,65),(20,5),(20,18),(20,28),(20,38),(20,50),(20,60),(21,31),(21,48),(21,60),(22,6),(22,13),(22,32),(22,52),(22,53),(23,2),(23,10),(23,15),(23,18),(23,30),(23,31),(23,40),(23,46),(23,51),(23,65),(24,8),(24,21),(24,29),(24,39),(24,46),(24,56),(24,59),(25,21),(25,31),(25,32),(25,33),(25,34),(25,35),(25,37),(25,63),(26,5),(26,29),(26,40),(26,43),(26,55),(26,59),(26,61),(27,18),(27,22),(27,25),(27,32),(27,37),(27,44),(27,49),(27,51),(27,57),(28,13),(28,33),(28,44),(28,62),(29,25),(29,26),(29,51),(29,54),(29,64),(30,3),(30,13),(30,19),(30,20),(30,24),(30,30),(30,31),(30,38),(30,55),(31,2),(31,17),(31,27),(31,42),(31,45),(31,53),(31,54),(31,56),(32,14),(32,48),(32,59),(32,65),(33,4),(33,9),(33,20),(33,30),(33,35),(33,40),(33,41),(33,43),(34,7),(34,23),(34,36),(34,39),(34,47),(34,48),(34,50),(34,54),(35,12),(35,14),(35,16),(35,17),(35,19),(35,27),(35,38),(35,56),(36,3),(36,5),(36,7),(36,9),(36,12),(36,15),(36,26),(36,33),(36,43),(36,45),(36,52),(36,57),(36,58),(36,59),(36,61),(36,64),(37,1),(37,3),(37,11),(37,16),(37,26),(37,53);
/*!40000 ALTER TABLE `ec_product_category_product` ENABLE KEYS */;
UNLOCK TABLES;

--
-- Table structure for table `ec_product_collection_products`
--

DROP TABLE IF EXISTS `ec_product_collection_products`;
/*!40101 SET @saved_cs_client     = @@character_set_client */;
/*!50503 SET character_set_client = utf8mb4 */;
CREATE TABLE `ec_product_collection_products` (
  `product_collection_id` bigint unsigned NOT NULL,
  `product_id` bigint unsigned NOT NULL,
  PRIMARY KEY (`product_id`,`product_collection_id`),
  KEY `ec_product_collection_products_product_collection_id_index` (`product_collection_id`),
  KEY `ec_product_collection_products_product_id_index` (`product_id`)
) ENGINE=InnoDB DEFAULT CHARSET=utf8mb4 COLLATE=utf8mb4_unicode_ci;
/*!40101 SET character_set_client = @saved_cs_client */;

--
-- Dumping data for table `ec_product_collection_products`
--

LOCK TABLES `ec_product_collection_products` WRITE;
/*!40000 ALTER TABLE `ec_product_collection_products` DISABLE KEYS */;
INSERT INTO `ec_product_collection_products` VALUES (1,1),(1,2),(1,3),(1,8),(1,10),(1,12),(1,17),(1,18),(1,21),(1,22),(1,23),(1,26),(1,28),(1,29),(1,33),(1,35),(1,47),(1,48),(1,51),(1,53),(1,55),(1,56),(1,60),(2,4),(2,6),(2,7),(2,11),(2,13),(2,14),(2,19),(2,24),(2,25),(2,27),(2,31),(2,34),(2,37),(2,39),(2,40),(2,42),(2,43),(2,44),(2,49),(2,50),(2,57),(2,58),(2,59),(2,63),(2,64),(3,5),(3,9),(3,15),(3,16),(3,20),(3,30),(3,32),(3,36),(3,38),(3,41),(3,45),(3,46),(3,52),(3,54),(3,61),(3,62),(3,65);
/*!40000 ALTER TABLE `ec_product_collection_products` ENABLE KEYS */;
UNLOCK TABLES;

--
-- Table structure for table `ec_product_collections`
--

DROP TABLE IF EXISTS `ec_product_collections`;
/*!40101 SET @saved_cs_client     = @@character_set_client */;
/*!50503 SET character_set_client = utf8mb4 */;
CREATE TABLE `ec_product_collections` (
  `id` bigint unsigned NOT NULL AUTO_INCREMENT,
  `name` varchar(191) COLLATE utf8mb4_unicode_ci NOT NULL,
  `slug` varchar(191) COLLATE utf8mb4_unicode_ci NOT NULL,
  `description` varchar(400) COLLATE utf8mb4_unicode_ci DEFAULT NULL,
  `image` varchar(255) COLLATE utf8mb4_unicode_ci DEFAULT NULL,
  `status` varchar(60) COLLATE utf8mb4_unicode_ci NOT NULL DEFAULT 'published',
  `created_at` timestamp NULL DEFAULT NULL,
  `updated_at` timestamp NULL DEFAULT NULL,
  `is_featured` tinyint unsigned NOT NULL DEFAULT '0',
  PRIMARY KEY (`id`)
) ENGINE=InnoDB AUTO_INCREMENT=4 DEFAULT CHARSET=utf8mb4 COLLATE=utf8mb4_unicode_ci;
/*!40101 SET character_set_client = @saved_cs_client */;

--
-- Dumping data for table `ec_product_collections`
--

LOCK TABLES `ec_product_collections` WRITE;
/*!40000 ALTER TABLE `ec_product_collections` DISABLE KEYS */;
INSERT INTO `ec_product_collections` VALUES (1,'New Arrival','new-arrival',NULL,NULL,'published','2024-01-06 17:16:37','2024-01-06 17:16:37',0),(2,'Best Sellers','best-sellers',NULL,NULL,'published','2024-01-06 17:16:37','2024-01-06 17:16:37',0),(3,'Special Offer','special-offer',NULL,NULL,'published','2024-01-06 17:16:37','2024-01-06 17:16:37',0);
/*!40000 ALTER TABLE `ec_product_collections` ENABLE KEYS */;
UNLOCK TABLES;

--
-- Table structure for table `ec_product_collections_translations`
--

DROP TABLE IF EXISTS `ec_product_collections_translations`;
/*!40101 SET @saved_cs_client     = @@character_set_client */;
/*!50503 SET character_set_client = utf8mb4 */;
CREATE TABLE `ec_product_collections_translations` (
  `lang_code` varchar(191) COLLATE utf8mb4_unicode_ci NOT NULL,
  `ec_product_collections_id` bigint unsigned NOT NULL,
  `name` varchar(191) COLLATE utf8mb4_unicode_ci DEFAULT NULL,
  `description` varchar(191) COLLATE utf8mb4_unicode_ci DEFAULT NULL,
  PRIMARY KEY (`lang_code`,`ec_product_collections_id`)
) ENGINE=InnoDB DEFAULT CHARSET=utf8mb4 COLLATE=utf8mb4_unicode_ci;
/*!40101 SET character_set_client = @saved_cs_client */;

--
-- Dumping data for table `ec_product_collections_translations`
--

LOCK TABLES `ec_product_collections_translations` WRITE;
/*!40000 ALTER TABLE `ec_product_collections_translations` DISABLE KEYS */;
/*!40000 ALTER TABLE `ec_product_collections_translations` ENABLE KEYS */;
UNLOCK TABLES;

--
-- Table structure for table `ec_product_cross_sale_relations`
--

DROP TABLE IF EXISTS `ec_product_cross_sale_relations`;
/*!40101 SET @saved_cs_client     = @@character_set_client */;
/*!50503 SET character_set_client = utf8mb4 */;
CREATE TABLE `ec_product_cross_sale_relations` (
  `from_product_id` bigint unsigned NOT NULL,
  `to_product_id` bigint unsigned NOT NULL,
  `is_variant` tinyint(1) NOT NULL DEFAULT '0',
  `price` decimal(15,2) DEFAULT '0.00',
  `price_type` varchar(191) COLLATE utf8mb4_unicode_ci NOT NULL DEFAULT 'fixed',
  `apply_to_all_variations` tinyint(1) NOT NULL DEFAULT '1',
  PRIMARY KEY (`from_product_id`,`to_product_id`),
  KEY `ec_product_cross_sale_relations_from_product_id_index` (`from_product_id`),
  KEY `ec_product_cross_sale_relations_to_product_id_index` (`to_product_id`)
) ENGINE=InnoDB DEFAULT CHARSET=utf8mb4 COLLATE=utf8mb4_unicode_ci;
/*!40101 SET character_set_client = @saved_cs_client */;

--
-- Dumping data for table `ec_product_cross_sale_relations`
--

LOCK TABLES `ec_product_cross_sale_relations` WRITE;
/*!40000 ALTER TABLE `ec_product_cross_sale_relations` DISABLE KEYS */;
INSERT INTO `ec_product_cross_sale_relations` VALUES (1,2,0,0.00,'fixed',1),(1,3,0,0.00,'fixed',1),(1,6,0,0.00,'fixed',1),(1,11,0,0.00,'fixed',1),(1,15,0,0.00,'fixed',1),(1,20,0,0.00,'fixed',1),(2,1,0,0.00,'fixed',1),(2,3,0,0.00,'fixed',1),(2,5,0,0.00,'fixed',1),(2,8,0,0.00,'fixed',1),(2,11,0,0.00,'fixed',1),(2,14,0,0.00,'fixed',1),(3,6,0,0.00,'fixed',1),(3,8,0,0.00,'fixed',1),(3,9,0,0.00,'fixed',1),(3,10,0,0.00,'fixed',1),(3,11,0,0.00,'fixed',1),(3,14,0,0.00,'fixed',1),(3,20,0,0.00,'fixed',1),(4,3,0,0.00,'fixed',1),(4,8,0,0.00,'fixed',1),(4,13,0,0.00,'fixed',1),(4,16,0,0.00,'fixed',1),(4,18,0,0.00,'fixed',1),(5,2,0,0.00,'fixed',1),(5,9,0,0.00,'fixed',1),(5,14,0,0.00,'fixed',1),(5,15,0,0.00,'fixed',1),(5,16,0,0.00,'fixed',1),(5,17,0,0.00,'fixed',1),(5,20,0,0.00,'fixed',1),(6,3,0,0.00,'fixed',1),(6,5,0,0.00,'fixed',1),(6,7,0,0.00,'fixed',1),(6,9,0,0.00,'fixed',1),(6,12,0,0.00,'fixed',1),(6,19,0,0.00,'fixed',1),(7,8,0,0.00,'fixed',1),(7,12,0,0.00,'fixed',1),(7,13,0,0.00,'fixed',1),(7,16,0,0.00,'fixed',1),(7,17,0,0.00,'fixed',1),(8,3,0,0.00,'fixed',1),(8,11,0,0.00,'fixed',1),(8,12,0,0.00,'fixed',1),(8,13,0,0.00,'fixed',1),(8,15,0,0.00,'fixed',1),(8,16,0,0.00,'fixed',1),(8,17,0,0.00,'fixed',1),(9,2,0,0.00,'fixed',1),(9,3,0,0.00,'fixed',1),(9,5,0,0.00,'fixed',1),(9,8,0,0.00,'fixed',1),(9,13,0,0.00,'fixed',1),(9,15,0,0.00,'fixed',1),(10,3,0,0.00,'fixed',1),(10,5,0,0.00,'fixed',1),(10,11,0,0.00,'fixed',1),(10,19,0,0.00,'fixed',1),(10,20,0,0.00,'fixed',1),(11,1,0,0.00,'fixed',1),(11,3,0,0.00,'fixed',1),(11,12,0,0.00,'fixed',1),(11,15,0,0.00,'fixed',1),(11,17,0,0.00,'fixed',1),(11,19,0,0.00,'fixed',1),(12,1,0,0.00,'fixed',1),(12,3,0,0.00,'fixed',1),(12,7,0,0.00,'fixed',1),(12,9,0,0.00,'fixed',1),(12,10,0,0.00,'fixed',1),(12,19,0,0.00,'fixed',1),(13,2,0,0.00,'fixed',1),(13,3,0,0.00,'fixed',1),(13,5,0,0.00,'fixed',1),(13,20,0,0.00,'fixed',1),(14,3,0,0.00,'fixed',1),(14,5,0,0.00,'fixed',1),(14,9,0,0.00,'fixed',1),(14,11,0,0.00,'fixed',1),(14,15,0,0.00,'fixed',1),(14,16,0,0.00,'fixed',1),(14,18,0,0.00,'fixed',1),(15,1,0,0.00,'fixed',1),(15,4,0,0.00,'fixed',1),(15,5,0,0.00,'fixed',1),(15,7,0,0.00,'fixed',1),(15,8,0,0.00,'fixed',1),(15,12,0,0.00,'fixed',1),(15,17,0,0.00,'fixed',1),(16,2,0,0.00,'fixed',1),(16,5,0,0.00,'fixed',1),(16,6,0,0.00,'fixed',1),(16,8,0,0.00,'fixed',1),(16,15,0,0.00,'fixed',1),(17,6,0,0.00,'fixed',1),(17,8,0,0.00,'fixed',1),(17,10,0,0.00,'fixed',1),(17,11,0,0.00,'fixed',1),(17,14,0,0.00,'fixed',1),(17,15,0,0.00,'fixed',1),(17,20,0,0.00,'fixed',1),(18,2,0,0.00,'fixed',1),(18,6,0,0.00,'fixed',1),(18,12,0,0.00,'fixed',1),(18,13,0,0.00,'fixed',1),(18,17,0,0.00,'fixed',1),(18,19,0,0.00,'fixed',1),(19,1,0,0.00,'fixed',1),(19,4,0,0.00,'fixed',1),(19,6,0,0.00,'fixed',1),(19,15,0,0.00,'fixed',1),(19,17,0,0.00,'fixed',1),(19,20,0,0.00,'fixed',1),(20,1,0,0.00,'fixed',1),(20,3,0,0.00,'fixed',1),(20,6,0,0.00,'fixed',1),(20,7,0,0.00,'fixed',1),(20,8,0,0.00,'fixed',1),(20,9,0,0.00,'fixed',1),(20,16,0,0.00,'fixed',1),(21,9,0,0.00,'fixed',1),(21,11,0,0.00,'fixed',1),(21,14,0,0.00,'fixed',1),(21,15,0,0.00,'fixed',1),(21,18,0,0.00,'fixed',1),(21,19,0,0.00,'fixed',1),(22,7,0,0.00,'fixed',1),(22,8,0,0.00,'fixed',1),(22,13,0,0.00,'fixed',1),(22,17,0,0.00,'fixed',1),(23,1,0,0.00,'fixed',1),(23,2,0,0.00,'fixed',1),(23,8,0,0.00,'fixed',1),(23,14,0,0.00,'fixed',1),(23,16,0,0.00,'fixed',1),(23,19,0,0.00,'fixed',1),(24,2,0,0.00,'fixed',1),(24,3,0,0.00,'fixed',1),(24,9,0,0.00,'fixed',1),(24,18,0,0.00,'fixed',1),(24,19,0,0.00,'fixed',1),(25,1,0,0.00,'fixed',1),(25,6,0,0.00,'fixed',1),(25,10,0,0.00,'fixed',1),(25,11,0,0.00,'fixed',1),(25,12,0,0.00,'fixed',1),(25,19,0,0.00,'fixed',1),(26,3,0,0.00,'fixed',1),(26,4,0,0.00,'fixed',1),(26,6,0,0.00,'fixed',1),(26,13,0,0.00,'fixed',1),(26,16,0,0.00,'fixed',1),(26,18,0,0.00,'fixed',1),(27,4,0,0.00,'fixed',1),(27,5,0,0.00,'fixed',1),(27,8,0,0.00,'fixed',1),(27,18,0,0.00,'fixed',1),(27,19,0,0.00,'fixed',1),(28,1,0,0.00,'fixed',1),(28,10,0,0.00,'fixed',1),(28,11,0,0.00,'fixed',1),(28,12,0,0.00,'fixed',1),(28,13,0,0.00,'fixed',1),(28,16,0,0.00,'fixed',1),(28,18,0,0.00,'fixed',1),(29,3,0,0.00,'fixed',1),(29,9,0,0.00,'fixed',1),(29,10,0,0.00,'fixed',1),(29,18,0,0.00,'fixed',1),(30,1,0,0.00,'fixed',1),(30,2,0,0.00,'fixed',1),(30,9,0,0.00,'fixed',1),(30,13,0,0.00,'fixed',1),(30,14,0,0.00,'fixed',1),(30,15,0,0.00,'fixed',1),(30,17,0,0.00,'fixed',1),(31,1,0,0.00,'fixed',1),(31,2,0,0.00,'fixed',1),(31,5,0,0.00,'fixed',1),(31,9,0,0.00,'fixed',1),(31,14,0,0.00,'fixed',1),(31,16,0,0.00,'fixed',1),(31,19,0,0.00,'fixed',1),(32,1,0,0.00,'fixed',1),(32,9,0,0.00,'fixed',1),(32,16,0,0.00,'fixed',1),(32,18,0,0.00,'fixed',1),(32,19,0,0.00,'fixed',1),(33,2,0,0.00,'fixed',1),(33,5,0,0.00,'fixed',1),(33,11,0,0.00,'fixed',1),(33,12,0,0.00,'fixed',1),(34,6,0,0.00,'fixed',1),(34,7,0,0.00,'fixed',1),(34,10,0,0.00,'fixed',1),(34,14,0,0.00,'fixed',1),(34,15,0,0.00,'fixed',1),(34,16,0,0.00,'fixed',1),(34,17,0,0.00,'fixed',1),(35,1,0,0.00,'fixed',1),(35,7,0,0.00,'fixed',1),(35,9,0,0.00,'fixed',1),(35,10,0,0.00,'fixed',1),(35,15,0,0.00,'fixed',1),(35,17,0,0.00,'fixed',1),(35,18,0,0.00,'fixed',1),(36,1,0,0.00,'fixed',1),(36,5,0,0.00,'fixed',1),(36,8,0,0.00,'fixed',1),(36,9,0,0.00,'fixed',1),(36,10,0,0.00,'fixed',1),(36,13,0,0.00,'fixed',1),(36,19,0,0.00,'fixed',1),(37,3,0,0.00,'fixed',1),(37,6,0,0.00,'fixed',1),(37,7,0,0.00,'fixed',1),(37,8,0,0.00,'fixed',1),(37,16,0,0.00,'fixed',1),(37,18,0,0.00,'fixed',1),(38,1,0,0.00,'fixed',1),(38,2,0,0.00,'fixed',1),(38,4,0,0.00,'fixed',1),(38,7,0,0.00,'fixed',1),(38,10,0,0.00,'fixed',1),(38,12,0,0.00,'fixed',1),(39,1,0,0.00,'fixed',1),(39,5,0,0.00,'fixed',1),(39,6,0,0.00,'fixed',1),(39,8,0,0.00,'fixed',1),(39,16,0,0.00,'fixed',1),(39,17,0,0.00,'fixed',1),(39,18,0,0.00,'fixed',1),(40,2,0,0.00,'fixed',1),(40,5,0,0.00,'fixed',1),(40,8,0,0.00,'fixed',1),(40,11,0,0.00,'fixed',1),(40,14,0,0.00,'fixed',1),(40,16,0,0.00,'fixed',1),(40,19,0,0.00,'fixed',1),(41,4,0,0.00,'fixed',1),(41,9,0,0.00,'fixed',1),(41,12,0,0.00,'fixed',1),(41,14,0,0.00,'fixed',1),(41,16,0,0.00,'fixed',1),(41,17,0,0.00,'fixed',1),(42,4,0,0.00,'fixed',1),(42,5,0,0.00,'fixed',1),(42,7,0,0.00,'fixed',1),(42,9,0,0.00,'fixed',1),(42,12,0,0.00,'fixed',1),(42,17,0,0.00,'fixed',1),(42,18,0,0.00,'fixed',1),(43,2,0,0.00,'fixed',1),(43,3,0,0.00,'fixed',1),(43,6,0,0.00,'fixed',1),(43,8,0,0.00,'fixed',1),(43,10,0,0.00,'fixed',1),(43,12,0,0.00,'fixed',1),(43,19,0,0.00,'fixed',1),(44,1,0,0.00,'fixed',1),(44,2,0,0.00,'fixed',1),(44,8,0,0.00,'fixed',1),(44,10,0,0.00,'fixed',1),(44,11,0,0.00,'fixed',1),(44,15,0,0.00,'fixed',1),(45,1,0,0.00,'fixed',1),(45,2,0,0.00,'fixed',1),(45,4,0,0.00,'fixed',1),(45,10,0,0.00,'fixed',1),(45,14,0,0.00,'fixed',1),(45,17,0,0.00,'fixed',1),(46,1,0,0.00,'fixed',1),(46,3,0,0.00,'fixed',1),(46,8,0,0.00,'fixed',1),(46,11,0,0.00,'fixed',1),(46,13,0,0.00,'fixed',1),(47,6,0,0.00,'fixed',1),(47,10,0,0.00,'fixed',1),(47,11,0,0.00,'fixed',1),(47,12,0,0.00,'fixed',1),(47,17,0,0.00,'fixed',1),(48,1,0,0.00,'fixed',1),(48,6,0,0.00,'fixed',1),(48,7,0,0.00,'fixed',1),(48,8,0,0.00,'fixed',1),(48,15,0,0.00,'fixed',1),(48,16,0,0.00,'fixed',1),(48,17,0,0.00,'fixed',1),(49,3,0,0.00,'fixed',1),(49,7,0,0.00,'fixed',1),(49,10,0,0.00,'fixed',1),(49,13,0,0.00,'fixed',1),(49,16,0,0.00,'fixed',1),(49,19,0,0.00,'fixed',1),(50,5,0,0.00,'fixed',1),(50,10,0,0.00,'fixed',1),(50,11,0,0.00,'fixed',1),(50,15,0,0.00,'fixed',1),(50,17,0,0.00,'fixed',1),(50,19,0,0.00,'fixed',1),(51,2,0,0.00,'fixed',1),(51,6,0,0.00,'fixed',1),(51,8,0,0.00,'fixed',1),(51,15,0,0.00,'fixed',1),(51,16,0,0.00,'fixed',1),(51,18,0,0.00,'fixed',1),(52,6,0,0.00,'fixed',1),(52,9,0,0.00,'fixed',1),(52,12,0,0.00,'fixed',1),(52,13,0,0.00,'fixed',1),(52,14,0,0.00,'fixed',1),(52,15,0,0.00,'fixed',1),(52,18,0,0.00,'fixed',1),(53,1,0,0.00,'fixed',1),(53,2,0,0.00,'fixed',1),(53,3,0,0.00,'fixed',1),(53,6,0,0.00,'fixed',1),(53,7,0,0.00,'fixed',1),(53,9,0,0.00,'fixed',1),(53,15,0,0.00,'fixed',1),(54,3,0,0.00,'fixed',1),(54,4,0,0.00,'fixed',1),(54,5,0,0.00,'fixed',1),(54,12,0,0.00,'fixed',1),(54,16,0,0.00,'fixed',1),(54,17,0,0.00,'fixed',1),(55,1,0,0.00,'fixed',1),(55,3,0,0.00,'fixed',1),(55,4,0,0.00,'fixed',1),(55,7,0,0.00,'fixed',1),(55,9,0,0.00,'fixed',1),(55,12,0,0.00,'fixed',1),(55,13,0,0.00,'fixed',1),(56,3,0,0.00,'fixed',1),(56,4,0,0.00,'fixed',1),(56,9,0,0.00,'fixed',1),(56,10,0,0.00,'fixed',1),(56,15,0,0.00,'fixed',1),(56,18,0,0.00,'fixed',1),(56,19,0,0.00,'fixed',1),(57,1,0,0.00,'fixed',1),(57,2,0,0.00,'fixed',1),(57,10,0,0.00,'fixed',1),(57,16,0,0.00,'fixed',1),(57,17,0,0.00,'fixed',1),(57,18,0,0.00,'fixed',1),(57,19,0,0.00,'fixed',1),(58,1,0,0.00,'fixed',1),(58,5,0,0.00,'fixed',1),(58,10,0,0.00,'fixed',1),(58,14,0,0.00,'fixed',1),(58,18,0,0.00,'fixed',1),(59,2,0,0.00,'fixed',1),(59,5,0,0.00,'fixed',1),(59,6,0,0.00,'fixed',1),(59,10,0,0.00,'fixed',1),(59,18,0,0.00,'fixed',1),(60,3,0,0.00,'fixed',1),(60,6,0,0.00,'fixed',1),(60,9,0,0.00,'fixed',1),(60,14,0,0.00,'fixed',1),(60,15,0,0.00,'fixed',1),(60,19,0,0.00,'fixed',1),(61,4,0,0.00,'fixed',1),(61,6,0,0.00,'fixed',1),(61,14,0,0.00,'fixed',1),(61,17,0,0.00,'fixed',1),(61,18,0,0.00,'fixed',1),(62,1,0,0.00,'fixed',1),(62,4,0,0.00,'fixed',1),(62,6,0,0.00,'fixed',1),(62,15,0,0.00,'fixed',1),(62,16,0,0.00,'fixed',1),(62,18,0,0.00,'fixed',1),(62,19,0,0.00,'fixed',1),(63,1,0,0.00,'fixed',1),(63,3,0,0.00,'fixed',1),(63,5,0,0.00,'fixed',1),(63,11,0,0.00,'fixed',1),(63,12,0,0.00,'fixed',1),(63,16,0,0.00,'fixed',1),(63,19,0,0.00,'fixed',1),(64,1,0,0.00,'fixed',1),(64,4,0,0.00,'fixed',1),(64,9,0,0.00,'fixed',1),(64,12,0,0.00,'fixed',1),(64,13,0,0.00,'fixed',1),(65,3,0,0.00,'fixed',1),(65,10,0,0.00,'fixed',1),(65,11,0,0.00,'fixed',1),(65,14,0,0.00,'fixed',1),(65,16,0,0.00,'fixed',1),(65,19,0,0.00,'fixed',1);
/*!40000 ALTER TABLE `ec_product_cross_sale_relations` ENABLE KEYS */;
UNLOCK TABLES;

--
-- Table structure for table `ec_product_files`
--

DROP TABLE IF EXISTS `ec_product_files`;
/*!40101 SET @saved_cs_client     = @@character_set_client */;
/*!50503 SET character_set_client = utf8mb4 */;
CREATE TABLE `ec_product_files` (
  `id` bigint unsigned NOT NULL AUTO_INCREMENT,
  `product_id` bigint unsigned DEFAULT NULL,
  `url` varchar(400) COLLATE utf8mb4_unicode_ci DEFAULT NULL,
  `extras` mediumtext COLLATE utf8mb4_unicode_ci,
  `created_at` timestamp NULL DEFAULT NULL,
  `updated_at` timestamp NULL DEFAULT NULL,
  PRIMARY KEY (`id`),
  KEY `ec_product_files_product_id_index` (`product_id`)
) ENGINE=InnoDB AUTO_INCREMENT=94 DEFAULT CHARSET=utf8mb4 COLLATE=utf8mb4_unicode_ci;
/*!40101 SET character_set_client = @saved_cs_client */;

--
-- Dumping data for table `ec_product_files`
--

LOCK TABLES `ec_product_files` WRITE;
/*!40000 ALTER TABLE `ec_product_files` DISABLE KEYS */;
INSERT INTO `ec_product_files` VALUES (1,66,'product-files/1.jpg','{\"filename\":\"1.jpg\",\"url\":\"product-files\\/1.jpg\",\"mime_type\":\"image\\/jpeg\",\"size\":9730,\"modified\":\"2024-01-07 00:16:44\",\"name\":\"1\",\"extension\":\"jpg\"}','2024-01-06 17:16:44','2024-01-06 17:16:44'),(2,67,'product-files/1.jpg','{\"filename\":\"1.jpg\",\"url\":\"product-files\\/1.jpg\",\"mime_type\":\"image\\/jpeg\",\"size\":9730,\"modified\":\"2024-01-07 00:16:44\",\"name\":\"1\",\"extension\":\"jpg\"}','2024-01-06 17:16:44','2024-01-06 17:16:44'),(3,76,'product-files/5.jpg','{\"filename\":\"5.jpg\",\"url\":\"product-files\\/5.jpg\",\"mime_type\":\"image\\/jpeg\",\"size\":9730,\"modified\":\"2024-01-07 00:16:44\",\"name\":\"5\",\"extension\":\"jpg\"}','2024-01-06 17:16:44','2024-01-06 17:16:44'),(4,76,'product-files/5-1.jpg','{\"filename\":\"5-1.jpg\",\"url\":\"product-files\\/5-1.jpg\",\"mime_type\":\"image\\/jpeg\",\"size\":9730,\"modified\":\"2024-01-07 00:16:44\",\"name\":\"5-1\",\"extension\":\"jpg\"}','2024-01-06 17:16:44','2024-01-06 17:16:44'),(5,76,'product-files/5-2.jpg','{\"filename\":\"5-2.jpg\",\"url\":\"product-files\\/5-2.jpg\",\"mime_type\":\"image\\/jpeg\",\"size\":9730,\"modified\":\"2024-01-07 00:16:44\",\"name\":\"5-2\",\"extension\":\"jpg\"}','2024-01-06 17:16:44','2024-01-06 17:16:44'),(6,76,'product-files/5-3.jpg','{\"filename\":\"5-3.jpg\",\"url\":\"product-files\\/5-3.jpg\",\"mime_type\":\"image\\/jpeg\",\"size\":9730,\"modified\":\"2024-01-07 00:16:44\",\"name\":\"5-3\",\"extension\":\"jpg\"}','2024-01-06 17:16:44','2024-01-06 17:16:44'),(7,77,'product-files/5.jpg','{\"filename\":\"5.jpg\",\"url\":\"product-files\\/5.jpg\",\"mime_type\":\"image\\/jpeg\",\"size\":9730,\"modified\":\"2024-01-07 00:16:44\",\"name\":\"5\",\"extension\":\"jpg\"}','2024-01-06 17:16:44','2024-01-06 17:16:44'),(8,77,'product-files/5-1.jpg','{\"filename\":\"5-1.jpg\",\"url\":\"product-files\\/5-1.jpg\",\"mime_type\":\"image\\/jpeg\",\"size\":9730,\"modified\":\"2024-01-07 00:16:44\",\"name\":\"5-1\",\"extension\":\"jpg\"}','2024-01-06 17:16:44','2024-01-06 17:16:44'),(9,77,'product-files/5-2.jpg','{\"filename\":\"5-2.jpg\",\"url\":\"product-files\\/5-2.jpg\",\"mime_type\":\"image\\/jpeg\",\"size\":9730,\"modified\":\"2024-01-07 00:16:44\",\"name\":\"5-2\",\"extension\":\"jpg\"}','2024-01-06 17:16:44','2024-01-06 17:16:44'),(10,77,'product-files/5-3.jpg','{\"filename\":\"5-3.jpg\",\"url\":\"product-files\\/5-3.jpg\",\"mime_type\":\"image\\/jpeg\",\"size\":9730,\"modified\":\"2024-01-07 00:16:44\",\"name\":\"5-3\",\"extension\":\"jpg\"}','2024-01-06 17:16:44','2024-01-06 17:16:44'),(11,87,'product-files/9.jpg','{\"filename\":\"9.jpg\",\"url\":\"product-files\\/9.jpg\",\"mime_type\":\"image\\/jpeg\",\"size\":9730,\"modified\":\"2024-01-07 00:16:44\",\"name\":\"9\",\"extension\":\"jpg\"}','2024-01-06 17:16:44','2024-01-06 17:16:44'),(12,87,'product-files/9-1.jpg','{\"filename\":\"9-1.jpg\",\"url\":\"product-files\\/9-1.jpg\",\"mime_type\":\"image\\/jpeg\",\"size\":9730,\"modified\":\"2024-01-07 00:16:44\",\"name\":\"9-1\",\"extension\":\"jpg\"}','2024-01-06 17:16:44','2024-01-06 17:16:44'),(13,87,'product-files/9-2.jpg','{\"filename\":\"9-2.jpg\",\"url\":\"product-files\\/9-2.jpg\",\"mime_type\":\"image\\/jpeg\",\"size\":9730,\"modified\":\"2024-01-07 00:16:44\",\"name\":\"9-2\",\"extension\":\"jpg\"}','2024-01-06 17:16:44','2024-01-06 17:16:44'),(14,94,'product-files/13.jpg','{\"filename\":\"13.jpg\",\"url\":\"product-files\\/13.jpg\",\"mime_type\":\"image\\/jpeg\",\"size\":9730,\"modified\":\"2024-01-07 00:16:44\",\"name\":\"13\",\"extension\":\"jpg\"}','2024-01-06 17:16:44','2024-01-06 17:16:44'),(15,94,'product-files/13-1.jpg','{\"filename\":\"13-1.jpg\",\"url\":\"product-files\\/13-1.jpg\",\"mime_type\":\"image\\/jpeg\",\"size\":9730,\"modified\":\"2024-01-07 00:16:44\",\"name\":\"13-1\",\"extension\":\"jpg\"}','2024-01-06 17:16:44','2024-01-06 17:16:44'),(16,103,'product-files/17.jpg','{\"filename\":\"17.jpg\",\"url\":\"product-files\\/17.jpg\",\"mime_type\":\"image\\/jpeg\",\"size\":9730,\"modified\":\"2024-01-07 00:16:45\",\"name\":\"17\",\"extension\":\"jpg\"}','2024-01-06 17:16:45','2024-01-06 17:16:45'),(17,103,'product-files/17-1.jpg','{\"filename\":\"17-1.jpg\",\"url\":\"product-files\\/17-1.jpg\",\"mime_type\":\"image\\/jpeg\",\"size\":9730,\"modified\":\"2024-01-07 00:16:45\",\"name\":\"17-1\",\"extension\":\"jpg\"}','2024-01-06 17:16:45','2024-01-06 17:16:45'),(18,103,'product-files/17-2.jpg','{\"filename\":\"17-2.jpg\",\"url\":\"product-files\\/17-2.jpg\",\"mime_type\":\"image\\/jpeg\",\"size\":9730,\"modified\":\"2024-01-07 00:16:45\",\"name\":\"17-2\",\"extension\":\"jpg\"}','2024-01-06 17:16:45','2024-01-06 17:16:45'),(19,103,'product-files/17-3.jpg','{\"filename\":\"17-3.jpg\",\"url\":\"product-files\\/17-3.jpg\",\"mime_type\":\"image\\/jpeg\",\"size\":9730,\"modified\":\"2024-01-07 00:16:45\",\"name\":\"17-3\",\"extension\":\"jpg\"}','2024-01-06 17:16:45','2024-01-06 17:16:45'),(20,104,'product-files/17.jpg','{\"filename\":\"17.jpg\",\"url\":\"product-files\\/17.jpg\",\"mime_type\":\"image\\/jpeg\",\"size\":9730,\"modified\":\"2024-01-07 00:16:45\",\"name\":\"17\",\"extension\":\"jpg\"}','2024-01-06 17:16:45','2024-01-06 17:16:45'),(21,104,'product-files/17-1.jpg','{\"filename\":\"17-1.jpg\",\"url\":\"product-files\\/17-1.jpg\",\"mime_type\":\"image\\/jpeg\",\"size\":9730,\"modified\":\"2024-01-07 00:16:45\",\"name\":\"17-1\",\"extension\":\"jpg\"}','2024-01-06 17:16:45','2024-01-06 17:16:45'),(22,104,'product-files/17-2.jpg','{\"filename\":\"17-2.jpg\",\"url\":\"product-files\\/17-2.jpg\",\"mime_type\":\"image\\/jpeg\",\"size\":9730,\"modified\":\"2024-01-07 00:16:45\",\"name\":\"17-2\",\"extension\":\"jpg\"}','2024-01-06 17:16:45','2024-01-06 17:16:45'),(23,104,'product-files/17-3.jpg','{\"filename\":\"17-3.jpg\",\"url\":\"product-files\\/17-3.jpg\",\"mime_type\":\"image\\/jpeg\",\"size\":9730,\"modified\":\"2024-01-07 00:16:45\",\"name\":\"17-3\",\"extension\":\"jpg\"}','2024-01-06 17:16:45','2024-01-06 17:16:45'),(24,105,'product-files/17.jpg','{\"filename\":\"17.jpg\",\"url\":\"product-files\\/17.jpg\",\"mime_type\":\"image\\/jpeg\",\"size\":9730,\"modified\":\"2024-01-07 00:16:45\",\"name\":\"17\",\"extension\":\"jpg\"}','2024-01-06 17:16:45','2024-01-06 17:16:45'),(25,105,'product-files/17-1.jpg','{\"filename\":\"17-1.jpg\",\"url\":\"product-files\\/17-1.jpg\",\"mime_type\":\"image\\/jpeg\",\"size\":9730,\"modified\":\"2024-01-07 00:16:45\",\"name\":\"17-1\",\"extension\":\"jpg\"}','2024-01-06 17:16:45','2024-01-06 17:16:45'),(26,105,'product-files/17-2.jpg','{\"filename\":\"17-2.jpg\",\"url\":\"product-files\\/17-2.jpg\",\"mime_type\":\"image\\/jpeg\",\"size\":9730,\"modified\":\"2024-01-07 00:16:45\",\"name\":\"17-2\",\"extension\":\"jpg\"}','2024-01-06 17:16:45','2024-01-06 17:16:45'),(27,105,'product-files/17-3.jpg','{\"filename\":\"17-3.jpg\",\"url\":\"product-files\\/17-3.jpg\",\"mime_type\":\"image\\/jpeg\",\"size\":9730,\"modified\":\"2024-01-07 00:16:45\",\"name\":\"17-3\",\"extension\":\"jpg\"}','2024-01-06 17:16:45','2024-01-06 17:16:45'),(28,117,'product-files/21.jpg','{\"filename\":\"21.jpg\",\"url\":\"product-files\\/21.jpg\",\"mime_type\":\"image\\/jpeg\",\"size\":9730,\"modified\":\"2024-01-07 00:16:45\",\"name\":\"21\",\"extension\":\"jpg\"}','2024-01-06 17:16:45','2024-01-06 17:16:45'),(29,117,'product-files/21-1.jpg','{\"filename\":\"21-1.jpg\",\"url\":\"product-files\\/21-1.jpg\",\"mime_type\":\"image\\/jpeg\",\"size\":9730,\"modified\":\"2024-01-07 00:16:45\",\"name\":\"21-1\",\"extension\":\"jpg\"}','2024-01-06 17:16:45','2024-01-06 17:16:45'),(30,117,'product-files/21-2.jpg','{\"filename\":\"21-2.jpg\",\"url\":\"product-files\\/21-2.jpg\",\"mime_type\":\"image\\/jpeg\",\"size\":9730,\"modified\":\"2024-01-07 00:16:45\",\"name\":\"21-2\",\"extension\":\"jpg\"}','2024-01-06 17:16:45','2024-01-06 17:16:45'),(31,126,'product-files/25.jpg','{\"filename\":\"25.jpg\",\"url\":\"product-files\\/25.jpg\",\"mime_type\":\"image\\/jpeg\",\"size\":9730,\"modified\":\"2024-01-07 00:16:45\",\"name\":\"25\",\"extension\":\"jpg\"}','2024-01-06 17:16:45','2024-01-06 17:16:45'),(32,126,'product-files/25-1.jpg','{\"filename\":\"25-1.jpg\",\"url\":\"product-files\\/25-1.jpg\",\"mime_type\":\"image\\/jpeg\",\"size\":9730,\"modified\":\"2024-01-07 00:16:45\",\"name\":\"25-1\",\"extension\":\"jpg\"}','2024-01-06 17:16:45','2024-01-06 17:16:45'),(33,126,'product-files/25-2.jpg','{\"filename\":\"25-2.jpg\",\"url\":\"product-files\\/25-2.jpg\",\"mime_type\":\"image\\/jpeg\",\"size\":9730,\"modified\":\"2024-01-07 00:16:45\",\"name\":\"25-2\",\"extension\":\"jpg\"}','2024-01-06 17:16:45','2024-01-06 17:16:45'),(34,127,'product-files/25.jpg','{\"filename\":\"25.jpg\",\"url\":\"product-files\\/25.jpg\",\"mime_type\":\"image\\/jpeg\",\"size\":9730,\"modified\":\"2024-01-07 00:16:45\",\"name\":\"25\",\"extension\":\"jpg\"}','2024-01-06 17:16:45','2024-01-06 17:16:45'),(35,127,'product-files/25-1.jpg','{\"filename\":\"25-1.jpg\",\"url\":\"product-files\\/25-1.jpg\",\"mime_type\":\"image\\/jpeg\",\"size\":9730,\"modified\":\"2024-01-07 00:16:45\",\"name\":\"25-1\",\"extension\":\"jpg\"}','2024-01-06 17:16:45','2024-01-06 17:16:45'),(36,127,'product-files/25-2.jpg','{\"filename\":\"25-2.jpg\",\"url\":\"product-files\\/25-2.jpg\",\"mime_type\":\"image\\/jpeg\",\"size\":9730,\"modified\":\"2024-01-07 00:16:45\",\"name\":\"25-2\",\"extension\":\"jpg\"}','2024-01-06 17:16:45','2024-01-06 17:16:45'),(37,135,'product-files/29.jpg','{\"filename\":\"29.jpg\",\"url\":\"product-files\\/29.jpg\",\"mime_type\":\"image\\/jpeg\",\"size\":9730,\"modified\":\"2024-01-07 00:16:45\",\"name\":\"29\",\"extension\":\"jpg\"}','2024-01-06 17:16:45','2024-01-06 17:16:45'),(38,135,'product-files/29-1.jpg','{\"filename\":\"29-1.jpg\",\"url\":\"product-files\\/29-1.jpg\",\"mime_type\":\"image\\/jpeg\",\"size\":9730,\"modified\":\"2024-01-07 00:16:45\",\"name\":\"29-1\",\"extension\":\"jpg\"}','2024-01-06 17:16:45','2024-01-06 17:16:45'),(39,135,'product-files/29-2.jpg','{\"filename\":\"29-2.jpg\",\"url\":\"product-files\\/29-2.jpg\",\"mime_type\":\"image\\/jpeg\",\"size\":9730,\"modified\":\"2024-01-07 00:16:45\",\"name\":\"29-2\",\"extension\":\"jpg\"}','2024-01-06 17:16:45','2024-01-06 17:16:45'),(40,136,'product-files/29.jpg','{\"filename\":\"29.jpg\",\"url\":\"product-files\\/29.jpg\",\"mime_type\":\"image\\/jpeg\",\"size\":9730,\"modified\":\"2024-01-07 00:16:45\",\"name\":\"29\",\"extension\":\"jpg\"}','2024-01-06 17:16:45','2024-01-06 17:16:45'),(41,136,'product-files/29-1.jpg','{\"filename\":\"29-1.jpg\",\"url\":\"product-files\\/29-1.jpg\",\"mime_type\":\"image\\/jpeg\",\"size\":9730,\"modified\":\"2024-01-07 00:16:45\",\"name\":\"29-1\",\"extension\":\"jpg\"}','2024-01-06 17:16:45','2024-01-06 17:16:45'),(42,136,'product-files/29-2.jpg','{\"filename\":\"29-2.jpg\",\"url\":\"product-files\\/29-2.jpg\",\"mime_type\":\"image\\/jpeg\",\"size\":9730,\"modified\":\"2024-01-07 00:16:45\",\"name\":\"29-2\",\"extension\":\"jpg\"}','2024-01-06 17:16:45','2024-01-06 17:16:45'),(43,146,'product-files/33.jpg','{\"filename\":\"33.jpg\",\"url\":\"product-files\\/33.jpg\",\"mime_type\":\"image\\/jpeg\",\"size\":9730,\"modified\":\"2024-01-07 00:16:45\",\"name\":\"33\",\"extension\":\"jpg\"}','2024-01-06 17:16:45','2024-01-06 17:16:45'),(44,146,'product-files/33-1.jpg','{\"filename\":\"33-1.jpg\",\"url\":\"product-files\\/33-1.jpg\",\"mime_type\":\"image\\/jpeg\",\"size\":9730,\"modified\":\"2024-01-07 00:16:45\",\"name\":\"33-1\",\"extension\":\"jpg\"}','2024-01-06 17:16:45','2024-01-06 17:16:45'),(45,146,'product-files/33-2.jpg','{\"filename\":\"33-2.jpg\",\"url\":\"product-files\\/33-2.jpg\",\"mime_type\":\"image\\/jpeg\",\"size\":9730,\"modified\":\"2024-01-07 00:16:45\",\"name\":\"33-2\",\"extension\":\"jpg\"}','2024-01-06 17:16:45','2024-01-06 17:16:45'),(46,147,'product-files/33.jpg','{\"filename\":\"33.jpg\",\"url\":\"product-files\\/33.jpg\",\"mime_type\":\"image\\/jpeg\",\"size\":9730,\"modified\":\"2024-01-07 00:16:45\",\"name\":\"33\",\"extension\":\"jpg\"}','2024-01-06 17:16:45','2024-01-06 17:16:45'),(47,147,'product-files/33-1.jpg','{\"filename\":\"33-1.jpg\",\"url\":\"product-files\\/33-1.jpg\",\"mime_type\":\"image\\/jpeg\",\"size\":9730,\"modified\":\"2024-01-07 00:16:45\",\"name\":\"33-1\",\"extension\":\"jpg\"}','2024-01-06 17:16:45','2024-01-06 17:16:45'),(48,147,'product-files/33-2.jpg','{\"filename\":\"33-2.jpg\",\"url\":\"product-files\\/33-2.jpg\",\"mime_type\":\"image\\/jpeg\",\"size\":9730,\"modified\":\"2024-01-07 00:16:45\",\"name\":\"33-2\",\"extension\":\"jpg\"}','2024-01-06 17:16:45','2024-01-06 17:16:45'),(49,153,'product-files/37.jpg','{\"filename\":\"37.jpg\",\"url\":\"product-files\\/37.jpg\",\"mime_type\":\"image\\/jpeg\",\"size\":9730,\"modified\":\"2024-01-07 00:16:46\",\"name\":\"37\",\"extension\":\"jpg\"}','2024-01-06 17:16:46','2024-01-06 17:16:46'),(50,153,'product-files/37-1.jpg','{\"filename\":\"37-1.jpg\",\"url\":\"product-files\\/37-1.jpg\",\"mime_type\":\"image\\/jpeg\",\"size\":9730,\"modified\":\"2024-01-07 00:16:46\",\"name\":\"37-1\",\"extension\":\"jpg\"}','2024-01-06 17:16:46','2024-01-06 17:16:46'),(51,153,'product-files/37-2.jpg','{\"filename\":\"37-2.jpg\",\"url\":\"product-files\\/37-2.jpg\",\"mime_type\":\"image\\/jpeg\",\"size\":9730,\"modified\":\"2024-01-07 00:16:46\",\"name\":\"37-2\",\"extension\":\"jpg\"}','2024-01-06 17:16:46','2024-01-06 17:16:46'),(52,154,'product-files/37.jpg','{\"filename\":\"37.jpg\",\"url\":\"product-files\\/37.jpg\",\"mime_type\":\"image\\/jpeg\",\"size\":9730,\"modified\":\"2024-01-07 00:16:46\",\"name\":\"37\",\"extension\":\"jpg\"}','2024-01-06 17:16:46','2024-01-06 17:16:46'),(53,154,'product-files/37-1.jpg','{\"filename\":\"37-1.jpg\",\"url\":\"product-files\\/37-1.jpg\",\"mime_type\":\"image\\/jpeg\",\"size\":9730,\"modified\":\"2024-01-07 00:16:46\",\"name\":\"37-1\",\"extension\":\"jpg\"}','2024-01-06 17:16:46','2024-01-06 17:16:46'),(54,154,'product-files/37-2.jpg','{\"filename\":\"37-2.jpg\",\"url\":\"product-files\\/37-2.jpg\",\"mime_type\":\"image\\/jpeg\",\"size\":9730,\"modified\":\"2024-01-07 00:16:46\",\"name\":\"37-2\",\"extension\":\"jpg\"}','2024-01-06 17:16:46','2024-01-06 17:16:46'),(55,155,'product-files/37.jpg','{\"filename\":\"37.jpg\",\"url\":\"product-files\\/37.jpg\",\"mime_type\":\"image\\/jpeg\",\"size\":9730,\"modified\":\"2024-01-07 00:16:46\",\"name\":\"37\",\"extension\":\"jpg\"}','2024-01-06 17:16:46','2024-01-06 17:16:46'),(56,155,'product-files/37-1.jpg','{\"filename\":\"37-1.jpg\",\"url\":\"product-files\\/37-1.jpg\",\"mime_type\":\"image\\/jpeg\",\"size\":9730,\"modified\":\"2024-01-07 00:16:46\",\"name\":\"37-1\",\"extension\":\"jpg\"}','2024-01-06 17:16:46','2024-01-06 17:16:46'),(57,155,'product-files/37-2.jpg','{\"filename\":\"37-2.jpg\",\"url\":\"product-files\\/37-2.jpg\",\"mime_type\":\"image\\/jpeg\",\"size\":9730,\"modified\":\"2024-01-07 00:16:46\",\"name\":\"37-2\",\"extension\":\"jpg\"}','2024-01-06 17:16:46','2024-01-06 17:16:46'),(58,156,'product-files/37.jpg','{\"filename\":\"37.jpg\",\"url\":\"product-files\\/37.jpg\",\"mime_type\":\"image\\/jpeg\",\"size\":9730,\"modified\":\"2024-01-07 00:16:46\",\"name\":\"37\",\"extension\":\"jpg\"}','2024-01-06 17:16:46','2024-01-06 17:16:46'),(59,156,'product-files/37-1.jpg','{\"filename\":\"37-1.jpg\",\"url\":\"product-files\\/37-1.jpg\",\"mime_type\":\"image\\/jpeg\",\"size\":9730,\"modified\":\"2024-01-07 00:16:46\",\"name\":\"37-1\",\"extension\":\"jpg\"}','2024-01-06 17:16:46','2024-01-06 17:16:46'),(60,156,'product-files/37-2.jpg','{\"filename\":\"37-2.jpg\",\"url\":\"product-files\\/37-2.jpg\",\"mime_type\":\"image\\/jpeg\",\"size\":9730,\"modified\":\"2024-01-07 00:16:46\",\"name\":\"37-2\",\"extension\":\"jpg\"}','2024-01-06 17:16:46','2024-01-06 17:16:46'),(61,164,'product-files/41.jpg','{\"filename\":\"41.jpg\",\"url\":\"product-files\\/41.jpg\",\"mime_type\":\"image\\/jpeg\",\"size\":9730,\"modified\":\"2024-01-07 00:16:46\",\"name\":\"41\",\"extension\":\"jpg\"}','2024-01-06 17:16:46','2024-01-06 17:16:46'),(62,164,'product-files/41-1.jpg','{\"filename\":\"41-1.jpg\",\"url\":\"product-files\\/41-1.jpg\",\"mime_type\":\"image\\/jpeg\",\"size\":9730,\"modified\":\"2024-01-07 00:16:46\",\"name\":\"41-1\",\"extension\":\"jpg\"}','2024-01-06 17:16:46','2024-01-06 17:16:46'),(63,164,'product-files/41-2.jpg','{\"filename\":\"41-2.jpg\",\"url\":\"product-files\\/41-2.jpg\",\"mime_type\":\"image\\/jpeg\",\"size\":9730,\"modified\":\"2024-01-07 00:16:46\",\"name\":\"41-2\",\"extension\":\"jpg\"}','2024-01-06 17:16:46','2024-01-06 17:16:46'),(64,165,'product-files/41.jpg','{\"filename\":\"41.jpg\",\"url\":\"product-files\\/41.jpg\",\"mime_type\":\"image\\/jpeg\",\"size\":9730,\"modified\":\"2024-01-07 00:16:46\",\"name\":\"41\",\"extension\":\"jpg\"}','2024-01-06 17:16:46','2024-01-06 17:16:46'),(65,165,'product-files/41-1.jpg','{\"filename\":\"41-1.jpg\",\"url\":\"product-files\\/41-1.jpg\",\"mime_type\":\"image\\/jpeg\",\"size\":9730,\"modified\":\"2024-01-07 00:16:46\",\"name\":\"41-1\",\"extension\":\"jpg\"}','2024-01-06 17:16:46','2024-01-06 17:16:46'),(66,165,'product-files/41-2.jpg','{\"filename\":\"41-2.jpg\",\"url\":\"product-files\\/41-2.jpg\",\"mime_type\":\"image\\/jpeg\",\"size\":9730,\"modified\":\"2024-01-07 00:16:46\",\"name\":\"41-2\",\"extension\":\"jpg\"}','2024-01-06 17:16:46','2024-01-06 17:16:46'),(67,173,'product-files/45.jpg','{\"filename\":\"45.jpg\",\"url\":\"product-files\\/45.jpg\",\"mime_type\":\"image\\/jpeg\",\"size\":9730,\"modified\":\"2024-01-07 00:16:46\",\"name\":\"45\",\"extension\":\"jpg\"}','2024-01-06 17:16:46','2024-01-06 17:16:46'),(68,173,'product-files/45-1.jpg','{\"filename\":\"45-1.jpg\",\"url\":\"product-files\\/45-1.jpg\",\"mime_type\":\"image\\/jpeg\",\"size\":9730,\"modified\":\"2024-01-07 00:16:46\",\"name\":\"45-1\",\"extension\":\"jpg\"}','2024-01-06 17:16:46','2024-01-06 17:16:46'),(69,174,'product-files/45.jpg','{\"filename\":\"45.jpg\",\"url\":\"product-files\\/45.jpg\",\"mime_type\":\"image\\/jpeg\",\"size\":9730,\"modified\":\"2024-01-07 00:16:46\",\"name\":\"45\",\"extension\":\"jpg\"}','2024-01-06 17:16:46','2024-01-06 17:16:46'),(70,174,'product-files/45-1.jpg','{\"filename\":\"45-1.jpg\",\"url\":\"product-files\\/45-1.jpg\",\"mime_type\":\"image\\/jpeg\",\"size\":9730,\"modified\":\"2024-01-07 00:16:46\",\"name\":\"45-1\",\"extension\":\"jpg\"}','2024-01-06 17:16:46','2024-01-06 17:16:46'),(71,175,'product-files/45.jpg','{\"filename\":\"45.jpg\",\"url\":\"product-files\\/45.jpg\",\"mime_type\":\"image\\/jpeg\",\"size\":9730,\"modified\":\"2024-01-07 00:16:46\",\"name\":\"45\",\"extension\":\"jpg\"}','2024-01-06 17:16:46','2024-01-06 17:16:46'),(72,175,'product-files/45-1.jpg','{\"filename\":\"45-1.jpg\",\"url\":\"product-files\\/45-1.jpg\",\"mime_type\":\"image\\/jpeg\",\"size\":9730,\"modified\":\"2024-01-07 00:16:46\",\"name\":\"45-1\",\"extension\":\"jpg\"}','2024-01-06 17:16:46','2024-01-06 17:16:46'),(73,184,'product-files/49.jpg','{\"filename\":\"49.jpg\",\"url\":\"product-files\\/49.jpg\",\"mime_type\":\"image\\/jpeg\",\"size\":9730,\"modified\":\"2024-01-07 00:16:46\",\"name\":\"49\",\"extension\":\"jpg\"}','2024-01-06 17:16:46','2024-01-06 17:16:46'),(74,184,'product-files/49-1.jpg','{\"filename\":\"49-1.jpg\",\"url\":\"product-files\\/49-1.jpg\",\"mime_type\":\"image\\/jpeg\",\"size\":9730,\"modified\":\"2024-01-07 00:16:46\",\"name\":\"49-1\",\"extension\":\"jpg\"}','2024-01-06 17:16:46','2024-01-06 17:16:46'),(75,184,'product-files/49-2.jpg','{\"filename\":\"49-2.jpg\",\"url\":\"product-files\\/49-2.jpg\",\"mime_type\":\"image\\/jpeg\",\"size\":9730,\"modified\":\"2024-01-07 00:16:46\",\"name\":\"49-2\",\"extension\":\"jpg\"}','2024-01-06 17:16:46','2024-01-06 17:16:46'),(76,185,'product-files/49.jpg','{\"filename\":\"49.jpg\",\"url\":\"product-files\\/49.jpg\",\"mime_type\":\"image\\/jpeg\",\"size\":9730,\"modified\":\"2024-01-07 00:16:46\",\"name\":\"49\",\"extension\":\"jpg\"}','2024-01-06 17:16:46','2024-01-06 17:16:46'),(77,185,'product-files/49-1.jpg','{\"filename\":\"49-1.jpg\",\"url\":\"product-files\\/49-1.jpg\",\"mime_type\":\"image\\/jpeg\",\"size\":9730,\"modified\":\"2024-01-07 00:16:46\",\"name\":\"49-1\",\"extension\":\"jpg\"}','2024-01-06 17:16:46','2024-01-06 17:16:46'),(78,185,'product-files/49-2.jpg','{\"filename\":\"49-2.jpg\",\"url\":\"product-files\\/49-2.jpg\",\"mime_type\":\"image\\/jpeg\",\"size\":9730,\"modified\":\"2024-01-07 00:16:46\",\"name\":\"49-2\",\"extension\":\"jpg\"}','2024-01-06 17:16:46','2024-01-06 17:16:46'),(79,194,'product-files/53.jpg','{\"filename\":\"53.jpg\",\"url\":\"product-files\\/53.jpg\",\"mime_type\":\"image\\/jpeg\",\"size\":9730,\"modified\":\"2024-01-07 00:16:46\",\"name\":\"53\",\"extension\":\"jpg\"}','2024-01-06 17:16:46','2024-01-06 17:16:46'),(80,194,'product-files/53-1.jpg','{\"filename\":\"53-1.jpg\",\"url\":\"product-files\\/53-1.jpg\",\"mime_type\":\"image\\/jpeg\",\"size\":9730,\"modified\":\"2024-01-07 00:16:46\",\"name\":\"53-1\",\"extension\":\"jpg\"}','2024-01-06 17:16:46','2024-01-06 17:16:46'),(81,195,'product-files/53.jpg','{\"filename\":\"53.jpg\",\"url\":\"product-files\\/53.jpg\",\"mime_type\":\"image\\/jpeg\",\"size\":9730,\"modified\":\"2024-01-07 00:16:46\",\"name\":\"53\",\"extension\":\"jpg\"}','2024-01-06 17:16:46','2024-01-06 17:16:46'),(82,195,'product-files/53-1.jpg','{\"filename\":\"53-1.jpg\",\"url\":\"product-files\\/53-1.jpg\",\"mime_type\":\"image\\/jpeg\",\"size\":9730,\"modified\":\"2024-01-07 00:16:46\",\"name\":\"53-1\",\"extension\":\"jpg\"}','2024-01-06 17:16:46','2024-01-06 17:16:46'),(83,196,'product-files/53.jpg','{\"filename\":\"53.jpg\",\"url\":\"product-files\\/53.jpg\",\"mime_type\":\"image\\/jpeg\",\"size\":9730,\"modified\":\"2024-01-07 00:16:46\",\"name\":\"53\",\"extension\":\"jpg\"}','2024-01-06 17:16:46','2024-01-06 17:16:46'),(84,196,'product-files/53-1.jpg','{\"filename\":\"53-1.jpg\",\"url\":\"product-files\\/53-1.jpg\",\"mime_type\":\"image\\/jpeg\",\"size\":9730,\"modified\":\"2024-01-07 00:16:46\",\"name\":\"53-1\",\"extension\":\"jpg\"}','2024-01-06 17:16:46','2024-01-06 17:16:46'),(85,200,'product-files/57.jpg','{\"filename\":\"57.jpg\",\"url\":\"product-files\\/57.jpg\",\"mime_type\":\"image\\/jpeg\",\"size\":9730,\"modified\":\"2024-01-07 00:16:47\",\"name\":\"57\",\"extension\":\"jpg\"}','2024-01-06 17:16:47','2024-01-06 17:16:47'),(86,200,'product-files/57-1.jpg','{\"filename\":\"57-1.jpg\",\"url\":\"product-files\\/57-1.jpg\",\"mime_type\":\"image\\/jpeg\",\"size\":9730,\"modified\":\"2024-01-07 00:16:47\",\"name\":\"57-1\",\"extension\":\"jpg\"}','2024-01-06 17:16:47','2024-01-06 17:16:47'),(87,210,'product-files/61.jpg','{\"filename\":\"61.jpg\",\"url\":\"product-files\\/61.jpg\",\"mime_type\":\"image\\/jpeg\",\"size\":9730,\"modified\":\"2024-01-07 00:16:47\",\"name\":\"61\",\"extension\":\"jpg\"}','2024-01-06 17:16:47','2024-01-06 17:16:47'),(88,210,'product-files/61-1.jpg','{\"filename\":\"61-1.jpg\",\"url\":\"product-files\\/61-1.jpg\",\"mime_type\":\"image\\/jpeg\",\"size\":9730,\"modified\":\"2024-01-07 00:16:47\",\"name\":\"61-1\",\"extension\":\"jpg\"}','2024-01-06 17:16:47','2024-01-06 17:16:47'),(89,211,'product-files/61.jpg','{\"filename\":\"61.jpg\",\"url\":\"product-files\\/61.jpg\",\"mime_type\":\"image\\/jpeg\",\"size\":9730,\"modified\":\"2024-01-07 00:16:47\",\"name\":\"61\",\"extension\":\"jpg\"}','2024-01-06 17:16:47','2024-01-06 17:16:47'),(90,211,'product-files/61-1.jpg','{\"filename\":\"61-1.jpg\",\"url\":\"product-files\\/61-1.jpg\",\"mime_type\":\"image\\/jpeg\",\"size\":9730,\"modified\":\"2024-01-07 00:16:47\",\"name\":\"61-1\",\"extension\":\"jpg\"}','2024-01-06 17:16:47','2024-01-06 17:16:47'),(91,219,'product-files/65.jpg','{\"filename\":\"65.jpg\",\"url\":\"product-files\\/65.jpg\",\"mime_type\":\"image\\/jpeg\",\"size\":9730,\"modified\":\"2024-01-07 00:16:47\",\"name\":\"65\",\"extension\":\"jpg\"}','2024-01-06 17:16:47','2024-01-06 17:16:47'),(92,219,'product-files/65-1.jpg','{\"filename\":\"65-1.jpg\",\"url\":\"product-files\\/65-1.jpg\",\"mime_type\":\"image\\/jpeg\",\"size\":9730,\"modified\":\"2024-01-07 00:16:47\",\"name\":\"65-1\",\"extension\":\"jpg\"}','2024-01-06 17:16:47','2024-01-06 17:16:47'),(93,219,'product-files/65-2.jpg','{\"filename\":\"65-2.jpg\",\"url\":\"product-files\\/65-2.jpg\",\"mime_type\":\"image\\/jpeg\",\"size\":9730,\"modified\":\"2024-01-07 00:16:47\",\"name\":\"65-2\",\"extension\":\"jpg\"}','2024-01-06 17:16:47','2024-01-06 17:16:47');
/*!40000 ALTER TABLE `ec_product_files` ENABLE KEYS */;
UNLOCK TABLES;

--
-- Table structure for table `ec_product_label_products`
--

DROP TABLE IF EXISTS `ec_product_label_products`;
/*!40101 SET @saved_cs_client     = @@character_set_client */;
/*!50503 SET character_set_client = utf8mb4 */;
CREATE TABLE `ec_product_label_products` (
  `product_label_id` bigint unsigned NOT NULL,
  `product_id` bigint unsigned NOT NULL,
  PRIMARY KEY (`product_label_id`,`product_id`),
  KEY `ec_product_label_products_product_label_id_index` (`product_label_id`),
  KEY `ec_product_label_products_product_id_index` (`product_id`)
) ENGINE=InnoDB DEFAULT CHARSET=utf8mb4 COLLATE=utf8mb4_unicode_ci;
/*!40101 SET character_set_client = @saved_cs_client */;

--
-- Dumping data for table `ec_product_label_products`
--

LOCK TABLES `ec_product_label_products` WRITE;
/*!40000 ALTER TABLE `ec_product_label_products` DISABLE KEYS */;
INSERT INTO `ec_product_label_products` VALUES (1,3),(1,6),(1,33),(1,36),(1,51),(1,63),(2,15),(2,18),(2,42),(2,45),(2,48),(2,54),(2,57),(3,9),(3,12),(3,21),(3,24),(3,27),(3,30),(3,39),(3,60);
/*!40000 ALTER TABLE `ec_product_label_products` ENABLE KEYS */;
UNLOCK TABLES;

--
-- Table structure for table `ec_product_labels`
--

DROP TABLE IF EXISTS `ec_product_labels`;
/*!40101 SET @saved_cs_client     = @@character_set_client */;
/*!50503 SET character_set_client = utf8mb4 */;
CREATE TABLE `ec_product_labels` (
  `id` bigint unsigned NOT NULL AUTO_INCREMENT,
  `name` varchar(255) COLLATE utf8mb4_unicode_ci NOT NULL,
  `color` varchar(120) COLLATE utf8mb4_unicode_ci DEFAULT NULL,
  `status` varchar(60) COLLATE utf8mb4_unicode_ci NOT NULL DEFAULT 'published',
  `created_at` timestamp NULL DEFAULT NULL,
  `updated_at` timestamp NULL DEFAULT NULL,
  PRIMARY KEY (`id`)
) ENGINE=InnoDB AUTO_INCREMENT=4 DEFAULT CHARSET=utf8mb4 COLLATE=utf8mb4_unicode_ci;
/*!40101 SET character_set_client = @saved_cs_client */;

--
-- Dumping data for table `ec_product_labels`
--

LOCK TABLES `ec_product_labels` WRITE;
/*!40000 ALTER TABLE `ec_product_labels` DISABLE KEYS */;
INSERT INTO `ec_product_labels` VALUES (1,'Hot','#cb4321','published','2024-01-06 17:16:37','2024-01-06 17:16:37'),(2,'New','#00c9a7','published','2024-01-06 17:16:37','2024-01-06 17:16:37'),(3,'Sale','#ba591d','published','2024-01-06 17:16:37','2024-01-06 17:16:37');
/*!40000 ALTER TABLE `ec_product_labels` ENABLE KEYS */;
UNLOCK TABLES;

--
-- Table structure for table `ec_product_labels_translations`
--

DROP TABLE IF EXISTS `ec_product_labels_translations`;
/*!40101 SET @saved_cs_client     = @@character_set_client */;
/*!50503 SET character_set_client = utf8mb4 */;
CREATE TABLE `ec_product_labels_translations` (
  `lang_code` varchar(191) COLLATE utf8mb4_unicode_ci NOT NULL,
  `ec_product_labels_id` bigint unsigned NOT NULL,
  `name` varchar(191) COLLATE utf8mb4_unicode_ci DEFAULT NULL,
  `description` varchar(191) COLLATE utf8mb4_unicode_ci DEFAULT NULL,
  PRIMARY KEY (`lang_code`,`ec_product_labels_id`)
) ENGINE=InnoDB DEFAULT CHARSET=utf8mb4 COLLATE=utf8mb4_unicode_ci;
/*!40101 SET character_set_client = @saved_cs_client */;

--
-- Dumping data for table `ec_product_labels_translations`
--

LOCK TABLES `ec_product_labels_translations` WRITE;
/*!40000 ALTER TABLE `ec_product_labels_translations` DISABLE KEYS */;
/*!40000 ALTER TABLE `ec_product_labels_translations` ENABLE KEYS */;
UNLOCK TABLES;

--
-- Table structure for table `ec_product_related_relations`
--

DROP TABLE IF EXISTS `ec_product_related_relations`;
/*!40101 SET @saved_cs_client     = @@character_set_client */;
/*!50503 SET character_set_client = utf8mb4 */;
CREATE TABLE `ec_product_related_relations` (
  `from_product_id` bigint unsigned NOT NULL,
  `to_product_id` bigint unsigned NOT NULL,
  PRIMARY KEY (`from_product_id`,`to_product_id`),
  KEY `ec_product_related_relations_from_product_id_index` (`from_product_id`),
  KEY `ec_product_related_relations_to_product_id_index` (`to_product_id`)
) ENGINE=InnoDB DEFAULT CHARSET=utf8mb4 COLLATE=utf8mb4_unicode_ci;
/*!40101 SET character_set_client = @saved_cs_client */;

--
-- Dumping data for table `ec_product_related_relations`
--

LOCK TABLES `ec_product_related_relations` WRITE;
/*!40000 ALTER TABLE `ec_product_related_relations` DISABLE KEYS */;
/*!40000 ALTER TABLE `ec_product_related_relations` ENABLE KEYS */;
UNLOCK TABLES;

--
-- Table structure for table `ec_product_tag_product`
--

DROP TABLE IF EXISTS `ec_product_tag_product`;
/*!40101 SET @saved_cs_client     = @@character_set_client */;
/*!50503 SET character_set_client = utf8mb4 */;
CREATE TABLE `ec_product_tag_product` (
  `product_id` bigint unsigned NOT NULL,
  `tag_id` bigint unsigned NOT NULL,
  PRIMARY KEY (`product_id`,`tag_id`),
  KEY `ec_product_tag_product_product_id_index` (`product_id`),
  KEY `ec_product_tag_product_tag_id_index` (`tag_id`)
) ENGINE=InnoDB DEFAULT CHARSET=utf8mb4 COLLATE=utf8mb4_unicode_ci;
/*!40101 SET character_set_client = @saved_cs_client */;

--
-- Dumping data for table `ec_product_tag_product`
--

LOCK TABLES `ec_product_tag_product` WRITE;
/*!40000 ALTER TABLE `ec_product_tag_product` DISABLE KEYS */;
INSERT INTO `ec_product_tag_product` VALUES (1,2),(1,4),(2,1),(2,3),(2,6),(3,1),(3,2),(3,4),(4,2),(5,1),(5,2),(5,6),(6,2),(6,3),(6,5),(7,2),(7,4),(7,6),(8,2),(8,3),(9,2),(9,4),(10,1),(10,2),(10,5),(11,1),(11,5),(12,1),(12,5),(12,6),(13,1),(13,3),(13,6),(14,2),(14,5),(15,1),(15,5),(15,6),(16,1),(16,2),(17,2),(17,3),(17,4),(18,1),(18,2),(18,3),(19,4),(19,5),(20,1),(20,2),(20,3),(21,4),(21,5),(21,6),(22,1),(22,6),(23,1),(23,2),(23,3),(24,1),(24,2),(24,4),(25,1),(25,3),(25,5),(26,1),(26,5),(27,1),(27,6),(28,1),(28,3),(28,5),(29,4),(29,5),(29,6),(30,1),(30,6),(31,1),(31,5),(31,6),(32,1),(32,2),(32,3),(33,2),(33,4),(33,6),(34,1),(34,3),(34,6),(35,2),(35,3),(35,6),(36,2),(36,6),(37,1),(37,6),(38,1),(38,3),(38,4),(39,3),(39,6),(40,3),(40,4),(40,5),(41,3),(41,5),(42,1),(42,6),(43,1),(43,3),(43,5),(44,1),(44,6),(45,1),(45,3),(46,3),(46,5),(46,6),(47,2),(47,5),(48,2),(48,4),(49,2),(49,4),(49,6),(50,1),(50,2),(50,4),(51,2),(51,4),(51,6),(52,1),(52,4),(52,5),(53,1),(53,2),(53,5),(54,2),(54,5),(54,6),(55,2),(55,3),(55,4),(56,1),(56,3),(56,6),(57,3),(57,5),(58,2),(58,4),(58,5),(59,1),(59,2),(59,5),(60,1),(60,5),(60,6),(61,2),(61,4),(61,5),(62,3),(62,5),(62,6),(63,1),(63,4),(63,6),(64,3),(64,5),(65,2),(65,6);
/*!40000 ALTER TABLE `ec_product_tag_product` ENABLE KEYS */;
UNLOCK TABLES;

--
-- Table structure for table `ec_product_tags`
--

DROP TABLE IF EXISTS `ec_product_tags`;
/*!40101 SET @saved_cs_client     = @@character_set_client */;
/*!50503 SET character_set_client = utf8mb4 */;
CREATE TABLE `ec_product_tags` (
  `id` bigint unsigned NOT NULL AUTO_INCREMENT,
  `name` varchar(120) COLLATE utf8mb4_unicode_ci NOT NULL,
  `description` varchar(400) COLLATE utf8mb4_unicode_ci DEFAULT NULL,
  `status` varchar(60) COLLATE utf8mb4_unicode_ci NOT NULL DEFAULT 'published',
  `created_at` timestamp NULL DEFAULT NULL,
  `updated_at` timestamp NULL DEFAULT NULL,
  PRIMARY KEY (`id`)
) ENGINE=InnoDB AUTO_INCREMENT=7 DEFAULT CHARSET=utf8mb4 COLLATE=utf8mb4_unicode_ci;
/*!40101 SET character_set_client = @saved_cs_client */;

--
-- Dumping data for table `ec_product_tags`
--

LOCK TABLES `ec_product_tags` WRITE;
/*!40000 ALTER TABLE `ec_product_tags` DISABLE KEYS */;
INSERT INTO `ec_product_tags` VALUES (1,'Electronic',NULL,'published','2024-01-06 17:16:50','2024-01-06 17:16:50'),(2,'Mobile',NULL,'published','2024-01-06 17:16:50','2024-01-06 17:16:50'),(3,'Iphone',NULL,'published','2024-01-06 17:16:50','2024-01-06 17:16:50'),(4,'Printer',NULL,'published','2024-01-06 17:16:50','2024-01-06 17:16:50'),(5,'Office',NULL,'published','2024-01-06 17:16:50','2024-01-06 17:16:50'),(6,'IT',NULL,'published','2024-01-06 17:16:50','2024-01-06 17:16:50');
/*!40000 ALTER TABLE `ec_product_tags` ENABLE KEYS */;
UNLOCK TABLES;

--
-- Table structure for table `ec_product_tags_translations`
--

DROP TABLE IF EXISTS `ec_product_tags_translations`;
/*!40101 SET @saved_cs_client     = @@character_set_client */;
/*!50503 SET character_set_client = utf8mb4 */;
CREATE TABLE `ec_product_tags_translations` (
  `lang_code` varchar(191) COLLATE utf8mb4_unicode_ci NOT NULL,
  `ec_product_tags_id` bigint unsigned NOT NULL,
  `name` varchar(191) COLLATE utf8mb4_unicode_ci DEFAULT NULL,
  PRIMARY KEY (`lang_code`,`ec_product_tags_id`)
) ENGINE=InnoDB DEFAULT CHARSET=utf8mb4 COLLATE=utf8mb4_unicode_ci;
/*!40101 SET character_set_client = @saved_cs_client */;

--
-- Dumping data for table `ec_product_tags_translations`
--

LOCK TABLES `ec_product_tags_translations` WRITE;
/*!40000 ALTER TABLE `ec_product_tags_translations` DISABLE KEYS */;
/*!40000 ALTER TABLE `ec_product_tags_translations` ENABLE KEYS */;
UNLOCK TABLES;

--
-- Table structure for table `ec_product_up_sale_relations`
--

DROP TABLE IF EXISTS `ec_product_up_sale_relations`;
/*!40101 SET @saved_cs_client     = @@character_set_client */;
/*!50503 SET character_set_client = utf8mb4 */;
CREATE TABLE `ec_product_up_sale_relations` (
  `from_product_id` bigint unsigned NOT NULL,
  `to_product_id` bigint unsigned NOT NULL,
  PRIMARY KEY (`from_product_id`,`to_product_id`),
  KEY `ec_product_up_sale_relations_from_product_id_index` (`from_product_id`),
  KEY `ec_product_up_sale_relations_to_product_id_index` (`to_product_id`)
) ENGINE=InnoDB DEFAULT CHARSET=utf8mb4 COLLATE=utf8mb4_unicode_ci;
/*!40101 SET character_set_client = @saved_cs_client */;

--
-- Dumping data for table `ec_product_up_sale_relations`
--

LOCK TABLES `ec_product_up_sale_relations` WRITE;
/*!40000 ALTER TABLE `ec_product_up_sale_relations` DISABLE KEYS */;
/*!40000 ALTER TABLE `ec_product_up_sale_relations` ENABLE KEYS */;
UNLOCK TABLES;

--
-- Table structure for table `ec_product_variation_items`
--

DROP TABLE IF EXISTS `ec_product_variation_items`;
/*!40101 SET @saved_cs_client     = @@character_set_client */;
/*!50503 SET character_set_client = utf8mb4 */;
CREATE TABLE `ec_product_variation_items` (
  `id` bigint unsigned NOT NULL AUTO_INCREMENT,
  `attribute_id` bigint unsigned NOT NULL,
  `variation_id` bigint unsigned NOT NULL,
  PRIMARY KEY (`id`),
  KEY `attribute_variation_index` (`attribute_id`,`variation_id`)
) ENGINE=InnoDB AUTO_INCREMENT=309 DEFAULT CHARSET=utf8mb4 COLLATE=utf8mb4_unicode_ci;
/*!40101 SET character_set_client = @saved_cs_client */;

--
-- Dumping data for table `ec_product_variation_items`
--

LOCK TABLES `ec_product_variation_items` WRITE;
/*!40000 ALTER TABLE `ec_product_variation_items` DISABLE KEYS */;
INSERT INTO `ec_product_variation_items` VALUES (21,1,11),(25,1,13),(45,1,23),(47,1,24),(49,1,25),(57,1,29),(69,1,35),(71,1,36),(89,1,45),(93,1,47),(101,1,51),(103,1,52),(109,1,55),(113,1,57),(7,2,4),(29,2,15),(39,2,20),(51,2,26),(61,2,31),(67,2,34),(73,2,37),(77,2,39),(81,2,41),(85,2,43),(87,2,44),(91,2,46),(95,2,48),(107,2,54),(115,2,58),(13,3,7),(17,3,9),(19,3,10),(27,3,14),(35,3,18),(37,3,19),(43,3,22),(55,3,28),(63,3,32),(65,3,33),(75,3,38),(111,3,56),(1,4,1),(3,4,2),(5,4,3),(11,4,6),(59,4,30),(79,4,40),(99,4,50),(105,4,53),(9,5,5),(15,5,8),(23,5,12),(31,5,16),(33,5,17),(41,5,21),(53,5,27),(83,5,42),(97,5,49),(2,6,1),(14,6,7),(16,6,8),(32,6,16),(42,6,21),(46,6,23),(62,6,31),(68,6,34),(70,6,35),(72,6,36),(76,6,38),(82,6,41),(90,6,45),(10,7,5),(24,7,12),(28,7,14),(50,7,25),(66,7,33),(78,7,39),(86,7,43),(88,7,44),(94,7,47),(108,7,54),(114,7,57),(4,8,2),(22,8,11),(34,8,17),(38,8,19),(40,8,20),(44,8,22),(48,8,24),(56,8,28),(60,8,30),(84,8,42),(98,8,49),(104,8,52),(106,8,53),(110,8,55),(12,9,6),(20,9,10),(26,9,13),(36,9,18),(58,9,29),(64,9,32),(74,9,37),(96,9,48),(116,9,58),(6,10,3),(8,10,4),(18,10,9),(30,10,15),(52,10,26),(54,10,27),(80,10,40),(92,10,46),(100,10,50),(102,10,51),(112,10,56),(125,11,63),(131,11,66),(149,11,75),(153,11,77),(161,11,81),(165,11,83),(171,11,86),(177,11,89),(179,11,90),(183,11,92),(185,11,93),(189,11,95),(209,11,105),(217,11,109),(221,11,111),(229,11,115),(237,11,119),(241,11,121),(255,11,128),(261,11,131),(271,11,136),(275,11,138),(295,11,148),(147,12,74),(155,12,78),(157,12,79),(163,12,82),(181,12,91),(203,12,102),(211,12,106),(215,12,108),(231,12,116),(243,12,122),(245,12,123),(265,12,133),(269,12,135),(283,12,142),(293,12,147),(299,12,150),(117,13,59),(121,13,61),(127,13,64),(145,13,73),(197,13,99),(199,13,100),(201,13,101),(205,13,103),(227,13,114),(235,13,118),(247,13,124),(249,13,125),(263,13,132),(273,13,137),(291,13,146),(301,13,151),(303,13,152),(119,14,60),(123,14,62),(133,14,67),(135,14,68),(141,14,71),(143,14,72),(167,14,84),(169,14,85),(173,14,87),(187,14,94),(193,14,97),(213,14,107),(223,14,112),(225,14,113),(239,14,120),(267,14,134),(305,14,153),(307,14,154),(129,15,65),(137,15,69),(139,15,70),(151,15,76),(159,15,80),(175,15,88),(191,15,96),(195,15,98),(207,15,104),(219,15,110),(233,15,117),(251,15,126),(253,15,127),(257,15,129),(259,15,130),(277,15,139),(279,15,140),(281,15,141),(285,15,143),(287,15,144),(289,15,145),(297,15,149),(128,16,64),(144,16,72),(150,16,75),(152,16,76),(174,16,87),(182,16,91),(188,16,94),(192,16,96),(196,16,98),(198,16,99),(222,16,111),(224,16,112),(226,16,113),(248,16,124),(256,16,128),(264,16,132),(266,16,133),(270,16,135),(278,16,139),(290,16,145),(304,16,152),(306,16,153),(122,17,61),(134,17,67),(136,17,68),(172,17,86),(200,17,100),(206,17,103),(212,17,106),(218,17,109),(220,17,110),(238,17,119),(262,17,131),(272,17,136),(284,17,142),(288,17,144),(294,17,147),(298,17,149),(302,17,151),(168,18,84),(178,18,89),(180,18,90),(190,18,95),(202,18,101),(216,18,108),(240,18,120),(242,18,121),(250,18,125),(268,18,134),(276,18,138),(280,18,140),(282,18,141),(118,19,59),(130,19,65),(132,19,66),(138,19,69),(148,19,74),(156,19,78),(158,19,79),(160,19,80),(162,19,81),(166,19,83),(170,19,85),(176,19,88),(184,19,92),(186,19,93),(194,19,97),(204,19,102),(208,19,104),(214,19,107),(230,19,115),(234,19,117),(246,19,123),(254,19,127),(258,19,129),(260,19,130),(274,19,137),(300,19,150),(120,20,60),(124,20,62),(126,20,63),(140,20,70),(142,20,71),(146,20,73),(154,20,77),(164,20,82),(210,20,105),(228,20,114),(232,20,116),(236,20,118),(244,20,122),(252,20,126),(286,20,143),(292,20,146),(296,20,148),(308,20,154);
/*!40000 ALTER TABLE `ec_product_variation_items` ENABLE KEYS */;
UNLOCK TABLES;

--
-- Table structure for table `ec_product_variations`
--

DROP TABLE IF EXISTS `ec_product_variations`;
/*!40101 SET @saved_cs_client     = @@character_set_client */;
/*!50503 SET character_set_client = utf8mb4 */;
CREATE TABLE `ec_product_variations` (
  `id` bigint unsigned NOT NULL AUTO_INCREMENT,
  `product_id` bigint unsigned DEFAULT NULL,
  `configurable_product_id` bigint unsigned NOT NULL,
  `is_default` tinyint NOT NULL DEFAULT '0',
  PRIMARY KEY (`id`),
  UNIQUE KEY `ec_product_variations_product_id_configurable_product_id_unique` (`product_id`,`configurable_product_id`),
  KEY `configurable_product_index` (`product_id`,`configurable_product_id`)
) ENGINE=InnoDB AUTO_INCREMENT=155 DEFAULT CHARSET=utf8mb4 COLLATE=utf8mb4_unicode_ci;
/*!40101 SET character_set_client = @saved_cs_client */;

--
-- Dumping data for table `ec_product_variations`
--

LOCK TABLES `ec_product_variations` WRITE;
/*!40000 ALTER TABLE `ec_product_variations` DISABLE KEYS */;
INSERT INTO `ec_product_variations` VALUES (1,66,1,1),(2,67,1,0),(3,68,2,1),(4,69,2,0),(5,70,2,0),(6,71,3,1),(7,72,3,0),(8,73,3,0),(9,74,3,0),(10,75,4,1),(11,76,5,1),(12,77,5,0),(13,78,6,1),(14,79,7,1),(15,80,7,0),(16,81,7,0),(17,82,7,0),(18,83,7,0),(19,84,8,1),(20,85,8,0),(21,86,8,0),(22,87,9,1),(23,88,10,1),(24,89,10,0),(25,90,11,1),(26,91,11,0),(27,92,11,0),(28,93,12,1),(29,94,13,1),(30,95,14,1),(31,96,14,0),(32,97,14,0),(33,98,14,0),(34,99,15,1),(35,100,16,1),(36,101,16,0),(37,102,16,0),(38,103,17,1),(39,104,17,0),(40,105,17,0),(41,106,18,1),(42,107,18,0),(43,108,18,0),(44,109,18,0),(45,110,18,0),(46,111,19,1),(47,112,19,0),(48,113,19,0),(49,114,19,0),(50,115,20,1),(51,116,20,0),(52,117,21,1),(53,118,22,1),(54,119,22,0),(55,120,22,0),(56,121,22,0),(57,122,23,1),(58,123,23,0),(59,124,24,1),(60,125,24,0),(61,126,25,1),(62,127,25,0),(63,128,26,1),(64,129,26,0),(65,130,26,0),(66,131,27,1),(67,132,27,0),(68,133,28,1),(69,134,28,0),(70,135,29,1),(71,136,29,0),(72,137,30,1),(73,138,30,0),(74,139,30,0),(75,140,30,0),(76,141,30,0),(77,142,31,1),(78,143,31,0),(79,144,31,0),(80,145,32,1),(81,146,33,1),(82,147,33,0),(83,148,34,1),(84,149,34,0),(85,150,35,1),(86,151,35,0),(87,152,36,1),(88,153,37,1),(89,154,37,0),(90,155,37,0),(91,156,37,0),(92,157,38,1),(93,158,38,0),(94,159,39,1),(95,160,39,0),(96,161,39,0),(97,162,40,1),(98,163,40,0),(99,164,41,1),(100,165,41,0),(101,166,42,1),(102,167,42,0),(103,168,43,1),(104,169,43,0),(105,170,43,0),(106,171,44,1),(107,172,44,0),(108,173,45,1),(109,174,45,0),(110,175,45,0),(111,176,46,1),(112,177,46,0),(113,178,46,0),(114,179,47,1),(115,180,47,0),(116,181,48,1),(117,182,48,0),(118,183,48,0),(119,184,49,1),(120,185,49,0),(121,186,50,1),(122,187,50,0),(123,188,50,0),(124,189,50,0),(125,190,50,0),(126,191,51,1),(127,192,51,0),(128,193,52,1),(129,194,53,1),(130,195,53,0),(131,196,53,0),(132,197,54,1),(133,198,55,1),(134,199,56,1),(135,200,57,1),(136,201,58,1),(137,202,58,0),(138,203,58,0),(139,204,59,1),(140,205,59,0),(141,206,59,0),(142,207,60,1),(143,208,60,0),(144,209,60,0),(145,210,61,1),(146,211,61,0),(147,212,62,1),(148,213,63,1),(149,214,63,0),(150,215,63,0),(151,216,63,0),(152,217,64,1),(153,218,64,0),(154,219,65,1);
/*!40000 ALTER TABLE `ec_product_variations` ENABLE KEYS */;
UNLOCK TABLES;

--
-- Table structure for table `ec_product_views`
--

DROP TABLE IF EXISTS `ec_product_views`;
/*!40101 SET @saved_cs_client     = @@character_set_client */;
/*!50503 SET character_set_client = utf8mb4 */;
CREATE TABLE `ec_product_views` (
  `id` bigint unsigned NOT NULL AUTO_INCREMENT,
  `product_id` bigint unsigned NOT NULL,
  `views` int NOT NULL DEFAULT '1',
  `date` date NOT NULL DEFAULT '2024-01-07',
  PRIMARY KEY (`id`),
  UNIQUE KEY `ec_product_views_product_id_date_unique` (`product_id`,`date`),
  KEY `ec_product_views_product_id_index` (`product_id`)
) ENGINE=InnoDB DEFAULT CHARSET=utf8mb4 COLLATE=utf8mb4_unicode_ci;
/*!40101 SET character_set_client = @saved_cs_client */;

--
-- Dumping data for table `ec_product_views`
--

LOCK TABLES `ec_product_views` WRITE;
/*!40000 ALTER TABLE `ec_product_views` DISABLE KEYS */;
/*!40000 ALTER TABLE `ec_product_views` ENABLE KEYS */;
UNLOCK TABLES;

--
-- Table structure for table `ec_product_with_attribute_set`
--

DROP TABLE IF EXISTS `ec_product_with_attribute_set`;
/*!40101 SET @saved_cs_client     = @@character_set_client */;
/*!50503 SET character_set_client = utf8mb4 */;
CREATE TABLE `ec_product_with_attribute_set` (
  `attribute_set_id` bigint unsigned NOT NULL,
  `product_id` bigint unsigned NOT NULL,
  `order` tinyint unsigned NOT NULL DEFAULT '0',
  PRIMARY KEY (`product_id`,`attribute_set_id`)
) ENGINE=InnoDB DEFAULT CHARSET=utf8mb4 COLLATE=utf8mb4_unicode_ci;
/*!40101 SET character_set_client = @saved_cs_client */;

--
-- Dumping data for table `ec_product_with_attribute_set`
--

LOCK TABLES `ec_product_with_attribute_set` WRITE;
/*!40000 ALTER TABLE `ec_product_with_attribute_set` DISABLE KEYS */;
INSERT INTO `ec_product_with_attribute_set` VALUES (1,1,0),(2,1,0),(1,2,0),(2,2,0),(1,3,0),(2,3,0),(1,4,0),(2,4,0),(1,5,0),(2,5,0),(1,6,0),(2,6,0),(1,7,0),(2,7,0),(1,8,0),(2,8,0),(1,9,0),(2,9,0),(1,10,0),(2,10,0),(1,11,0),(2,11,0),(1,12,0),(2,12,0),(1,13,0),(2,13,0),(1,14,0),(2,14,0),(1,15,0),(2,15,0),(1,16,0),(2,16,0),(1,17,0),(2,17,0),(1,18,0),(2,18,0),(1,19,0),(2,19,0),(1,20,0),(2,20,0),(1,21,0),(2,21,0),(1,22,0),(2,22,0),(1,23,0),(2,23,0),(3,24,0),(4,24,0),(3,25,0),(4,25,0),(3,26,0),(4,26,0),(3,27,0),(4,27,0),(3,28,0),(4,28,0),(3,29,0),(4,29,0),(3,30,0),(4,30,0),(3,31,0),(4,31,0),(3,32,0),(4,32,0),(3,33,0),(4,33,0),(3,34,0),(4,34,0),(3,35,0),(4,35,0),(3,36,0),(4,36,0),(3,37,0),(4,37,0),(3,38,0),(4,38,0),(3,39,0),(4,39,0),(3,40,0),(4,40,0),(3,41,0),(4,41,0),(3,42,0),(4,42,0),(3,43,0),(4,43,0),(3,44,0),(4,44,0),(3,45,0),(4,45,0),(3,46,0),(4,46,0),(3,47,0),(4,47,0),(3,48,0),(4,48,0),(3,49,0),(4,49,0),(3,50,0),(4,50,0),(3,51,0),(4,51,0),(3,52,0),(4,52,0),(3,53,0),(4,53,0),(3,54,0),(4,54,0),(3,55,0),(4,55,0),(3,56,0),(4,56,0),(3,57,0),(4,57,0),(3,58,0),(4,58,0),(3,59,0),(4,59,0),(3,60,0),(4,60,0),(3,61,0),(4,61,0),(3,62,0),(4,62,0),(3,63,0),(4,63,0),(3,64,0),(4,64,0),(3,65,0),(4,65,0);
/*!40000 ALTER TABLE `ec_product_with_attribute_set` ENABLE KEYS */;
UNLOCK TABLES;

--
-- Table structure for table `ec_products`
--

DROP TABLE IF EXISTS `ec_products`;
/*!40101 SET @saved_cs_client     = @@character_set_client */;
/*!50503 SET character_set_client = utf8mb4 */;
CREATE TABLE `ec_products` (
  `id` bigint unsigned NOT NULL AUTO_INCREMENT,
  `name` varchar(191) COLLATE utf8mb4_unicode_ci NOT NULL,
  `description` text COLLATE utf8mb4_unicode_ci,
  `content` longtext COLLATE utf8mb4_unicode_ci,
  `status` varchar(60) COLLATE utf8mb4_unicode_ci NOT NULL DEFAULT 'published',
  `images` text COLLATE utf8mb4_unicode_ci,
  `sku` varchar(191) COLLATE utf8mb4_unicode_ci DEFAULT NULL,
  `order` int unsigned NOT NULL DEFAULT '0',
  `quantity` int unsigned DEFAULT NULL,
  `allow_checkout_when_out_of_stock` tinyint unsigned NOT NULL DEFAULT '0',
  `with_storehouse_management` tinyint unsigned NOT NULL DEFAULT '0',
  `is_featured` tinyint unsigned NOT NULL DEFAULT '0',
  `brand_id` bigint unsigned DEFAULT NULL,
  `is_variation` tinyint NOT NULL DEFAULT '0',
  `sale_type` tinyint NOT NULL DEFAULT '0',
  `price` double unsigned DEFAULT NULL,
  `sale_price` double unsigned DEFAULT NULL,
  `start_date` timestamp NULL DEFAULT NULL,
  `end_date` timestamp NULL DEFAULT NULL,
  `length` double(8,2) DEFAULT NULL,
  `wide` double(8,2) DEFAULT NULL,
  `height` double(8,2) DEFAULT NULL,
  `weight` double(8,2) DEFAULT NULL,
  `tax_id` bigint unsigned DEFAULT NULL,
  `views` bigint NOT NULL DEFAULT '0',
  `created_at` timestamp NULL DEFAULT NULL,
  `updated_at` timestamp NULL DEFAULT NULL,
  `stock_status` varchar(191) COLLATE utf8mb4_unicode_ci DEFAULT 'in_stock',
  `created_by_id` bigint unsigned DEFAULT '0',
  `created_by_type` varchar(255) COLLATE utf8mb4_unicode_ci NOT NULL DEFAULT 'Botble\\ACL\\Models\\User',
  `image` varchar(255) COLLATE utf8mb4_unicode_ci DEFAULT NULL,
  `product_type` varchar(60) COLLATE utf8mb4_unicode_ci DEFAULT 'physical',
  `barcode` varchar(50) COLLATE utf8mb4_unicode_ci DEFAULT NULL,
  `cost_per_item` double DEFAULT NULL,
  `generate_license_code` tinyint(1) NOT NULL DEFAULT '0',
  `store_id` bigint unsigned DEFAULT NULL,
  `approved_by` bigint unsigned DEFAULT '0',
  PRIMARY KEY (`id`),
  KEY `ec_products_brand_id_status_is_variation_created_at_index` (`brand_id`,`status`,`is_variation`,`created_at`),
  KEY `sale_type_index` (`sale_type`),
  KEY `start_date_index` (`start_date`),
  KEY `end_date_index` (`end_date`),
  KEY `sale_price_index` (`sale_price`),
  KEY `is_variation_index` (`is_variation`),
  KEY `ec_products_sku_index` (`sku`)
) ENGINE=InnoDB AUTO_INCREMENT=220 DEFAULT CHARSET=utf8mb4 COLLATE=utf8mb4_unicode_ci;
/*!40101 SET character_set_client = @saved_cs_client */;

--
-- Dumping data for table `ec_products`
--

LOCK TABLES `ec_products` WRITE;
/*!40000 ALTER TABLE `ec_products` DISABLE KEYS */;
INSERT INTO `ec_products` VALUES (1,'Dual Camera 20MP (Digital)','<ul><li> Unrestrained and portable active stereo speaker</li>\n            <li> Free from the confines of wires and chords</li>\n            <li> 20 hours of portable capabilities</li>\n            <li> Double-ended Coil Cord with 3.5mm Stereo Plugs Included</li>\n            <li> 3/4″ Dome Tweeters: 2X and 4″ Woofer: 1X</li></ul>','<p>Short Hooded Coat features a straight body, large pockets with button flaps, ventilation air holes, and a string detail along the hemline. The style is completed with a drawstring hood, featuring Rains’ signature built-in cap. Made from waterproof, matte PU, this lightweight unisex rain jacket is an ode to nostalgia through its classic silhouette and utilitarian design details.</p>\n                                <p>- Casual unisex fit</p>\n\n                                <p>- 64% polyester, 36% polyurethane</p>\n\n                                <p>- Water column pressure: 4000 mm</p>\n\n                                <p>- Model is 187cm tall and wearing a size S / M</p>\n\n                                <p>- Unisex fit</p>\n\n                                <p>- Drawstring hood with built-in cap</p>\n\n                                <p>- Front placket with snap buttons</p>\n\n                                <p>- Ventilation under armpit</p>\n\n                                <p>- Adjustable cuffs</p>\n\n                                <p>- Double welted front pockets</p>\n\n                                <p>- Adjustable elastic string at hempen</p>\n\n                                <p>- Ultrasonically welded seams</p>\n\n                                <p>This is a unisex item, please check our clothing &amp; footwear sizing guide for specific Rains jacket sizing information. RAINS comes from the rainy nation of Denmark at the edge of the European continent, close to the ocean and with prevailing westerly winds; all factors that contribute to an average of 121 rain days each year. Arising from these rainy weather conditions comes the attitude that a quick rain shower may be beautiful, as well as moody- but first and foremost requires the right outfit. Rains focus on the whole experience of going outside on rainy days, issuing an invitation to explore even in the most mercurial weather.</p>','published','[\"products\\/1.jpg\"]','SW-164-A0',0,18,0,1,1,4,0,0,80.25,NULL,NULL,NULL,19.00,20.00,13.00,536.00,NULL,50082,'2024-01-06 17:16:42','2024-01-06 17:16:55','in_stock',0,'Botble\\ACL\\Models\\User',NULL,'digital',NULL,NULL,0,5,0),(2,'Smart Watches','<ul><li> Unrestrained and portable active stereo speaker</li>\n            <li> Free from the confines of wires and chords</li>\n            <li> 20 hours of portable capabilities</li>\n            <li> Double-ended Coil Cord with 3.5mm Stereo Plugs Included</li>\n            <li> 3/4″ Dome Tweeters: 2X and 4″ Woofer: 1X</li></ul>','<p>Short Hooded Coat features a straight body, large pockets with button flaps, ventilation air holes, and a string detail along the hemline. The style is completed with a drawstring hood, featuring Rains’ signature built-in cap. Made from waterproof, matte PU, this lightweight unisex rain jacket is an ode to nostalgia through its classic silhouette and utilitarian design details.</p>\n                                <p>- Casual unisex fit</p>\n\n                                <p>- 64% polyester, 36% polyurethane</p>\n\n                                <p>- Water column pressure: 4000 mm</p>\n\n                                <p>- Model is 187cm tall and wearing a size S / M</p>\n\n                                <p>- Unisex fit</p>\n\n                                <p>- Drawstring hood with built-in cap</p>\n\n                                <p>- Front placket with snap buttons</p>\n\n                                <p>- Ventilation under armpit</p>\n\n                                <p>- Adjustable cuffs</p>\n\n                                <p>- Double welted front pockets</p>\n\n                                <p>- Adjustable elastic string at hempen</p>\n\n                                <p>- Ultrasonically welded seams</p>\n\n                                <p>This is a unisex item, please check our clothing &amp; footwear sizing guide for specific Rains jacket sizing information. RAINS comes from the rainy nation of Denmark at the edge of the European continent, close to the ocean and with prevailing westerly winds; all factors that contribute to an average of 121 rain days each year. Arising from these rainy weather conditions comes the attitude that a quick rain shower may be beautiful, as well as moody- but first and foremost requires the right outfit. Rains focus on the whole experience of going outside on rainy days, issuing an invitation to explore even in the most mercurial weather.</p>','published','[\"products\\/2.jpg\",\"products\\/2-1.jpg\",\"products\\/2-2.jpg\",\"products\\/2-3.jpg\"]','SW-136-A0',0,19,0,1,1,2,0,0,40.5,NULL,NULL,NULL,10.00,10.00,17.00,548.00,NULL,64683,'2024-01-06 17:16:42','2024-01-06 17:16:55','in_stock',0,'Botble\\ACL\\Models\\User',NULL,'physical',NULL,NULL,0,6,0),(3,'Beat Headphone','<ul><li> Unrestrained and portable active stereo speaker</li>\n            <li> Free from the confines of wires and chords</li>\n            <li> 20 hours of portable capabilities</li>\n            <li> Double-ended Coil Cord with 3.5mm Stereo Plugs Included</li>\n            <li> 3/4″ Dome Tweeters: 2X and 4″ Woofer: 1X</li></ul>','<p>Short Hooded Coat features a straight body, large pockets with button flaps, ventilation air holes, and a string detail along the hemline. The style is completed with a drawstring hood, featuring Rains’ signature built-in cap. Made from waterproof, matte PU, this lightweight unisex rain jacket is an ode to nostalgia through its classic silhouette and utilitarian design details.</p>\n                                <p>- Casual unisex fit</p>\n\n                                <p>- 64% polyester, 36% polyurethane</p>\n\n                                <p>- Water column pressure: 4000 mm</p>\n\n                                <p>- Model is 187cm tall and wearing a size S / M</p>\n\n                                <p>- Unisex fit</p>\n\n                                <p>- Drawstring hood with built-in cap</p>\n\n                                <p>- Front placket with snap buttons</p>\n\n                                <p>- Ventilation under armpit</p>\n\n                                <p>- Adjustable cuffs</p>\n\n                                <p>- Double welted front pockets</p>\n\n                                <p>- Adjustable elastic string at hempen</p>\n\n                                <p>- Ultrasonically welded seams</p>\n\n                                <p>This is a unisex item, please check our clothing &amp; footwear sizing guide for specific Rains jacket sizing information. RAINS comes from the rainy nation of Denmark at the edge of the European continent, close to the ocean and with prevailing westerly winds; all factors that contribute to an average of 121 rain days each year. Arising from these rainy weather conditions comes the attitude that a quick rain shower may be beautiful, as well as moody- but first and foremost requires the right outfit. Rains focus on the whole experience of going outside on rainy days, issuing an invitation to explore even in the most mercurial weather.</p>','published','[\"products\\/3.jpg\"]','SW-139-A0',0,19,0,1,1,3,0,0,20,NULL,NULL,NULL,17.00,14.00,20.00,667.00,NULL,154879,'2024-01-06 17:16:42','2024-01-06 17:16:55','in_stock',0,'Botble\\ACL\\Models\\User',NULL,'physical',NULL,NULL,0,1,0),(4,'Red &amp; Black Headphone','<ul><li> Unrestrained and portable active stereo speaker</li>\n            <li> Free from the confines of wires and chords</li>\n            <li> 20 hours of portable capabilities</li>\n            <li> Double-ended Coil Cord with 3.5mm Stereo Plugs Included</li>\n            <li> 3/4″ Dome Tweeters: 2X and 4″ Woofer: 1X</li></ul>','<p>Short Hooded Coat features a straight body, large pockets with button flaps, ventilation air holes, and a string detail along the hemline. The style is completed with a drawstring hood, featuring Rains’ signature built-in cap. Made from waterproof, matte PU, this lightweight unisex rain jacket is an ode to nostalgia through its classic silhouette and utilitarian design details.</p>\n                                <p>- Casual unisex fit</p>\n\n                                <p>- 64% polyester, 36% polyurethane</p>\n\n                                <p>- Water column pressure: 4000 mm</p>\n\n                                <p>- Model is 187cm tall and wearing a size S / M</p>\n\n                                <p>- Unisex fit</p>\n\n                                <p>- Drawstring hood with built-in cap</p>\n\n                                <p>- Front placket with snap buttons</p>\n\n                                <p>- Ventilation under armpit</p>\n\n                                <p>- Adjustable cuffs</p>\n\n                                <p>- Double welted front pockets</p>\n\n                                <p>- Adjustable elastic string at hempen</p>\n\n                                <p>- Ultrasonically welded seams</p>\n\n                                <p>This is a unisex item, please check our clothing &amp; footwear sizing guide for specific Rains jacket sizing information. RAINS comes from the rainy nation of Denmark at the edge of the European continent, close to the ocean and with prevailing westerly winds; all factors that contribute to an average of 121 rain days each year. Arising from these rainy weather conditions comes the attitude that a quick rain shower may be beautiful, as well as moody- but first and foremost requires the right outfit. Rains focus on the whole experience of going outside on rainy days, issuing an invitation to explore even in the most mercurial weather.</p>','published','[\"products\\/4.jpg\",\"products\\/4-1.jpg\",\"products\\/4-2.jpg\",\"products\\/4-3.jpg\"]','SW-191-A0',0,15,0,1,1,1,0,0,598,442.52,NULL,NULL,16.00,12.00,10.00,559.00,NULL,93310,'2024-01-06 17:16:42','2024-01-06 17:16:55','in_stock',0,'Botble\\ACL\\Models\\User',NULL,'physical',NULL,NULL,0,8,0),(5,'Smart Watch External (Digital)','<ul><li> Unrestrained and portable active stereo speaker</li>\n            <li> Free from the confines of wires and chords</li>\n            <li> 20 hours of portable capabilities</li>\n            <li> Double-ended Coil Cord with 3.5mm Stereo Plugs Included</li>\n            <li> 3/4″ Dome Tweeters: 2X and 4″ Woofer: 1X</li></ul>','<p>Short Hooded Coat features a straight body, large pockets with button flaps, ventilation air holes, and a string detail along the hemline. The style is completed with a drawstring hood, featuring Rains’ signature built-in cap. Made from waterproof, matte PU, this lightweight unisex rain jacket is an ode to nostalgia through its classic silhouette and utilitarian design details.</p>\n                                <p>- Casual unisex fit</p>\n\n                                <p>- 64% polyester, 36% polyurethane</p>\n\n                                <p>- Water column pressure: 4000 mm</p>\n\n                                <p>- Model is 187cm tall and wearing a size S / M</p>\n\n                                <p>- Unisex fit</p>\n\n                                <p>- Drawstring hood with built-in cap</p>\n\n                                <p>- Front placket with snap buttons</p>\n\n                                <p>- Ventilation under armpit</p>\n\n                                <p>- Adjustable cuffs</p>\n\n                                <p>- Double welted front pockets</p>\n\n                                <p>- Adjustable elastic string at hempen</p>\n\n                                <p>- Ultrasonically welded seams</p>\n\n                                <p>This is a unisex item, please check our clothing &amp; footwear sizing guide for specific Rains jacket sizing information. RAINS comes from the rainy nation of Denmark at the edge of the European continent, close to the ocean and with prevailing westerly winds; all factors that contribute to an average of 121 rain days each year. Arising from these rainy weather conditions comes the attitude that a quick rain shower may be beautiful, as well as moody- but first and foremost requires the right outfit. Rains focus on the whole experience of going outside on rainy days, issuing an invitation to explore even in the most mercurial weather.</p>','published','[\"products\\/5.jpg\",\"products\\/5-1.jpg\",\"products\\/5-2.jpg\",\"products\\/5-3.jpg\"]','SW-111-A0',0,20,0,1,1,2,0,0,867,NULL,NULL,NULL,18.00,17.00,14.00,743.00,NULL,198541,'2024-01-06 17:16:42','2024-01-06 17:16:55','in_stock',0,'Botble\\ACL\\Models\\User',NULL,'digital',NULL,NULL,0,7,0),(6,'Nikon HD camera','<ul><li> Unrestrained and portable active stereo speaker</li>\n            <li> Free from the confines of wires and chords</li>\n            <li> 20 hours of portable capabilities</li>\n            <li> Double-ended Coil Cord with 3.5mm Stereo Plugs Included</li>\n            <li> 3/4″ Dome Tweeters: 2X and 4″ Woofer: 1X</li></ul>','<p>Short Hooded Coat features a straight body, large pockets with button flaps, ventilation air holes, and a string detail along the hemline. The style is completed with a drawstring hood, featuring Rains’ signature built-in cap. Made from waterproof, matte PU, this lightweight unisex rain jacket is an ode to nostalgia through its classic silhouette and utilitarian design details.</p>\n                                <p>- Casual unisex fit</p>\n\n                                <p>- 64% polyester, 36% polyurethane</p>\n\n                                <p>- Water column pressure: 4000 mm</p>\n\n                                <p>- Model is 187cm tall and wearing a size S / M</p>\n\n                                <p>- Unisex fit</p>\n\n                                <p>- Drawstring hood with built-in cap</p>\n\n                                <p>- Front placket with snap buttons</p>\n\n                                <p>- Ventilation under armpit</p>\n\n                                <p>- Adjustable cuffs</p>\n\n                                <p>- Double welted front pockets</p>\n\n                                <p>- Adjustable elastic string at hempen</p>\n\n                                <p>- Ultrasonically welded seams</p>\n\n                                <p>This is a unisex item, please check our clothing &amp; footwear sizing guide for specific Rains jacket sizing information. RAINS comes from the rainy nation of Denmark at the edge of the European continent, close to the ocean and with prevailing westerly winds; all factors that contribute to an average of 121 rain days each year. Arising from these rainy weather conditions comes the attitude that a quick rain shower may be beautiful, as well as moody- but first and foremost requires the right outfit. Rains focus on the whole experience of going outside on rainy days, issuing an invitation to explore even in the most mercurial weather.</p>','published','[\"products\\/6.jpg\"]','SW-160-A0',0,12,0,1,1,5,0,0,485,NULL,NULL,NULL,10.00,13.00,15.00,759.00,NULL,7043,'2024-01-06 17:16:42','2024-01-06 17:16:55','in_stock',0,'Botble\\ACL\\Models\\User',NULL,'physical',NULL,NULL,0,5,0),(7,'Audio Equipment','<ul><li> Unrestrained and portable active stereo speaker</li>\n            <li> Free from the confines of wires and chords</li>\n            <li> 20 hours of portable capabilities</li>\n            <li> Double-ended Coil Cord with 3.5mm Stereo Plugs Included</li>\n            <li> 3/4″ Dome Tweeters: 2X and 4″ Woofer: 1X</li></ul>','<p>Short Hooded Coat features a straight body, large pockets with button flaps, ventilation air holes, and a string detail along the hemline. The style is completed with a drawstring hood, featuring Rains’ signature built-in cap. Made from waterproof, matte PU, this lightweight unisex rain jacket is an ode to nostalgia through its classic silhouette and utilitarian design details.</p>\n                                <p>- Casual unisex fit</p>\n\n                                <p>- 64% polyester, 36% polyurethane</p>\n\n                                <p>- Water column pressure: 4000 mm</p>\n\n                                <p>- Model is 187cm tall and wearing a size S / M</p>\n\n                                <p>- Unisex fit</p>\n\n                                <p>- Drawstring hood with built-in cap</p>\n\n                                <p>- Front placket with snap buttons</p>\n\n                                <p>- Ventilation under armpit</p>\n\n                                <p>- Adjustable cuffs</p>\n\n                                <p>- Double welted front pockets</p>\n\n                                <p>- Adjustable elastic string at hempen</p>\n\n                                <p>- Ultrasonically welded seams</p>\n\n                                <p>This is a unisex item, please check our clothing &amp; footwear sizing guide for specific Rains jacket sizing information. RAINS comes from the rainy nation of Denmark at the edge of the European continent, close to the ocean and with prevailing westerly winds; all factors that contribute to an average of 121 rain days each year. Arising from these rainy weather conditions comes the attitude that a quick rain shower may be beautiful, as well as moody- but first and foremost requires the right outfit. Rains focus on the whole experience of going outside on rainy days, issuing an invitation to explore even in the most mercurial weather.</p>','published','[\"products\\/7.jpg\"]','SW-170-A0',0,20,0,1,1,4,0,0,515,NULL,NULL,NULL,10.00,11.00,13.00,680.00,NULL,60761,'2024-01-06 17:16:42','2024-01-06 17:16:55','in_stock',0,'Botble\\ACL\\Models\\User',NULL,'physical',NULL,NULL,0,5,0),(8,'Smart Televisions','<ul><li> Unrestrained and portable active stereo speaker</li>\n            <li> Free from the confines of wires and chords</li>\n            <li> 20 hours of portable capabilities</li>\n            <li> Double-ended Coil Cord with 3.5mm Stereo Plugs Included</li>\n            <li> 3/4″ Dome Tweeters: 2X and 4″ Woofer: 1X</li></ul>','<p>Short Hooded Coat features a straight body, large pockets with button flaps, ventilation air holes, and a string detail along the hemline. The style is completed with a drawstring hood, featuring Rains’ signature built-in cap. Made from waterproof, matte PU, this lightweight unisex rain jacket is an ode to nostalgia through its classic silhouette and utilitarian design details.</p>\n                                <p>- Casual unisex fit</p>\n\n                                <p>- 64% polyester, 36% polyurethane</p>\n\n                                <p>- Water column pressure: 4000 mm</p>\n\n                                <p>- Model is 187cm tall and wearing a size S / M</p>\n\n                                <p>- Unisex fit</p>\n\n                                <p>- Drawstring hood with built-in cap</p>\n\n                                <p>- Front placket with snap buttons</p>\n\n                                <p>- Ventilation under armpit</p>\n\n                                <p>- Adjustable cuffs</p>\n\n                                <p>- Double welted front pockets</p>\n\n                                <p>- Adjustable elastic string at hempen</p>\n\n                                <p>- Ultrasonically welded seams</p>\n\n                                <p>This is a unisex item, please check our clothing &amp; footwear sizing guide for specific Rains jacket sizing information. RAINS comes from the rainy nation of Denmark at the edge of the European continent, close to the ocean and with prevailing westerly winds; all factors that contribute to an average of 121 rain days each year. Arising from these rainy weather conditions comes the attitude that a quick rain shower may be beautiful, as well as moody- but first and foremost requires the right outfit. Rains focus on the whole experience of going outside on rainy days, issuing an invitation to explore even in the most mercurial weather.</p>','published','[\"products\\/8.jpg\",\"products\\/8-1.jpg\",\"products\\/8-2.jpg\",\"products\\/8-3.jpg\"]','SW-125-A0',0,19,0,1,1,1,0,0,1237,915.38,NULL,NULL,15.00,13.00,12.00,773.00,NULL,191122,'2024-01-06 17:16:42','2024-01-06 17:16:55','in_stock',0,'Botble\\ACL\\Models\\User',NULL,'physical',NULL,NULL,0,6,0),(9,'Samsung Smart Phone (Digital)','<ul><li> Unrestrained and portable active stereo speaker</li>\n            <li> Free from the confines of wires and chords</li>\n            <li> 20 hours of portable capabilities</li>\n            <li> Double-ended Coil Cord with 3.5mm Stereo Plugs Included</li>\n            <li> 3/4″ Dome Tweeters: 2X and 4″ Woofer: 1X</li></ul>','<p>Short Hooded Coat features a straight body, large pockets with button flaps, ventilation air holes, and a string detail along the hemline. The style is completed with a drawstring hood, featuring Rains’ signature built-in cap. Made from waterproof, matte PU, this lightweight unisex rain jacket is an ode to nostalgia through its classic silhouette and utilitarian design details.</p>\n                                <p>- Casual unisex fit</p>\n\n                                <p>- 64% polyester, 36% polyurethane</p>\n\n                                <p>- Water column pressure: 4000 mm</p>\n\n                                <p>- Model is 187cm tall and wearing a size S / M</p>\n\n                                <p>- Unisex fit</p>\n\n                                <p>- Drawstring hood with built-in cap</p>\n\n                                <p>- Front placket with snap buttons</p>\n\n                                <p>- Ventilation under armpit</p>\n\n                                <p>- Adjustable cuffs</p>\n\n                                <p>- Double welted front pockets</p>\n\n                                <p>- Adjustable elastic string at hempen</p>\n\n                                <p>- Ultrasonically welded seams</p>\n\n                                <p>This is a unisex item, please check our clothing &amp; footwear sizing guide for specific Rains jacket sizing information. RAINS comes from the rainy nation of Denmark at the edge of the European continent, close to the ocean and with prevailing westerly winds; all factors that contribute to an average of 121 rain days each year. Arising from these rainy weather conditions comes the attitude that a quick rain shower may be beautiful, as well as moody- but first and foremost requires the right outfit. Rains focus on the whole experience of going outside on rainy days, issuing an invitation to explore even in the most mercurial weather.</p>','published','[\"products\\/9.jpg\",\"products\\/9-1.jpg\",\"products\\/9-2.jpg\"]','SW-171-A0',0,20,0,1,1,2,0,0,532,NULL,NULL,NULL,12.00,20.00,10.00,892.00,NULL,2237,'2024-01-06 17:16:42','2024-01-06 17:16:55','in_stock',0,'Botble\\ACL\\Models\\User',NULL,'digital',NULL,NULL,0,1,0),(10,'Herschel Leather Duffle Bag In Brown Color','<ul><li> Unrestrained and portable active stereo speaker</li>\n            <li> Free from the confines of wires and chords</li>\n            <li> 20 hours of portable capabilities</li>\n            <li> Double-ended Coil Cord with 3.5mm Stereo Plugs Included</li>\n            <li> 3/4″ Dome Tweeters: 2X and 4″ Woofer: 1X</li></ul>','<p>Short Hooded Coat features a straight body, large pockets with button flaps, ventilation air holes, and a string detail along the hemline. The style is completed with a drawstring hood, featuring Rains’ signature built-in cap. Made from waterproof, matte PU, this lightweight unisex rain jacket is an ode to nostalgia through its classic silhouette and utilitarian design details.</p>\n                                <p>- Casual unisex fit</p>\n\n                                <p>- 64% polyester, 36% polyurethane</p>\n\n                                <p>- Water column pressure: 4000 mm</p>\n\n                                <p>- Model is 187cm tall and wearing a size S / M</p>\n\n                                <p>- Unisex fit</p>\n\n                                <p>- Drawstring hood with built-in cap</p>\n\n                                <p>- Front placket with snap buttons</p>\n\n                                <p>- Ventilation under armpit</p>\n\n                                <p>- Adjustable cuffs</p>\n\n                                <p>- Double welted front pockets</p>\n\n                                <p>- Adjustable elastic string at hempen</p>\n\n                                <p>- Ultrasonically welded seams</p>\n\n                                <p>This is a unisex item, please check our clothing &amp; footwear sizing guide for specific Rains jacket sizing information. RAINS comes from the rainy nation of Denmark at the edge of the European continent, close to the ocean and with prevailing westerly winds; all factors that contribute to an average of 121 rain days each year. Arising from these rainy weather conditions comes the attitude that a quick rain shower may be beautiful, as well as moody- but first and foremost requires the right outfit. Rains focus on the whole experience of going outside on rainy days, issuing an invitation to explore even in the most mercurial weather.</p>','published','[\"products\\/10.jpg\",\"products\\/10-1.jpg\",\"products\\/10-2.jpg\"]','SW-195-A0',0,15,0,1,0,2,0,0,1133,NULL,NULL,NULL,11.00,19.00,19.00,778.00,NULL,137174,'2024-01-06 17:16:42','2024-01-06 17:16:55','in_stock',0,'Botble\\ACL\\Models\\User',NULL,'physical',NULL,NULL,0,6,0),(11,'Xbox One Wireless Controller Black Color','<ul><li> Unrestrained and portable active stereo speaker</li>\n            <li> Free from the confines of wires and chords</li>\n            <li> 20 hours of portable capabilities</li>\n            <li> Double-ended Coil Cord with 3.5mm Stereo Plugs Included</li>\n            <li> 3/4″ Dome Tweeters: 2X and 4″ Woofer: 1X</li></ul>','<p>Short Hooded Coat features a straight body, large pockets with button flaps, ventilation air holes, and a string detail along the hemline. The style is completed with a drawstring hood, featuring Rains’ signature built-in cap. Made from waterproof, matte PU, this lightweight unisex rain jacket is an ode to nostalgia through its classic silhouette and utilitarian design details.</p>\n                                <p>- Casual unisex fit</p>\n\n                                <p>- 64% polyester, 36% polyurethane</p>\n\n                                <p>- Water column pressure: 4000 mm</p>\n\n                                <p>- Model is 187cm tall and wearing a size S / M</p>\n\n                                <p>- Unisex fit</p>\n\n                                <p>- Drawstring hood with built-in cap</p>\n\n                                <p>- Front placket with snap buttons</p>\n\n                                <p>- Ventilation under armpit</p>\n\n                                <p>- Adjustable cuffs</p>\n\n                                <p>- Double welted front pockets</p>\n\n                                <p>- Adjustable elastic string at hempen</p>\n\n                                <p>- Ultrasonically welded seams</p>\n\n                                <p>This is a unisex item, please check our clothing &amp; footwear sizing guide for specific Rains jacket sizing information. RAINS comes from the rainy nation of Denmark at the edge of the European continent, close to the ocean and with prevailing westerly winds; all factors that contribute to an average of 121 rain days each year. Arising from these rainy weather conditions comes the attitude that a quick rain shower may be beautiful, as well as moody- but first and foremost requires the right outfit. Rains focus on the whole experience of going outside on rainy days, issuing an invitation to explore even in the most mercurial weather.</p>','published','[\"products\\/11.jpg\",\"products\\/11-1.jpg\",\"products\\/11-2.jpg\",\"products\\/11-3.jpg\"]','SW-126-A0',0,12,0,1,0,2,0,0,1113,NULL,NULL,NULL,18.00,19.00,10.00,859.00,NULL,101059,'2024-01-06 17:16:42','2024-01-06 17:16:55','in_stock',0,'Botble\\ACL\\Models\\User',NULL,'physical',NULL,NULL,0,8,0),(12,'EPSION Plaster Printer','<ul><li> Unrestrained and portable active stereo speaker</li>\n            <li> Free from the confines of wires and chords</li>\n            <li> 20 hours of portable capabilities</li>\n            <li> Double-ended Coil Cord with 3.5mm Stereo Plugs Included</li>\n            <li> 3/4″ Dome Tweeters: 2X and 4″ Woofer: 1X</li></ul>','<p>Short Hooded Coat features a straight body, large pockets with button flaps, ventilation air holes, and a string detail along the hemline. The style is completed with a drawstring hood, featuring Rains’ signature built-in cap. Made from waterproof, matte PU, this lightweight unisex rain jacket is an ode to nostalgia through its classic silhouette and utilitarian design details.</p>\n                                <p>- Casual unisex fit</p>\n\n                                <p>- 64% polyester, 36% polyurethane</p>\n\n                                <p>- Water column pressure: 4000 mm</p>\n\n                                <p>- Model is 187cm tall and wearing a size S / M</p>\n\n                                <p>- Unisex fit</p>\n\n                                <p>- Drawstring hood with built-in cap</p>\n\n                                <p>- Front placket with snap buttons</p>\n\n                                <p>- Ventilation under armpit</p>\n\n                                <p>- Adjustable cuffs</p>\n\n                                <p>- Double welted front pockets</p>\n\n                                <p>- Adjustable elastic string at hempen</p>\n\n                                <p>- Ultrasonically welded seams</p>\n\n                                <p>This is a unisex item, please check our clothing &amp; footwear sizing guide for specific Rains jacket sizing information. RAINS comes from the rainy nation of Denmark at the edge of the European continent, close to the ocean and with prevailing westerly winds; all factors that contribute to an average of 121 rain days each year. Arising from these rainy weather conditions comes the attitude that a quick rain shower may be beautiful, as well as moody- but first and foremost requires the right outfit. Rains focus on the whole experience of going outside on rainy days, issuing an invitation to explore even in the most mercurial weather.</p>','published','[\"products\\/12.jpg\",\"products\\/12-1.jpg\",\"products\\/12-2.jpg\",\"products\\/12-3.jpg\"]','SW-175-A0',0,19,0,1,0,1,0,0,592,503.2,NULL,NULL,10.00,10.00,17.00,594.00,NULL,156454,'2024-01-06 17:16:42','2024-01-06 17:16:55','in_stock',0,'Botble\\ACL\\Models\\User',NULL,'physical',NULL,NULL,0,7,0),(13,'Sound Intone I65 Earphone White Version (Digital)','<ul><li> Unrestrained and portable active stereo speaker</li>\n            <li> Free from the confines of wires and chords</li>\n            <li> 20 hours of portable capabilities</li>\n            <li> Double-ended Coil Cord with 3.5mm Stereo Plugs Included</li>\n            <li> 3/4″ Dome Tweeters: 2X and 4″ Woofer: 1X</li></ul>','<p>Short Hooded Coat features a straight body, large pockets with button flaps, ventilation air holes, and a string detail along the hemline. The style is completed with a drawstring hood, featuring Rains’ signature built-in cap. Made from waterproof, matte PU, this lightweight unisex rain jacket is an ode to nostalgia through its classic silhouette and utilitarian design details.</p>\n                                <p>- Casual unisex fit</p>\n\n                                <p>- 64% polyester, 36% polyurethane</p>\n\n                                <p>- Water column pressure: 4000 mm</p>\n\n                                <p>- Model is 187cm tall and wearing a size S / M</p>\n\n                                <p>- Unisex fit</p>\n\n                                <p>- Drawstring hood with built-in cap</p>\n\n                                <p>- Front placket with snap buttons</p>\n\n                                <p>- Ventilation under armpit</p>\n\n                                <p>- Adjustable cuffs</p>\n\n                                <p>- Double welted front pockets</p>\n\n                                <p>- Adjustable elastic string at hempen</p>\n\n                                <p>- Ultrasonically welded seams</p>\n\n                                <p>This is a unisex item, please check our clothing &amp; footwear sizing guide for specific Rains jacket sizing information. RAINS comes from the rainy nation of Denmark at the edge of the European continent, close to the ocean and with prevailing westerly winds; all factors that contribute to an average of 121 rain days each year. Arising from these rainy weather conditions comes the attitude that a quick rain shower may be beautiful, as well as moody- but first and foremost requires the right outfit. Rains focus on the whole experience of going outside on rainy days, issuing an invitation to explore even in the most mercurial weather.</p>','published','[\"products\\/13.jpg\",\"products\\/13-1.jpg\"]','SW-156-A0',0,19,0,1,0,2,0,0,590,NULL,NULL,NULL,13.00,13.00,11.00,653.00,NULL,15865,'2024-01-06 17:16:42','2024-01-06 17:16:55','in_stock',0,'Botble\\ACL\\Models\\User',NULL,'digital',NULL,NULL,0,4,0),(14,'B&amp;O Play Mini Bluetooth Speaker','<ul><li> Unrestrained and portable active stereo speaker</li>\n            <li> Free from the confines of wires and chords</li>\n            <li> 20 hours of portable capabilities</li>\n            <li> Double-ended Coil Cord with 3.5mm Stereo Plugs Included</li>\n            <li> 3/4″ Dome Tweeters: 2X and 4″ Woofer: 1X</li></ul>','<p>Short Hooded Coat features a straight body, large pockets with button flaps, ventilation air holes, and a string detail along the hemline. The style is completed with a drawstring hood, featuring Rains’ signature built-in cap. Made from waterproof, matte PU, this lightweight unisex rain jacket is an ode to nostalgia through its classic silhouette and utilitarian design details.</p>\n                                <p>- Casual unisex fit</p>\n\n                                <p>- 64% polyester, 36% polyurethane</p>\n\n                                <p>- Water column pressure: 4000 mm</p>\n\n                                <p>- Model is 187cm tall and wearing a size S / M</p>\n\n                                <p>- Unisex fit</p>\n\n                                <p>- Drawstring hood with built-in cap</p>\n\n                                <p>- Front placket with snap buttons</p>\n\n                                <p>- Ventilation under armpit</p>\n\n                                <p>- Adjustable cuffs</p>\n\n                                <p>- Double welted front pockets</p>\n\n                                <p>- Adjustable elastic string at hempen</p>\n\n                                <p>- Ultrasonically welded seams</p>\n\n                                <p>This is a unisex item, please check our clothing &amp; footwear sizing guide for specific Rains jacket sizing information. RAINS comes from the rainy nation of Denmark at the edge of the European continent, close to the ocean and with prevailing westerly winds; all factors that contribute to an average of 121 rain days each year. Arising from these rainy weather conditions comes the attitude that a quick rain shower may be beautiful, as well as moody- but first and foremost requires the right outfit. Rains focus on the whole experience of going outside on rainy days, issuing an invitation to explore even in the most mercurial weather.</p>','published','[\"products\\/14.jpg\"]','SW-154-A0',0,17,0,1,0,5,0,0,575,NULL,NULL,NULL,18.00,13.00,10.00,773.00,NULL,119042,'2024-01-06 17:16:42','2024-01-06 17:16:55','in_stock',0,'Botble\\ACL\\Models\\User',NULL,'physical',NULL,NULL,0,8,0),(15,'Apple MacBook Air Retina 13.3-Inch Laptop','<ul><li> Unrestrained and portable active stereo speaker</li>\n            <li> Free from the confines of wires and chords</li>\n            <li> 20 hours of portable capabilities</li>\n            <li> Double-ended Coil Cord with 3.5mm Stereo Plugs Included</li>\n            <li> 3/4″ Dome Tweeters: 2X and 4″ Woofer: 1X</li></ul>','<p>Short Hooded Coat features a straight body, large pockets with button flaps, ventilation air holes, and a string detail along the hemline. The style is completed with a drawstring hood, featuring Rains’ signature built-in cap. Made from waterproof, matte PU, this lightweight unisex rain jacket is an ode to nostalgia through its classic silhouette and utilitarian design details.</p>\n                                <p>- Casual unisex fit</p>\n\n                                <p>- 64% polyester, 36% polyurethane</p>\n\n                                <p>- Water column pressure: 4000 mm</p>\n\n                                <p>- Model is 187cm tall and wearing a size S / M</p>\n\n                                <p>- Unisex fit</p>\n\n                                <p>- Drawstring hood with built-in cap</p>\n\n                                <p>- Front placket with snap buttons</p>\n\n                                <p>- Ventilation under armpit</p>\n\n                                <p>- Adjustable cuffs</p>\n\n                                <p>- Double welted front pockets</p>\n\n                                <p>- Adjustable elastic string at hempen</p>\n\n                                <p>- Ultrasonically welded seams</p>\n\n                                <p>This is a unisex item, please check our clothing &amp; footwear sizing guide for specific Rains jacket sizing information. RAINS comes from the rainy nation of Denmark at the edge of the European continent, close to the ocean and with prevailing westerly winds; all factors that contribute to an average of 121 rain days each year. Arising from these rainy weather conditions comes the attitude that a quick rain shower may be beautiful, as well as moody- but first and foremost requires the right outfit. Rains focus on the whole experience of going outside on rainy days, issuing an invitation to explore even in the most mercurial weather.</p>','published','[\"products\\/15.jpg\",\"products\\/15-1.jpg\"]','SW-164-A0',0,17,0,1,0,4,0,0,597,NULL,NULL,NULL,14.00,15.00,18.00,736.00,NULL,191320,'2024-01-06 17:16:42','2024-01-06 17:16:55','in_stock',0,'Botble\\ACL\\Models\\User',NULL,'physical',NULL,NULL,0,7,0),(16,'Apple MacBook Air Retina 12-Inch Laptop','<ul><li> Unrestrained and portable active stereo speaker</li>\n            <li> Free from the confines of wires and chords</li>\n            <li> 20 hours of portable capabilities</li>\n            <li> Double-ended Coil Cord with 3.5mm Stereo Plugs Included</li>\n            <li> 3/4″ Dome Tweeters: 2X and 4″ Woofer: 1X</li></ul>','<p>Short Hooded Coat features a straight body, large pockets with button flaps, ventilation air holes, and a string detail along the hemline. The style is completed with a drawstring hood, featuring Rains’ signature built-in cap. Made from waterproof, matte PU, this lightweight unisex rain jacket is an ode to nostalgia through its classic silhouette and utilitarian design details.</p>\n                                <p>- Casual unisex fit</p>\n\n                                <p>- 64% polyester, 36% polyurethane</p>\n\n                                <p>- Water column pressure: 4000 mm</p>\n\n                                <p>- Model is 187cm tall and wearing a size S / M</p>\n\n                                <p>- Unisex fit</p>\n\n                                <p>- Drawstring hood with built-in cap</p>\n\n                                <p>- Front placket with snap buttons</p>\n\n                                <p>- Ventilation under armpit</p>\n\n                                <p>- Adjustable cuffs</p>\n\n                                <p>- Double welted front pockets</p>\n\n                                <p>- Adjustable elastic string at hempen</p>\n\n                                <p>- Ultrasonically welded seams</p>\n\n                                <p>This is a unisex item, please check our clothing &amp; footwear sizing guide for specific Rains jacket sizing information. RAINS comes from the rainy nation of Denmark at the edge of the European continent, close to the ocean and with prevailing westerly winds; all factors that contribute to an average of 121 rain days each year. Arising from these rainy weather conditions comes the attitude that a quick rain shower may be beautiful, as well as moody- but first and foremost requires the right outfit. Rains focus on the whole experience of going outside on rainy days, issuing an invitation to explore even in the most mercurial weather.</p>','published','[\"products\\/16.jpg\"]','SW-116-A0',0,13,0,1,0,1,0,0,596,464.88,NULL,NULL,18.00,16.00,13.00,523.00,NULL,189588,'2024-01-06 17:16:42','2024-01-06 17:16:55','in_stock',0,'Botble\\ACL\\Models\\User',NULL,'physical',NULL,NULL,0,5,0),(17,'Samsung Gear VR Virtual Reality Headset (Digital)','<ul><li> Unrestrained and portable active stereo speaker</li>\n            <li> Free from the confines of wires and chords</li>\n            <li> 20 hours of portable capabilities</li>\n            <li> Double-ended Coil Cord with 3.5mm Stereo Plugs Included</li>\n            <li> 3/4″ Dome Tweeters: 2X and 4″ Woofer: 1X</li></ul>','<p>Short Hooded Coat features a straight body, large pockets with button flaps, ventilation air holes, and a string detail along the hemline. The style is completed with a drawstring hood, featuring Rains’ signature built-in cap. Made from waterproof, matte PU, this lightweight unisex rain jacket is an ode to nostalgia through its classic silhouette and utilitarian design details.</p>\n                                <p>- Casual unisex fit</p>\n\n                                <p>- 64% polyester, 36% polyurethane</p>\n\n                                <p>- Water column pressure: 4000 mm</p>\n\n                                <p>- Model is 187cm tall and wearing a size S / M</p>\n\n                                <p>- Unisex fit</p>\n\n                                <p>- Drawstring hood with built-in cap</p>\n\n                                <p>- Front placket with snap buttons</p>\n\n                                <p>- Ventilation under armpit</p>\n\n                                <p>- Adjustable cuffs</p>\n\n                                <p>- Double welted front pockets</p>\n\n                                <p>- Adjustable elastic string at hempen</p>\n\n                                <p>- Ultrasonically welded seams</p>\n\n                                <p>This is a unisex item, please check our clothing &amp; footwear sizing guide for specific Rains jacket sizing information. RAINS comes from the rainy nation of Denmark at the edge of the European continent, close to the ocean and with prevailing westerly winds; all factors that contribute to an average of 121 rain days each year. Arising from these rainy weather conditions comes the attitude that a quick rain shower may be beautiful, as well as moody- but first and foremost requires the right outfit. Rains focus on the whole experience of going outside on rainy days, issuing an invitation to explore even in the most mercurial weather.</p>','published','[\"products\\/17.jpg\",\"products\\/17-1.jpg\",\"products\\/17-2.jpg\",\"products\\/17-3.jpg\"]','SW-141-A0',0,18,0,1,0,5,0,0,545,NULL,NULL,NULL,18.00,16.00,12.00,524.00,NULL,198270,'2024-01-06 17:16:42','2024-01-06 17:16:55','in_stock',0,'Botble\\ACL\\Models\\User',NULL,'digital',NULL,NULL,0,7,0),(18,'Aveeno Moisturizing Body Shower 450ml','<ul><li> Unrestrained and portable active stereo speaker</li>\n            <li> Free from the confines of wires and chords</li>\n            <li> 20 hours of portable capabilities</li>\n            <li> Double-ended Coil Cord with 3.5mm Stereo Plugs Included</li>\n            <li> 3/4″ Dome Tweeters: 2X and 4″ Woofer: 1X</li></ul>','<p>Short Hooded Coat features a straight body, large pockets with button flaps, ventilation air holes, and a string detail along the hemline. The style is completed with a drawstring hood, featuring Rains’ signature built-in cap. Made from waterproof, matte PU, this lightweight unisex rain jacket is an ode to nostalgia through its classic silhouette and utilitarian design details.</p>\n                                <p>- Casual unisex fit</p>\n\n                                <p>- 64% polyester, 36% polyurethane</p>\n\n                                <p>- Water column pressure: 4000 mm</p>\n\n                                <p>- Model is 187cm tall and wearing a size S / M</p>\n\n                                <p>- Unisex fit</p>\n\n                                <p>- Drawstring hood with built-in cap</p>\n\n                                <p>- Front placket with snap buttons</p>\n\n                                <p>- Ventilation under armpit</p>\n\n                                <p>- Adjustable cuffs</p>\n\n                                <p>- Double welted front pockets</p>\n\n                                <p>- Adjustable elastic string at hempen</p>\n\n                                <p>- Ultrasonically welded seams</p>\n\n                                <p>This is a unisex item, please check our clothing &amp; footwear sizing guide for specific Rains jacket sizing information. RAINS comes from the rainy nation of Denmark at the edge of the European continent, close to the ocean and with prevailing westerly winds; all factors that contribute to an average of 121 rain days each year. Arising from these rainy weather conditions comes the attitude that a quick rain shower may be beautiful, as well as moody- but first and foremost requires the right outfit. Rains focus on the whole experience of going outside on rainy days, issuing an invitation to explore even in the most mercurial weather.</p>','published','[\"products\\/18.jpg\",\"products\\/18-1.jpg\",\"products\\/18-2.jpg\",\"products\\/18-3.jpg\"]','SW-137-A0',0,14,0,1,0,3,0,0,1212,NULL,NULL,NULL,19.00,11.00,19.00,631.00,NULL,138862,'2024-01-06 17:16:42','2024-01-06 17:16:55','in_stock',0,'Botble\\ACL\\Models\\User',NULL,'physical',NULL,NULL,0,5,0),(19,'NYX Beauty Couton Pallete Makeup 12','<ul><li> Unrestrained and portable active stereo speaker</li>\n            <li> Free from the confines of wires and chords</li>\n            <li> 20 hours of portable capabilities</li>\n            <li> Double-ended Coil Cord with 3.5mm Stereo Plugs Included</li>\n            <li> 3/4″ Dome Tweeters: 2X and 4″ Woofer: 1X</li></ul>','<p>Short Hooded Coat features a straight body, large pockets with button flaps, ventilation air holes, and a string detail along the hemline. The style is completed with a drawstring hood, featuring Rains’ signature built-in cap. Made from waterproof, matte PU, this lightweight unisex rain jacket is an ode to nostalgia through its classic silhouette and utilitarian design details.</p>\n                                <p>- Casual unisex fit</p>\n\n                                <p>- 64% polyester, 36% polyurethane</p>\n\n                                <p>- Water column pressure: 4000 mm</p>\n\n                                <p>- Model is 187cm tall and wearing a size S / M</p>\n\n                                <p>- Unisex fit</p>\n\n                                <p>- Drawstring hood with built-in cap</p>\n\n                                <p>- Front placket with snap buttons</p>\n\n                                <p>- Ventilation under armpit</p>\n\n                                <p>- Adjustable cuffs</p>\n\n                                <p>- Double welted front pockets</p>\n\n                                <p>- Adjustable elastic string at hempen</p>\n\n                                <p>- Ultrasonically welded seams</p>\n\n                                <p>This is a unisex item, please check our clothing &amp; footwear sizing guide for specific Rains jacket sizing information. RAINS comes from the rainy nation of Denmark at the edge of the European continent, close to the ocean and with prevailing westerly winds; all factors that contribute to an average of 121 rain days each year. Arising from these rainy weather conditions comes the attitude that a quick rain shower may be beautiful, as well as moody- but first and foremost requires the right outfit. Rains focus on the whole experience of going outside on rainy days, issuing an invitation to explore even in the most mercurial weather.</p>','published','[\"products\\/19.jpg\",\"products\\/19-1.jpg\",\"products\\/19-2.jpg\",\"products\\/19-3.jpg\"]','SW-116-A0',0,20,0,1,0,1,0,0,1189,NULL,NULL,NULL,12.00,13.00,16.00,789.00,NULL,103651,'2024-01-06 17:16:42','2024-01-06 17:16:55','in_stock',0,'Botble\\ACL\\Models\\User',NULL,'physical',NULL,NULL,0,6,0),(20,'NYX Beauty Couton Pallete Makeup 12','<ul><li> Unrestrained and portable active stereo speaker</li>\n            <li> Free from the confines of wires and chords</li>\n            <li> 20 hours of portable capabilities</li>\n            <li> Double-ended Coil Cord with 3.5mm Stereo Plugs Included</li>\n            <li> 3/4″ Dome Tweeters: 2X and 4″ Woofer: 1X</li></ul>','<p>Short Hooded Coat features a straight body, large pockets with button flaps, ventilation air holes, and a string detail along the hemline. The style is completed with a drawstring hood, featuring Rains’ signature built-in cap. Made from waterproof, matte PU, this lightweight unisex rain jacket is an ode to nostalgia through its classic silhouette and utilitarian design details.</p>\n                                <p>- Casual unisex fit</p>\n\n                                <p>- 64% polyester, 36% polyurethane</p>\n\n                                <p>- Water column pressure: 4000 mm</p>\n\n                                <p>- Model is 187cm tall and wearing a size S / M</p>\n\n                                <p>- Unisex fit</p>\n\n                                <p>- Drawstring hood with built-in cap</p>\n\n                                <p>- Front placket with snap buttons</p>\n\n                                <p>- Ventilation under armpit</p>\n\n                                <p>- Adjustable cuffs</p>\n\n                                <p>- Double welted front pockets</p>\n\n                                <p>- Adjustable elastic string at hempen</p>\n\n                                <p>- Ultrasonically welded seams</p>\n\n                                <p>This is a unisex item, please check our clothing &amp; footwear sizing guide for specific Rains jacket sizing information. RAINS comes from the rainy nation of Denmark at the edge of the European continent, close to the ocean and with prevailing westerly winds; all factors that contribute to an average of 121 rain days each year. Arising from these rainy weather conditions comes the attitude that a quick rain shower may be beautiful, as well as moody- but first and foremost requires the right outfit. Rains focus on the whole experience of going outside on rainy days, issuing an invitation to explore even in the most mercurial weather.</p>','published','[\"products\\/20.jpg\",\"products\\/20-1.jpg\",\"products\\/20-2.jpg\",\"products\\/20-3.jpg\"]','SW-134-A0',0,18,0,1,0,4,0,0,801,720.9,NULL,NULL,19.00,11.00,20.00,896.00,NULL,156661,'2024-01-06 17:16:42','2024-01-06 17:16:55','in_stock',0,'Botble\\ACL\\Models\\User',NULL,'physical',NULL,NULL,0,8,0),(21,'MVMTH Classical Leather Watch In Black (Digital)','<ul><li> Unrestrained and portable active stereo speaker</li>\n            <li> Free from the confines of wires and chords</li>\n            <li> 20 hours of portable capabilities</li>\n            <li> Double-ended Coil Cord with 3.5mm Stereo Plugs Included</li>\n            <li> 3/4″ Dome Tweeters: 2X and 4″ Woofer: 1X</li></ul>','<p>Short Hooded Coat features a straight body, large pockets with button flaps, ventilation air holes, and a string detail along the hemline. The style is completed with a drawstring hood, featuring Rains’ signature built-in cap. Made from waterproof, matte PU, this lightweight unisex rain jacket is an ode to nostalgia through its classic silhouette and utilitarian design details.</p>\n                                <p>- Casual unisex fit</p>\n\n                                <p>- 64% polyester, 36% polyurethane</p>\n\n                                <p>- Water column pressure: 4000 mm</p>\n\n                                <p>- Model is 187cm tall and wearing a size S / M</p>\n\n                                <p>- Unisex fit</p>\n\n                                <p>- Drawstring hood with built-in cap</p>\n\n                                <p>- Front placket with snap buttons</p>\n\n                                <p>- Ventilation under armpit</p>\n\n                                <p>- Adjustable cuffs</p>\n\n                                <p>- Double welted front pockets</p>\n\n                                <p>- Adjustable elastic string at hempen</p>\n\n                                <p>- Ultrasonically welded seams</p>\n\n                                <p>This is a unisex item, please check our clothing &amp; footwear sizing guide for specific Rains jacket sizing information. RAINS comes from the rainy nation of Denmark at the edge of the European continent, close to the ocean and with prevailing westerly winds; all factors that contribute to an average of 121 rain days each year. Arising from these rainy weather conditions comes the attitude that a quick rain shower may be beautiful, as well as moody- but first and foremost requires the right outfit. Rains focus on the whole experience of going outside on rainy days, issuing an invitation to explore even in the most mercurial weather.</p>','published','[\"products\\/21.jpg\",\"products\\/21-1.jpg\",\"products\\/21-2.jpg\"]','SW-142-A0',0,12,0,1,0,4,0,0,877,NULL,NULL,NULL,12.00,20.00,15.00,814.00,NULL,31122,'2024-01-06 17:16:42','2024-01-06 17:16:55','in_stock',0,'Botble\\ACL\\Models\\User',NULL,'digital',NULL,NULL,0,3,0),(22,'Baxter Care Hair Kit For Bearded Mens','<ul><li> Unrestrained and portable active stereo speaker</li>\n            <li> Free from the confines of wires and chords</li>\n            <li> 20 hours of portable capabilities</li>\n            <li> Double-ended Coil Cord with 3.5mm Stereo Plugs Included</li>\n            <li> 3/4″ Dome Tweeters: 2X and 4″ Woofer: 1X</li></ul>','<p>Short Hooded Coat features a straight body, large pockets with button flaps, ventilation air holes, and a string detail along the hemline. The style is completed with a drawstring hood, featuring Rains’ signature built-in cap. Made from waterproof, matte PU, this lightweight unisex rain jacket is an ode to nostalgia through its classic silhouette and utilitarian design details.</p>\n                                <p>- Casual unisex fit</p>\n\n                                <p>- 64% polyester, 36% polyurethane</p>\n\n                                <p>- Water column pressure: 4000 mm</p>\n\n                                <p>- Model is 187cm tall and wearing a size S / M</p>\n\n                                <p>- Unisex fit</p>\n\n                                <p>- Drawstring hood with built-in cap</p>\n\n                                <p>- Front placket with snap buttons</p>\n\n                                <p>- Ventilation under armpit</p>\n\n                                <p>- Adjustable cuffs</p>\n\n                                <p>- Double welted front pockets</p>\n\n                                <p>- Adjustable elastic string at hempen</p>\n\n                                <p>- Ultrasonically welded seams</p>\n\n                                <p>This is a unisex item, please check our clothing &amp; footwear sizing guide for specific Rains jacket sizing information. RAINS comes from the rainy nation of Denmark at the edge of the European continent, close to the ocean and with prevailing westerly winds; all factors that contribute to an average of 121 rain days each year. Arising from these rainy weather conditions comes the attitude that a quick rain shower may be beautiful, as well as moody- but first and foremost requires the right outfit. Rains focus on the whole experience of going outside on rainy days, issuing an invitation to explore even in the most mercurial weather.</p>','published','[\"products\\/22.jpg\",\"products\\/22-1.jpg\",\"products\\/22-2.jpg\",\"products\\/22-3.jpg\"]','SW-152-A0',0,17,0,1,0,3,0,0,607,NULL,NULL,NULL,17.00,20.00,19.00,888.00,NULL,160317,'2024-01-06 17:16:42','2024-01-06 17:16:55','in_stock',0,'Botble\\ACL\\Models\\User',NULL,'physical',NULL,NULL,0,6,0),(23,'Ciate Palemore Lipstick Bold Red Color','<ul><li> Unrestrained and portable active stereo speaker</li>\n            <li> Free from the confines of wires and chords</li>\n            <li> 20 hours of portable capabilities</li>\n            <li> Double-ended Coil Cord with 3.5mm Stereo Plugs Included</li>\n            <li> 3/4″ Dome Tweeters: 2X and 4″ Woofer: 1X</li></ul>','<p>Short Hooded Coat features a straight body, large pockets with button flaps, ventilation air holes, and a string detail along the hemline. The style is completed with a drawstring hood, featuring Rains’ signature built-in cap. Made from waterproof, matte PU, this lightweight unisex rain jacket is an ode to nostalgia through its classic silhouette and utilitarian design details.</p>\n                                <p>- Casual unisex fit</p>\n\n                                <p>- 64% polyester, 36% polyurethane</p>\n\n                                <p>- Water column pressure: 4000 mm</p>\n\n                                <p>- Model is 187cm tall and wearing a size S / M</p>\n\n                                <p>- Unisex fit</p>\n\n                                <p>- Drawstring hood with built-in cap</p>\n\n                                <p>- Front placket with snap buttons</p>\n\n                                <p>- Ventilation under armpit</p>\n\n                                <p>- Adjustable cuffs</p>\n\n                                <p>- Double welted front pockets</p>\n\n                                <p>- Adjustable elastic string at hempen</p>\n\n                                <p>- Ultrasonically welded seams</p>\n\n                                <p>This is a unisex item, please check our clothing &amp; footwear sizing guide for specific Rains jacket sizing information. RAINS comes from the rainy nation of Denmark at the edge of the European continent, close to the ocean and with prevailing westerly winds; all factors that contribute to an average of 121 rain days each year. Arising from these rainy weather conditions comes the attitude that a quick rain shower may be beautiful, as well as moody- but first and foremost requires the right outfit. Rains focus on the whole experience of going outside on rainy days, issuing an invitation to explore even in the most mercurial weather.</p>','published','[\"products\\/23.jpg\",\"products\\/23-1.jpg\",\"products\\/23-2.jpg\",\"products\\/23-3.jpg\"]','SW-122-A0',0,13,0,1,0,3,0,0,522,NULL,NULL,NULL,17.00,10.00,19.00,764.00,NULL,102795,'2024-01-06 17:16:42','2024-01-06 17:16:55','in_stock',0,'Botble\\ACL\\Models\\User',NULL,'physical',NULL,NULL,0,2,0),(24,'Vimto Squash Remix Apple 1.5 Litres','<ul><li> Unrestrained and portable active stereo speaker</li>\n            <li> Free from the confines of wires and chords</li>\n            <li> 20 hours of portable capabilities</li>\n            <li> Double-ended Coil Cord with 3.5mm Stereo Plugs Included</li>\n            <li> 3/4″ Dome Tweeters: 2X and 4″ Woofer: 1X</li></ul>','<p>Short Hooded Coat features a straight body, large pockets with button flaps, ventilation air holes, and a string detail along the hemline. The style is completed with a drawstring hood, featuring Rains’ signature built-in cap. Made from waterproof, matte PU, this lightweight unisex rain jacket is an ode to nostalgia through its classic silhouette and utilitarian design details.</p>\n                                <p>- Casual unisex fit</p>\n\n                                <p>- 64% polyester, 36% polyurethane</p>\n\n                                <p>- Water column pressure: 4000 mm</p>\n\n                                <p>- Model is 187cm tall and wearing a size S / M</p>\n\n                                <p>- Unisex fit</p>\n\n                                <p>- Drawstring hood with built-in cap</p>\n\n                                <p>- Front placket with snap buttons</p>\n\n                                <p>- Ventilation under armpit</p>\n\n                                <p>- Adjustable cuffs</p>\n\n                                <p>- Double welted front pockets</p>\n\n                                <p>- Adjustable elastic string at hempen</p>\n\n                                <p>- Ultrasonically welded seams</p>\n\n                                <p>This is a unisex item, please check our clothing &amp; footwear sizing guide for specific Rains jacket sizing information. RAINS comes from the rainy nation of Denmark at the edge of the European continent, close to the ocean and with prevailing westerly winds; all factors that contribute to an average of 121 rain days each year. Arising from these rainy weather conditions comes the attitude that a quick rain shower may be beautiful, as well as moody- but first and foremost requires the right outfit. Rains focus on the whole experience of going outside on rainy days, issuing an invitation to explore even in the most mercurial weather.</p>','published','[\"products\\/24.jpg\",\"products\\/24-1.jpg\",\"products\\/24-2.jpg\"]','SW-140-A0',0,17,0,1,0,3,0,0,583,518.87,NULL,NULL,12.00,12.00,14.00,502.00,NULL,140578,'2024-01-06 17:16:42','2024-01-06 17:16:55','in_stock',0,'Botble\\ACL\\Models\\User',NULL,'physical',NULL,NULL,0,4,0),(25,'Crock Pot Slow Cooker (Digital)','<ul><li> Unrestrained and portable active stereo speaker</li>\n            <li> Free from the confines of wires and chords</li>\n            <li> 20 hours of portable capabilities</li>\n            <li> Double-ended Coil Cord with 3.5mm Stereo Plugs Included</li>\n            <li> 3/4″ Dome Tweeters: 2X and 4″ Woofer: 1X</li></ul>','<p>Short Hooded Coat features a straight body, large pockets with button flaps, ventilation air holes, and a string detail along the hemline. The style is completed with a drawstring hood, featuring Rains’ signature built-in cap. Made from waterproof, matte PU, this lightweight unisex rain jacket is an ode to nostalgia through its classic silhouette and utilitarian design details.</p>\n                                <p>- Casual unisex fit</p>\n\n                                <p>- 64% polyester, 36% polyurethane</p>\n\n                                <p>- Water column pressure: 4000 mm</p>\n\n                                <p>- Model is 187cm tall and wearing a size S / M</p>\n\n                                <p>- Unisex fit</p>\n\n                                <p>- Drawstring hood with built-in cap</p>\n\n                                <p>- Front placket with snap buttons</p>\n\n                                <p>- Ventilation under armpit</p>\n\n                                <p>- Adjustable cuffs</p>\n\n                                <p>- Double welted front pockets</p>\n\n                                <p>- Adjustable elastic string at hempen</p>\n\n                                <p>- Ultrasonically welded seams</p>\n\n                                <p>This is a unisex item, please check our clothing &amp; footwear sizing guide for specific Rains jacket sizing information. RAINS comes from the rainy nation of Denmark at the edge of the European continent, close to the ocean and with prevailing westerly winds; all factors that contribute to an average of 121 rain days each year. Arising from these rainy weather conditions comes the attitude that a quick rain shower may be beautiful, as well as moody- but first and foremost requires the right outfit. Rains focus on the whole experience of going outside on rainy days, issuing an invitation to explore even in the most mercurial weather.</p>','published','[\"products\\/25.jpg\",\"products\\/25-1.jpg\",\"products\\/25-2.jpg\"]','SW-130-A0',0,20,0,1,0,4,0,0,1138,NULL,NULL,NULL,17.00,13.00,17.00,652.00,NULL,188786,'2024-01-06 17:16:42','2024-01-06 17:16:55','in_stock',0,'Botble\\ACL\\Models\\User',NULL,'digital',NULL,NULL,0,5,0),(26,'Taylors of Harrogate Yorkshire Coffee','<ul><li> Unrestrained and portable active stereo speaker</li>\n            <li> Free from the confines of wires and chords</li>\n            <li> 20 hours of portable capabilities</li>\n            <li> Double-ended Coil Cord with 3.5mm Stereo Plugs Included</li>\n            <li> 3/4″ Dome Tweeters: 2X and 4″ Woofer: 1X</li></ul>','<p>Short Hooded Coat features a straight body, large pockets with button flaps, ventilation air holes, and a string detail along the hemline. The style is completed with a drawstring hood, featuring Rains’ signature built-in cap. Made from waterproof, matte PU, this lightweight unisex rain jacket is an ode to nostalgia through its classic silhouette and utilitarian design details.</p>\n                                <p>- Casual unisex fit</p>\n\n                                <p>- 64% polyester, 36% polyurethane</p>\n\n                                <p>- Water column pressure: 4000 mm</p>\n\n                                <p>- Model is 187cm tall and wearing a size S / M</p>\n\n                                <p>- Unisex fit</p>\n\n                                <p>- Drawstring hood with built-in cap</p>\n\n                                <p>- Front placket with snap buttons</p>\n\n                                <p>- Ventilation under armpit</p>\n\n                                <p>- Adjustable cuffs</p>\n\n                                <p>- Double welted front pockets</p>\n\n                                <p>- Adjustable elastic string at hempen</p>\n\n                                <p>- Ultrasonically welded seams</p>\n\n                                <p>This is a unisex item, please check our clothing &amp; footwear sizing guide for specific Rains jacket sizing information. RAINS comes from the rainy nation of Denmark at the edge of the European continent, close to the ocean and with prevailing westerly winds; all factors that contribute to an average of 121 rain days each year. Arising from these rainy weather conditions comes the attitude that a quick rain shower may be beautiful, as well as moody- but first and foremost requires the right outfit. Rains focus on the whole experience of going outside on rainy days, issuing an invitation to explore even in the most mercurial weather.</p>','published','[\"products\\/26.jpg\",\"products\\/26-1.jpg\"]','SW-191-A0',0,19,0,1,0,1,0,0,774,NULL,NULL,NULL,16.00,12.00,13.00,794.00,NULL,92799,'2024-01-06 17:16:42','2024-01-06 17:16:55','in_stock',0,'Botble\\ACL\\Models\\User',NULL,'physical',NULL,NULL,0,2,0),(27,'Soft Mochi &amp; Galeto Ice Cream','<ul><li> Unrestrained and portable active stereo speaker</li>\n            <li> Free from the confines of wires and chords</li>\n            <li> 20 hours of portable capabilities</li>\n            <li> Double-ended Coil Cord with 3.5mm Stereo Plugs Included</li>\n            <li> 3/4″ Dome Tweeters: 2X and 4″ Woofer: 1X</li></ul>','<p>Short Hooded Coat features a straight body, large pockets with button flaps, ventilation air holes, and a string detail along the hemline. The style is completed with a drawstring hood, featuring Rains’ signature built-in cap. Made from waterproof, matte PU, this lightweight unisex rain jacket is an ode to nostalgia through its classic silhouette and utilitarian design details.</p>\n                                <p>- Casual unisex fit</p>\n\n                                <p>- 64% polyester, 36% polyurethane</p>\n\n                                <p>- Water column pressure: 4000 mm</p>\n\n                                <p>- Model is 187cm tall and wearing a size S / M</p>\n\n                                <p>- Unisex fit</p>\n\n                                <p>- Drawstring hood with built-in cap</p>\n\n                                <p>- Front placket with snap buttons</p>\n\n                                <p>- Ventilation under armpit</p>\n\n                                <p>- Adjustable cuffs</p>\n\n                                <p>- Double welted front pockets</p>\n\n                                <p>- Adjustable elastic string at hempen</p>\n\n                                <p>- Ultrasonically welded seams</p>\n\n                                <p>This is a unisex item, please check our clothing &amp; footwear sizing guide for specific Rains jacket sizing information. RAINS comes from the rainy nation of Denmark at the edge of the European continent, close to the ocean and with prevailing westerly winds; all factors that contribute to an average of 121 rain days each year. Arising from these rainy weather conditions comes the attitude that a quick rain shower may be beautiful, as well as moody- but first and foremost requires the right outfit. Rains focus on the whole experience of going outside on rainy days, issuing an invitation to explore even in the most mercurial weather.</p>','published','[\"products\\/27.jpg\",\"products\\/27-1.jpg\"]','SW-150-A0',0,10,0,1,0,2,0,0,1173,NULL,NULL,NULL,17.00,15.00,19.00,885.00,NULL,115933,'2024-01-06 17:16:42','2024-01-06 17:16:55','in_stock',0,'Botble\\ACL\\Models\\User',NULL,'physical',NULL,NULL,0,6,0),(28,'Naked Noodle Egg Noodles Singapore','<ul><li> Unrestrained and portable active stereo speaker</li>\n            <li> Free from the confines of wires and chords</li>\n            <li> 20 hours of portable capabilities</li>\n            <li> Double-ended Coil Cord with 3.5mm Stereo Plugs Included</li>\n            <li> 3/4″ Dome Tweeters: 2X and 4″ Woofer: 1X</li></ul>','<p>Short Hooded Coat features a straight body, large pockets with button flaps, ventilation air holes, and a string detail along the hemline. The style is completed with a drawstring hood, featuring Rains’ signature built-in cap. Made from waterproof, matte PU, this lightweight unisex rain jacket is an ode to nostalgia through its classic silhouette and utilitarian design details.</p>\n                                <p>- Casual unisex fit</p>\n\n                                <p>- 64% polyester, 36% polyurethane</p>\n\n                                <p>- Water column pressure: 4000 mm</p>\n\n                                <p>- Model is 187cm tall and wearing a size S / M</p>\n\n                                <p>- Unisex fit</p>\n\n                                <p>- Drawstring hood with built-in cap</p>\n\n                                <p>- Front placket with snap buttons</p>\n\n                                <p>- Ventilation under armpit</p>\n\n                                <p>- Adjustable cuffs</p>\n\n                                <p>- Double welted front pockets</p>\n\n                                <p>- Adjustable elastic string at hempen</p>\n\n                                <p>- Ultrasonically welded seams</p>\n\n                                <p>This is a unisex item, please check our clothing &amp; footwear sizing guide for specific Rains jacket sizing information. RAINS comes from the rainy nation of Denmark at the edge of the European continent, close to the ocean and with prevailing westerly winds; all factors that contribute to an average of 121 rain days each year. Arising from these rainy weather conditions comes the attitude that a quick rain shower may be beautiful, as well as moody- but first and foremost requires the right outfit. Rains focus on the whole experience of going outside on rainy days, issuing an invitation to explore even in the most mercurial weather.</p>','published','[\"products\\/28.jpg\",\"products\\/28-1.jpg\",\"products\\/28-2.jpg\"]','SW-151-A0',0,11,0,1,0,4,0,0,852,724.2,NULL,NULL,11.00,11.00,10.00,741.00,NULL,189637,'2024-01-06 17:16:42','2024-01-06 17:16:55','in_stock',0,'Botble\\ACL\\Models\\User',NULL,'physical',NULL,NULL,0,7,0),(29,'Saute Pan Silver (Digital)','<ul><li> Unrestrained and portable active stereo speaker</li>\n            <li> Free from the confines of wires and chords</li>\n            <li> 20 hours of portable capabilities</li>\n            <li> Double-ended Coil Cord with 3.5mm Stereo Plugs Included</li>\n            <li> 3/4″ Dome Tweeters: 2X and 4″ Woofer: 1X</li></ul>','<p>Short Hooded Coat features a straight body, large pockets with button flaps, ventilation air holes, and a string detail along the hemline. The style is completed with a drawstring hood, featuring Rains’ signature built-in cap. Made from waterproof, matte PU, this lightweight unisex rain jacket is an ode to nostalgia through its classic silhouette and utilitarian design details.</p>\n                                <p>- Casual unisex fit</p>\n\n                                <p>- 64% polyester, 36% polyurethane</p>\n\n                                <p>- Water column pressure: 4000 mm</p>\n\n                                <p>- Model is 187cm tall and wearing a size S / M</p>\n\n                                <p>- Unisex fit</p>\n\n                                <p>- Drawstring hood with built-in cap</p>\n\n                                <p>- Front placket with snap buttons</p>\n\n                                <p>- Ventilation under armpit</p>\n\n                                <p>- Adjustable cuffs</p>\n\n                                <p>- Double welted front pockets</p>\n\n                                <p>- Adjustable elastic string at hempen</p>\n\n                                <p>- Ultrasonically welded seams</p>\n\n                                <p>This is a unisex item, please check our clothing &amp; footwear sizing guide for specific Rains jacket sizing information. RAINS comes from the rainy nation of Denmark at the edge of the European continent, close to the ocean and with prevailing westerly winds; all factors that contribute to an average of 121 rain days each year. Arising from these rainy weather conditions comes the attitude that a quick rain shower may be beautiful, as well as moody- but first and foremost requires the right outfit. Rains focus on the whole experience of going outside on rainy days, issuing an invitation to explore even in the most mercurial weather.</p>','published','[\"products\\/29.jpg\",\"products\\/29-1.jpg\",\"products\\/29-2.jpg\"]','SW-145-A0',0,14,0,1,0,1,0,0,1063,NULL,NULL,NULL,17.00,11.00,18.00,894.00,NULL,30349,'2024-01-06 17:16:42','2024-01-06 17:16:55','in_stock',0,'Botble\\ACL\\Models\\User',NULL,'digital',NULL,NULL,0,2,0),(30,'Bar S – Classic Bun Length Franks','<ul><li> Unrestrained and portable active stereo speaker</li>\n            <li> Free from the confines of wires and chords</li>\n            <li> 20 hours of portable capabilities</li>\n            <li> Double-ended Coil Cord with 3.5mm Stereo Plugs Included</li>\n            <li> 3/4″ Dome Tweeters: 2X and 4″ Woofer: 1X</li></ul>','<p>Short Hooded Coat features a straight body, large pockets with button flaps, ventilation air holes, and a string detail along the hemline. The style is completed with a drawstring hood, featuring Rains’ signature built-in cap. Made from waterproof, matte PU, this lightweight unisex rain jacket is an ode to nostalgia through its classic silhouette and utilitarian design details.</p>\n                                <p>- Casual unisex fit</p>\n\n                                <p>- 64% polyester, 36% polyurethane</p>\n\n                                <p>- Water column pressure: 4000 mm</p>\n\n                                <p>- Model is 187cm tall and wearing a size S / M</p>\n\n                                <p>- Unisex fit</p>\n\n                                <p>- Drawstring hood with built-in cap</p>\n\n                                <p>- Front placket with snap buttons</p>\n\n                                <p>- Ventilation under armpit</p>\n\n                                <p>- Adjustable cuffs</p>\n\n                                <p>- Double welted front pockets</p>\n\n                                <p>- Adjustable elastic string at hempen</p>\n\n                                <p>- Ultrasonically welded seams</p>\n\n                                <p>This is a unisex item, please check our clothing &amp; footwear sizing guide for specific Rains jacket sizing information. RAINS comes from the rainy nation of Denmark at the edge of the European continent, close to the ocean and with prevailing westerly winds; all factors that contribute to an average of 121 rain days each year. Arising from these rainy weather conditions comes the attitude that a quick rain shower may be beautiful, as well as moody- but first and foremost requires the right outfit. Rains focus on the whole experience of going outside on rainy days, issuing an invitation to explore even in the most mercurial weather.</p>','published','[\"products\\/30.jpg\",\"products\\/30-1.jpg\",\"products\\/30-2.jpg\"]','SW-110-A0',0,17,0,1,0,1,0,0,1291,NULL,NULL,NULL,18.00,11.00,17.00,695.00,NULL,189455,'2024-01-06 17:16:42','2024-01-06 17:16:55','in_stock',0,'Botble\\ACL\\Models\\User',NULL,'physical',NULL,NULL,0,7,0),(31,'Broccoli Crowns','<ul><li> Unrestrained and portable active stereo speaker</li>\n            <li> Free from the confines of wires and chords</li>\n            <li> 20 hours of portable capabilities</li>\n            <li> Double-ended Coil Cord with 3.5mm Stereo Plugs Included</li>\n            <li> 3/4″ Dome Tweeters: 2X and 4″ Woofer: 1X</li></ul>','<p>Short Hooded Coat features a straight body, large pockets with button flaps, ventilation air holes, and a string detail along the hemline. The style is completed with a drawstring hood, featuring Rains’ signature built-in cap. Made from waterproof, matte PU, this lightweight unisex rain jacket is an ode to nostalgia through its classic silhouette and utilitarian design details.</p>\n                                <p>- Casual unisex fit</p>\n\n                                <p>- 64% polyester, 36% polyurethane</p>\n\n                                <p>- Water column pressure: 4000 mm</p>\n\n                                <p>- Model is 187cm tall and wearing a size S / M</p>\n\n                                <p>- Unisex fit</p>\n\n                                <p>- Drawstring hood with built-in cap</p>\n\n                                <p>- Front placket with snap buttons</p>\n\n                                <p>- Ventilation under armpit</p>\n\n                                <p>- Adjustable cuffs</p>\n\n                                <p>- Double welted front pockets</p>\n\n                                <p>- Adjustable elastic string at hempen</p>\n\n                                <p>- Ultrasonically welded seams</p>\n\n                                <p>This is a unisex item, please check our clothing &amp; footwear sizing guide for specific Rains jacket sizing information. RAINS comes from the rainy nation of Denmark at the edge of the European continent, close to the ocean and with prevailing westerly winds; all factors that contribute to an average of 121 rain days each year. Arising from these rainy weather conditions comes the attitude that a quick rain shower may be beautiful, as well as moody- but first and foremost requires the right outfit. Rains focus on the whole experience of going outside on rainy days, issuing an invitation to explore even in the most mercurial weather.</p>','published','[\"products\\/31.jpg\",\"products\\/31-1.jpg\"]','SW-171-A0',0,13,0,1,0,5,0,0,993,NULL,NULL,NULL,15.00,10.00,17.00,764.00,NULL,12714,'2024-01-06 17:16:42','2024-01-06 17:16:55','in_stock',0,'Botble\\ACL\\Models\\User',NULL,'physical',NULL,NULL,0,4,0),(32,'Slimming World Vegan Mac Greens','<ul><li> Unrestrained and portable active stereo speaker</li>\n            <li> Free from the confines of wires and chords</li>\n            <li> 20 hours of portable capabilities</li>\n            <li> Double-ended Coil Cord with 3.5mm Stereo Plugs Included</li>\n            <li> 3/4″ Dome Tweeters: 2X and 4″ Woofer: 1X</li></ul>','<p>Short Hooded Coat features a straight body, large pockets with button flaps, ventilation air holes, and a string detail along the hemline. The style is completed with a drawstring hood, featuring Rains’ signature built-in cap. Made from waterproof, matte PU, this lightweight unisex rain jacket is an ode to nostalgia through its classic silhouette and utilitarian design details.</p>\n                                <p>- Casual unisex fit</p>\n\n                                <p>- 64% polyester, 36% polyurethane</p>\n\n                                <p>- Water column pressure: 4000 mm</p>\n\n                                <p>- Model is 187cm tall and wearing a size S / M</p>\n\n                                <p>- Unisex fit</p>\n\n                                <p>- Drawstring hood with built-in cap</p>\n\n                                <p>- Front placket with snap buttons</p>\n\n                                <p>- Ventilation under armpit</p>\n\n                                <p>- Adjustable cuffs</p>\n\n                                <p>- Double welted front pockets</p>\n\n                                <p>- Adjustable elastic string at hempen</p>\n\n                                <p>- Ultrasonically welded seams</p>\n\n                                <p>This is a unisex item, please check our clothing &amp; footwear sizing guide for specific Rains jacket sizing information. RAINS comes from the rainy nation of Denmark at the edge of the European continent, close to the ocean and with prevailing westerly winds; all factors that contribute to an average of 121 rain days each year. Arising from these rainy weather conditions comes the attitude that a quick rain shower may be beautiful, as well as moody- but first and foremost requires the right outfit. Rains focus on the whole experience of going outside on rainy days, issuing an invitation to explore even in the most mercurial weather.</p>','published','[\"products\\/32.jpg\",\"products\\/32-1.jpg\",\"products\\/32-2.jpg\"]','SW-119-A0',0,20,0,1,0,2,0,0,668,487.64,NULL,NULL,20.00,16.00,15.00,618.00,NULL,53497,'2024-01-06 17:16:42','2024-01-06 17:16:55','in_stock',0,'Botble\\ACL\\Models\\User',NULL,'physical',NULL,NULL,0,2,0),(33,'Häagen-Dazs Salted Caramel (Digital)','<ul><li> Unrestrained and portable active stereo speaker</li>\n            <li> Free from the confines of wires and chords</li>\n            <li> 20 hours of portable capabilities</li>\n            <li> Double-ended Coil Cord with 3.5mm Stereo Plugs Included</li>\n            <li> 3/4″ Dome Tweeters: 2X and 4″ Woofer: 1X</li></ul>','<p>Short Hooded Coat features a straight body, large pockets with button flaps, ventilation air holes, and a string detail along the hemline. The style is completed with a drawstring hood, featuring Rains’ signature built-in cap. Made from waterproof, matte PU, this lightweight unisex rain jacket is an ode to nostalgia through its classic silhouette and utilitarian design details.</p>\n                                <p>- Casual unisex fit</p>\n\n                                <p>- 64% polyester, 36% polyurethane</p>\n\n                                <p>- Water column pressure: 4000 mm</p>\n\n                                <p>- Model is 187cm tall and wearing a size S / M</p>\n\n                                <p>- Unisex fit</p>\n\n                                <p>- Drawstring hood with built-in cap</p>\n\n                                <p>- Front placket with snap buttons</p>\n\n                                <p>- Ventilation under armpit</p>\n\n                                <p>- Adjustable cuffs</p>\n\n                                <p>- Double welted front pockets</p>\n\n                                <p>- Adjustable elastic string at hempen</p>\n\n                                <p>- Ultrasonically welded seams</p>\n\n                                <p>This is a unisex item, please check our clothing &amp; footwear sizing guide for specific Rains jacket sizing information. RAINS comes from the rainy nation of Denmark at the edge of the European continent, close to the ocean and with prevailing westerly winds; all factors that contribute to an average of 121 rain days each year. Arising from these rainy weather conditions comes the attitude that a quick rain shower may be beautiful, as well as moody- but first and foremost requires the right outfit. Rains focus on the whole experience of going outside on rainy days, issuing an invitation to explore even in the most mercurial weather.</p>','published','[\"products\\/33.jpg\",\"products\\/33-1.jpg\",\"products\\/33-2.jpg\"]','SW-171-A0',0,12,0,1,0,5,0,0,1110,NULL,NULL,NULL,14.00,14.00,11.00,868.00,NULL,163909,'2024-01-06 17:16:42','2024-01-06 17:16:55','in_stock',0,'Botble\\ACL\\Models\\User',NULL,'digital',NULL,NULL,0,8,0),(34,'Iceland 3 Solo Exotic Burst','<ul><li> Unrestrained and portable active stereo speaker</li>\n            <li> Free from the confines of wires and chords</li>\n            <li> 20 hours of portable capabilities</li>\n            <li> Double-ended Coil Cord with 3.5mm Stereo Plugs Included</li>\n            <li> 3/4″ Dome Tweeters: 2X and 4″ Woofer: 1X</li></ul>','<p>Short Hooded Coat features a straight body, large pockets with button flaps, ventilation air holes, and a string detail along the hemline. The style is completed with a drawstring hood, featuring Rains’ signature built-in cap. Made from waterproof, matte PU, this lightweight unisex rain jacket is an ode to nostalgia through its classic silhouette and utilitarian design details.</p>\n                                <p>- Casual unisex fit</p>\n\n                                <p>- 64% polyester, 36% polyurethane</p>\n\n                                <p>- Water column pressure: 4000 mm</p>\n\n                                <p>- Model is 187cm tall and wearing a size S / M</p>\n\n                                <p>- Unisex fit</p>\n\n                                <p>- Drawstring hood with built-in cap</p>\n\n                                <p>- Front placket with snap buttons</p>\n\n                                <p>- Ventilation under armpit</p>\n\n                                <p>- Adjustable cuffs</p>\n\n                                <p>- Double welted front pockets</p>\n\n                                <p>- Adjustable elastic string at hempen</p>\n\n                                <p>- Ultrasonically welded seams</p>\n\n                                <p>This is a unisex item, please check our clothing &amp; footwear sizing guide for specific Rains jacket sizing information. RAINS comes from the rainy nation of Denmark at the edge of the European continent, close to the ocean and with prevailing westerly winds; all factors that contribute to an average of 121 rain days each year. Arising from these rainy weather conditions comes the attitude that a quick rain shower may be beautiful, as well as moody- but first and foremost requires the right outfit. Rains focus on the whole experience of going outside on rainy days, issuing an invitation to explore even in the most mercurial weather.</p>','published','[\"products\\/34.jpg\",\"products\\/34-1.jpg\"]','SW-195-A0',0,17,0,1,0,4,0,0,639,NULL,NULL,NULL,19.00,16.00,20.00,823.00,NULL,144640,'2024-01-06 17:16:42','2024-01-06 17:16:55','in_stock',0,'Botble\\ACL\\Models\\User',NULL,'physical',NULL,NULL,0,4,0),(35,'Extreme Budweiser Light Can','<ul><li> Unrestrained and portable active stereo speaker</li>\n            <li> Free from the confines of wires and chords</li>\n            <li> 20 hours of portable capabilities</li>\n            <li> Double-ended Coil Cord with 3.5mm Stereo Plugs Included</li>\n            <li> 3/4″ Dome Tweeters: 2X and 4″ Woofer: 1X</li></ul>','<p>Short Hooded Coat features a straight body, large pockets with button flaps, ventilation air holes, and a string detail along the hemline. The style is completed with a drawstring hood, featuring Rains’ signature built-in cap. Made from waterproof, matte PU, this lightweight unisex rain jacket is an ode to nostalgia through its classic silhouette and utilitarian design details.</p>\n                                <p>- Casual unisex fit</p>\n\n                                <p>- 64% polyester, 36% polyurethane</p>\n\n                                <p>- Water column pressure: 4000 mm</p>\n\n                                <p>- Model is 187cm tall and wearing a size S / M</p>\n\n                                <p>- Unisex fit</p>\n\n                                <p>- Drawstring hood with built-in cap</p>\n\n                                <p>- Front placket with snap buttons</p>\n\n                                <p>- Ventilation under armpit</p>\n\n                                <p>- Adjustable cuffs</p>\n\n                                <p>- Double welted front pockets</p>\n\n                                <p>- Adjustable elastic string at hempen</p>\n\n                                <p>- Ultrasonically welded seams</p>\n\n                                <p>This is a unisex item, please check our clothing &amp; footwear sizing guide for specific Rains jacket sizing information. RAINS comes from the rainy nation of Denmark at the edge of the European continent, close to the ocean and with prevailing westerly winds; all factors that contribute to an average of 121 rain days each year. Arising from these rainy weather conditions comes the attitude that a quick rain shower may be beautiful, as well as moody- but first and foremost requires the right outfit. Rains focus on the whole experience of going outside on rainy days, issuing an invitation to explore even in the most mercurial weather.</p>','published','[\"products\\/35.jpg\",\"products\\/35-1.jpg\"]','SW-128-A0',0,20,0,1,0,2,0,0,730,NULL,NULL,NULL,20.00,17.00,19.00,695.00,NULL,153289,'2024-01-06 17:16:42','2024-01-06 17:16:55','in_stock',0,'Botble\\ACL\\Models\\User',NULL,'physical',NULL,NULL,0,3,0),(36,'Iceland Macaroni Cheese Traybake','<ul><li> Unrestrained and portable active stereo speaker</li>\n            <li> Free from the confines of wires and chords</li>\n            <li> 20 hours of portable capabilities</li>\n            <li> Double-ended Coil Cord with 3.5mm Stereo Plugs Included</li>\n            <li> 3/4″ Dome Tweeters: 2X and 4″ Woofer: 1X</li></ul>','<p>Short Hooded Coat features a straight body, large pockets with button flaps, ventilation air holes, and a string detail along the hemline. The style is completed with a drawstring hood, featuring Rains’ signature built-in cap. Made from waterproof, matte PU, this lightweight unisex rain jacket is an ode to nostalgia through its classic silhouette and utilitarian design details.</p>\n                                <p>- Casual unisex fit</p>\n\n                                <p>- 64% polyester, 36% polyurethane</p>\n\n                                <p>- Water column pressure: 4000 mm</p>\n\n                                <p>- Model is 187cm tall and wearing a size S / M</p>\n\n                                <p>- Unisex fit</p>\n\n                                <p>- Drawstring hood with built-in cap</p>\n\n                                <p>- Front placket with snap buttons</p>\n\n                                <p>- Ventilation under armpit</p>\n\n                                <p>- Adjustable cuffs</p>\n\n                                <p>- Double welted front pockets</p>\n\n                                <p>- Adjustable elastic string at hempen</p>\n\n                                <p>- Ultrasonically welded seams</p>\n\n                                <p>This is a unisex item, please check our clothing &amp; footwear sizing guide for specific Rains jacket sizing information. RAINS comes from the rainy nation of Denmark at the edge of the European continent, close to the ocean and with prevailing westerly winds; all factors that contribute to an average of 121 rain days each year. Arising from these rainy weather conditions comes the attitude that a quick rain shower may be beautiful, as well as moody- but first and foremost requires the right outfit. Rains focus on the whole experience of going outside on rainy days, issuing an invitation to explore even in the most mercurial weather.</p>','published','[\"products\\/36.jpg\",\"products\\/36-1.jpg\",\"products\\/36-2.jpg\"]','SW-157-A0',0,17,0,1,0,3,0,0,517,434.28,NULL,NULL,17.00,19.00,10.00,822.00,NULL,189245,'2024-01-06 17:16:43','2024-01-06 17:16:55','in_stock',0,'Botble\\ACL\\Models\\User',NULL,'physical',NULL,NULL,0,7,0),(37,'Dolmio Bolognese Pasta Sauce (Digital)','<ul><li> Unrestrained and portable active stereo speaker</li>\n            <li> Free from the confines of wires and chords</li>\n            <li> 20 hours of portable capabilities</li>\n            <li> Double-ended Coil Cord with 3.5mm Stereo Plugs Included</li>\n            <li> 3/4″ Dome Tweeters: 2X and 4″ Woofer: 1X</li></ul>','<p>Short Hooded Coat features a straight body, large pockets with button flaps, ventilation air holes, and a string detail along the hemline. The style is completed with a drawstring hood, featuring Rains’ signature built-in cap. Made from waterproof, matte PU, this lightweight unisex rain jacket is an ode to nostalgia through its classic silhouette and utilitarian design details.</p>\n                                <p>- Casual unisex fit</p>\n\n                                <p>- 64% polyester, 36% polyurethane</p>\n\n                                <p>- Water column pressure: 4000 mm</p>\n\n                                <p>- Model is 187cm tall and wearing a size S / M</p>\n\n                                <p>- Unisex fit</p>\n\n                                <p>- Drawstring hood with built-in cap</p>\n\n                                <p>- Front placket with snap buttons</p>\n\n                                <p>- Ventilation under armpit</p>\n\n                                <p>- Adjustable cuffs</p>\n\n                                <p>- Double welted front pockets</p>\n\n                                <p>- Adjustable elastic string at hempen</p>\n\n                                <p>- Ultrasonically welded seams</p>\n\n                                <p>This is a unisex item, please check our clothing &amp; footwear sizing guide for specific Rains jacket sizing information. RAINS comes from the rainy nation of Denmark at the edge of the European continent, close to the ocean and with prevailing westerly winds; all factors that contribute to an average of 121 rain days each year. Arising from these rainy weather conditions comes the attitude that a quick rain shower may be beautiful, as well as moody- but first and foremost requires the right outfit. Rains focus on the whole experience of going outside on rainy days, issuing an invitation to explore even in the most mercurial weather.</p>','published','[\"products\\/37.jpg\",\"products\\/37-1.jpg\",\"products\\/37-2.jpg\"]','SW-121-A0',0,14,0,1,0,4,0,0,970,NULL,NULL,NULL,15.00,16.00,17.00,540.00,NULL,199099,'2024-01-06 17:16:43','2024-01-06 17:16:55','in_stock',0,'Botble\\ACL\\Models\\User',NULL,'digital',NULL,NULL,0,2,0),(38,'Sitema BakeIT Plastic Box','<ul><li> Unrestrained and portable active stereo speaker</li>\n            <li> Free from the confines of wires and chords</li>\n            <li> 20 hours of portable capabilities</li>\n            <li> Double-ended Coil Cord with 3.5mm Stereo Plugs Included</li>\n            <li> 3/4″ Dome Tweeters: 2X and 4″ Woofer: 1X</li></ul>','<p>Short Hooded Coat features a straight body, large pockets with button flaps, ventilation air holes, and a string detail along the hemline. The style is completed with a drawstring hood, featuring Rains’ signature built-in cap. Made from waterproof, matte PU, this lightweight unisex rain jacket is an ode to nostalgia through its classic silhouette and utilitarian design details.</p>\n                                <p>- Casual unisex fit</p>\n\n                                <p>- 64% polyester, 36% polyurethane</p>\n\n                                <p>- Water column pressure: 4000 mm</p>\n\n                                <p>- Model is 187cm tall and wearing a size S / M</p>\n\n                                <p>- Unisex fit</p>\n\n                                <p>- Drawstring hood with built-in cap</p>\n\n                                <p>- Front placket with snap buttons</p>\n\n                                <p>- Ventilation under armpit</p>\n\n                                <p>- Adjustable cuffs</p>\n\n                                <p>- Double welted front pockets</p>\n\n                                <p>- Adjustable elastic string at hempen</p>\n\n                                <p>- Ultrasonically welded seams</p>\n\n                                <p>This is a unisex item, please check our clothing &amp; footwear sizing guide for specific Rains jacket sizing information. RAINS comes from the rainy nation of Denmark at the edge of the European continent, close to the ocean and with prevailing westerly winds; all factors that contribute to an average of 121 rain days each year. Arising from these rainy weather conditions comes the attitude that a quick rain shower may be beautiful, as well as moody- but first and foremost requires the right outfit. Rains focus on the whole experience of going outside on rainy days, issuing an invitation to explore even in the most mercurial weather.</p>','published','[\"products\\/38.jpg\",\"products\\/38-1.jpg\",\"products\\/38-2.jpg\",\"products\\/38-3.jpg\"]','SW-166-A0',0,12,0,1,0,4,0,0,937,NULL,NULL,NULL,12.00,16.00,10.00,619.00,NULL,4433,'2024-01-06 17:16:43','2024-01-06 17:16:55','in_stock',0,'Botble\\ACL\\Models\\User',NULL,'physical',NULL,NULL,0,2,0),(39,'Wayfair Basics Dinner Plate Storage','<ul><li> Unrestrained and portable active stereo speaker</li>\n            <li> Free from the confines of wires and chords</li>\n            <li> 20 hours of portable capabilities</li>\n            <li> Double-ended Coil Cord with 3.5mm Stereo Plugs Included</li>\n            <li> 3/4″ Dome Tweeters: 2X and 4″ Woofer: 1X</li></ul>','<p>Short Hooded Coat features a straight body, large pockets with button flaps, ventilation air holes, and a string detail along the hemline. The style is completed with a drawstring hood, featuring Rains’ signature built-in cap. Made from waterproof, matte PU, this lightweight unisex rain jacket is an ode to nostalgia through its classic silhouette and utilitarian design details.</p>\n                                <p>- Casual unisex fit</p>\n\n                                <p>- 64% polyester, 36% polyurethane</p>\n\n                                <p>- Water column pressure: 4000 mm</p>\n\n                                <p>- Model is 187cm tall and wearing a size S / M</p>\n\n                                <p>- Unisex fit</p>\n\n                                <p>- Drawstring hood with built-in cap</p>\n\n                                <p>- Front placket with snap buttons</p>\n\n                                <p>- Ventilation under armpit</p>\n\n                                <p>- Adjustable cuffs</p>\n\n                                <p>- Double welted front pockets</p>\n\n                                <p>- Adjustable elastic string at hempen</p>\n\n                                <p>- Ultrasonically welded seams</p>\n\n                                <p>This is a unisex item, please check our clothing &amp; footwear sizing guide for specific Rains jacket sizing information. RAINS comes from the rainy nation of Denmark at the edge of the European continent, close to the ocean and with prevailing westerly winds; all factors that contribute to an average of 121 rain days each year. Arising from these rainy weather conditions comes the attitude that a quick rain shower may be beautiful, as well as moody- but first and foremost requires the right outfit. Rains focus on the whole experience of going outside on rainy days, issuing an invitation to explore even in the most mercurial weather.</p>','published','[\"products\\/39.jpg\",\"products\\/39-1.jpg\",\"products\\/39-2.jpg\"]','SW-184-A0',0,17,0,1,0,5,0,0,850,NULL,NULL,NULL,11.00,19.00,17.00,647.00,NULL,142722,'2024-01-06 17:16:43','2024-01-06 17:16:55','in_stock',0,'Botble\\ACL\\Models\\User',NULL,'physical',NULL,NULL,0,7,0),(40,'Miko The Panda Water Bottle','<ul><li> Unrestrained and portable active stereo speaker</li>\n            <li> Free from the confines of wires and chords</li>\n            <li> 20 hours of portable capabilities</li>\n            <li> Double-ended Coil Cord with 3.5mm Stereo Plugs Included</li>\n            <li> 3/4″ Dome Tweeters: 2X and 4″ Woofer: 1X</li></ul>','<p>Short Hooded Coat features a straight body, large pockets with button flaps, ventilation air holes, and a string detail along the hemline. The style is completed with a drawstring hood, featuring Rains’ signature built-in cap. Made from waterproof, matte PU, this lightweight unisex rain jacket is an ode to nostalgia through its classic silhouette and utilitarian design details.</p>\n                                <p>- Casual unisex fit</p>\n\n                                <p>- 64% polyester, 36% polyurethane</p>\n\n                                <p>- Water column pressure: 4000 mm</p>\n\n                                <p>- Model is 187cm tall and wearing a size S / M</p>\n\n                                <p>- Unisex fit</p>\n\n                                <p>- Drawstring hood with built-in cap</p>\n\n                                <p>- Front placket with snap buttons</p>\n\n                                <p>- Ventilation under armpit</p>\n\n                                <p>- Adjustable cuffs</p>\n\n                                <p>- Double welted front pockets</p>\n\n                                <p>- Adjustable elastic string at hempen</p>\n\n                                <p>- Ultrasonically welded seams</p>\n\n                                <p>This is a unisex item, please check our clothing &amp; footwear sizing guide for specific Rains jacket sizing information. RAINS comes from the rainy nation of Denmark at the edge of the European continent, close to the ocean and with prevailing westerly winds; all factors that contribute to an average of 121 rain days each year. Arising from these rainy weather conditions comes the attitude that a quick rain shower may be beautiful, as well as moody- but first and foremost requires the right outfit. Rains focus on the whole experience of going outside on rainy days, issuing an invitation to explore even in the most mercurial weather.</p>','published','[\"products\\/40.jpg\",\"products\\/40-1.jpg\"]','SW-135-A0',0,12,0,1,0,1,0,0,1248,1073.28,NULL,NULL,18.00,10.00,20.00,557.00,NULL,165203,'2024-01-06 17:16:43','2024-01-06 17:16:55','in_stock',0,'Botble\\ACL\\Models\\User',NULL,'physical',NULL,NULL,0,2,0),(41,'Sesame Seed Bread (Digital)','<ul><li> Unrestrained and portable active stereo speaker</li>\n            <li> Free from the confines of wires and chords</li>\n            <li> 20 hours of portable capabilities</li>\n            <li> Double-ended Coil Cord with 3.5mm Stereo Plugs Included</li>\n            <li> 3/4″ Dome Tweeters: 2X and 4″ Woofer: 1X</li></ul>','<p>Short Hooded Coat features a straight body, large pockets with button flaps, ventilation air holes, and a string detail along the hemline. The style is completed with a drawstring hood, featuring Rains’ signature built-in cap. Made from waterproof, matte PU, this lightweight unisex rain jacket is an ode to nostalgia through its classic silhouette and utilitarian design details.</p>\n                                <p>- Casual unisex fit</p>\n\n                                <p>- 64% polyester, 36% polyurethane</p>\n\n                                <p>- Water column pressure: 4000 mm</p>\n\n                                <p>- Model is 187cm tall and wearing a size S / M</p>\n\n                                <p>- Unisex fit</p>\n\n                                <p>- Drawstring hood with built-in cap</p>\n\n                                <p>- Front placket with snap buttons</p>\n\n                                <p>- Ventilation under armpit</p>\n\n                                <p>- Adjustable cuffs</p>\n\n                                <p>- Double welted front pockets</p>\n\n                                <p>- Adjustable elastic string at hempen</p>\n\n                                <p>- Ultrasonically welded seams</p>\n\n                                <p>This is a unisex item, please check our clothing &amp; footwear sizing guide for specific Rains jacket sizing information. RAINS comes from the rainy nation of Denmark at the edge of the European continent, close to the ocean and with prevailing westerly winds; all factors that contribute to an average of 121 rain days each year. Arising from these rainy weather conditions comes the attitude that a quick rain shower may be beautiful, as well as moody- but first and foremost requires the right outfit. Rains focus on the whole experience of going outside on rainy days, issuing an invitation to explore even in the most mercurial weather.</p>','published','[\"products\\/41.jpg\",\"products\\/41-1.jpg\",\"products\\/41-2.jpg\"]','SW-199-A0',0,17,0,1,0,2,0,0,991,NULL,NULL,NULL,12.00,19.00,10.00,591.00,NULL,170794,'2024-01-06 17:16:43','2024-01-06 17:16:55','in_stock',0,'Botble\\ACL\\Models\\User',NULL,'digital',NULL,NULL,0,5,0),(42,'Morrisons The Best Beef','<ul><li> Unrestrained and portable active stereo speaker</li>\n            <li> Free from the confines of wires and chords</li>\n            <li> 20 hours of portable capabilities</li>\n            <li> Double-ended Coil Cord with 3.5mm Stereo Plugs Included</li>\n            <li> 3/4″ Dome Tweeters: 2X and 4″ Woofer: 1X</li></ul>','<p>Short Hooded Coat features a straight body, large pockets with button flaps, ventilation air holes, and a string detail along the hemline. The style is completed with a drawstring hood, featuring Rains’ signature built-in cap. Made from waterproof, matte PU, this lightweight unisex rain jacket is an ode to nostalgia through its classic silhouette and utilitarian design details.</p>\n                                <p>- Casual unisex fit</p>\n\n                                <p>- 64% polyester, 36% polyurethane</p>\n\n                                <p>- Water column pressure: 4000 mm</p>\n\n                                <p>- Model is 187cm tall and wearing a size S / M</p>\n\n                                <p>- Unisex fit</p>\n\n                                <p>- Drawstring hood with built-in cap</p>\n\n                                <p>- Front placket with snap buttons</p>\n\n                                <p>- Ventilation under armpit</p>\n\n                                <p>- Adjustable cuffs</p>\n\n                                <p>- Double welted front pockets</p>\n\n                                <p>- Adjustable elastic string at hempen</p>\n\n                                <p>- Ultrasonically welded seams</p>\n\n                                <p>This is a unisex item, please check our clothing &amp; footwear sizing guide for specific Rains jacket sizing information. RAINS comes from the rainy nation of Denmark at the edge of the European continent, close to the ocean and with prevailing westerly winds; all factors that contribute to an average of 121 rain days each year. Arising from these rainy weather conditions comes the attitude that a quick rain shower may be beautiful, as well as moody- but first and foremost requires the right outfit. Rains focus on the whole experience of going outside on rainy days, issuing an invitation to explore even in the most mercurial weather.</p>','published','[\"products\\/42.jpg\",\"products\\/42-1.jpg\",\"products\\/42-2.jpg\"]','SW-116-A0',0,20,0,1,0,1,0,0,625,NULL,NULL,NULL,10.00,11.00,19.00,689.00,NULL,122594,'2024-01-06 17:16:43','2024-01-06 17:16:55','in_stock',0,'Botble\\ACL\\Models\\User',NULL,'physical',NULL,NULL,0,1,0),(43,'Avocado, Hass Large','<ul><li> Unrestrained and portable active stereo speaker</li>\n            <li> Free from the confines of wires and chords</li>\n            <li> 20 hours of portable capabilities</li>\n            <li> Double-ended Coil Cord with 3.5mm Stereo Plugs Included</li>\n            <li> 3/4″ Dome Tweeters: 2X and 4″ Woofer: 1X</li></ul>','<p>Short Hooded Coat features a straight body, large pockets with button flaps, ventilation air holes, and a string detail along the hemline. The style is completed with a drawstring hood, featuring Rains’ signature built-in cap. Made from waterproof, matte PU, this lightweight unisex rain jacket is an ode to nostalgia through its classic silhouette and utilitarian design details.</p>\n                                <p>- Casual unisex fit</p>\n\n                                <p>- 64% polyester, 36% polyurethane</p>\n\n                                <p>- Water column pressure: 4000 mm</p>\n\n                                <p>- Model is 187cm tall and wearing a size S / M</p>\n\n                                <p>- Unisex fit</p>\n\n                                <p>- Drawstring hood with built-in cap</p>\n\n                                <p>- Front placket with snap buttons</p>\n\n                                <p>- Ventilation under armpit</p>\n\n                                <p>- Adjustable cuffs</p>\n\n                                <p>- Double welted front pockets</p>\n\n                                <p>- Adjustable elastic string at hempen</p>\n\n                                <p>- Ultrasonically welded seams</p>\n\n                                <p>This is a unisex item, please check our clothing &amp; footwear sizing guide for specific Rains jacket sizing information. RAINS comes from the rainy nation of Denmark at the edge of the European continent, close to the ocean and with prevailing westerly winds; all factors that contribute to an average of 121 rain days each year. Arising from these rainy weather conditions comes the attitude that a quick rain shower may be beautiful, as well as moody- but first and foremost requires the right outfit. Rains focus on the whole experience of going outside on rainy days, issuing an invitation to explore even in the most mercurial weather.</p>','published','[\"products\\/43.jpg\",\"products\\/43-1.jpg\",\"products\\/43-2.jpg\"]','SW-197-A0',0,13,0,1,0,4,0,0,611,NULL,NULL,NULL,19.00,18.00,19.00,814.00,NULL,147203,'2024-01-06 17:16:43','2024-01-06 17:16:55','in_stock',0,'Botble\\ACL\\Models\\User',NULL,'physical',NULL,NULL,0,3,0),(44,'Italia Beef Lasagne','<ul><li> Unrestrained and portable active stereo speaker</li>\n            <li> Free from the confines of wires and chords</li>\n            <li> 20 hours of portable capabilities</li>\n            <li> Double-ended Coil Cord with 3.5mm Stereo Plugs Included</li>\n            <li> 3/4″ Dome Tweeters: 2X and 4″ Woofer: 1X</li></ul>','<p>Short Hooded Coat features a straight body, large pockets with button flaps, ventilation air holes, and a string detail along the hemline. The style is completed with a drawstring hood, featuring Rains’ signature built-in cap. Made from waterproof, matte PU, this lightweight unisex rain jacket is an ode to nostalgia through its classic silhouette and utilitarian design details.</p>\n                                <p>- Casual unisex fit</p>\n\n                                <p>- 64% polyester, 36% polyurethane</p>\n\n                                <p>- Water column pressure: 4000 mm</p>\n\n                                <p>- Model is 187cm tall and wearing a size S / M</p>\n\n                                <p>- Unisex fit</p>\n\n                                <p>- Drawstring hood with built-in cap</p>\n\n                                <p>- Front placket with snap buttons</p>\n\n                                <p>- Ventilation under armpit</p>\n\n                                <p>- Adjustable cuffs</p>\n\n                                <p>- Double welted front pockets</p>\n\n                                <p>- Adjustable elastic string at hempen</p>\n\n                                <p>- Ultrasonically welded seams</p>\n\n                                <p>This is a unisex item, please check our clothing &amp; footwear sizing guide for specific Rains jacket sizing information. RAINS comes from the rainy nation of Denmark at the edge of the European continent, close to the ocean and with prevailing westerly winds; all factors that contribute to an average of 121 rain days each year. Arising from these rainy weather conditions comes the attitude that a quick rain shower may be beautiful, as well as moody- but first and foremost requires the right outfit. Rains focus on the whole experience of going outside on rainy days, issuing an invitation to explore even in the most mercurial weather.</p>','published','[\"products\\/44.jpg\",\"products\\/44-1.jpg\",\"products\\/44-2.jpg\"]','SW-168-A0',0,18,0,1,0,3,0,0,1033,888.38,NULL,NULL,15.00,18.00,11.00,891.00,NULL,179160,'2024-01-06 17:16:43','2024-01-06 17:16:55','in_stock',0,'Botble\\ACL\\Models\\User',NULL,'physical',NULL,NULL,0,5,0),(45,'Maxwell House Classic Roast Mocha (Digital)','<ul><li> Unrestrained and portable active stereo speaker</li>\n            <li> Free from the confines of wires and chords</li>\n            <li> 20 hours of portable capabilities</li>\n            <li> Double-ended Coil Cord with 3.5mm Stereo Plugs Included</li>\n            <li> 3/4″ Dome Tweeters: 2X and 4″ Woofer: 1X</li></ul>','<p>Short Hooded Coat features a straight body, large pockets with button flaps, ventilation air holes, and a string detail along the hemline. The style is completed with a drawstring hood, featuring Rains’ signature built-in cap. Made from waterproof, matte PU, this lightweight unisex rain jacket is an ode to nostalgia through its classic silhouette and utilitarian design details.</p>\n                                <p>- Casual unisex fit</p>\n\n                                <p>- 64% polyester, 36% polyurethane</p>\n\n                                <p>- Water column pressure: 4000 mm</p>\n\n                                <p>- Model is 187cm tall and wearing a size S / M</p>\n\n                                <p>- Unisex fit</p>\n\n                                <p>- Drawstring hood with built-in cap</p>\n\n                                <p>- Front placket with snap buttons</p>\n\n                                <p>- Ventilation under armpit</p>\n\n                                <p>- Adjustable cuffs</p>\n\n                                <p>- Double welted front pockets</p>\n\n                                <p>- Adjustable elastic string at hempen</p>\n\n                                <p>- Ultrasonically welded seams</p>\n\n                                <p>This is a unisex item, please check our clothing &amp; footwear sizing guide for specific Rains jacket sizing information. RAINS comes from the rainy nation of Denmark at the edge of the European continent, close to the ocean and with prevailing westerly winds; all factors that contribute to an average of 121 rain days each year. Arising from these rainy weather conditions comes the attitude that a quick rain shower may be beautiful, as well as moody- but first and foremost requires the right outfit. Rains focus on the whole experience of going outside on rainy days, issuing an invitation to explore even in the most mercurial weather.</p>','published','[\"products\\/45.jpg\",\"products\\/45-1.jpg\"]','SW-166-A0',0,18,0,1,0,1,0,0,857,NULL,NULL,NULL,11.00,16.00,13.00,652.00,NULL,101183,'2024-01-06 17:16:43','2024-01-06 17:16:55','in_stock',0,'Botble\\ACL\\Models\\User',NULL,'digital',NULL,NULL,0,1,0),(46,'Bottled Pure Water 500ml','<ul><li> Unrestrained and portable active stereo speaker</li>\n            <li> Free from the confines of wires and chords</li>\n            <li> 20 hours of portable capabilities</li>\n            <li> Double-ended Coil Cord with 3.5mm Stereo Plugs Included</li>\n            <li> 3/4″ Dome Tweeters: 2X and 4″ Woofer: 1X</li></ul>','<p>Short Hooded Coat features a straight body, large pockets with button flaps, ventilation air holes, and a string detail along the hemline. The style is completed with a drawstring hood, featuring Rains’ signature built-in cap. Made from waterproof, matte PU, this lightweight unisex rain jacket is an ode to nostalgia through its classic silhouette and utilitarian design details.</p>\n                                <p>- Casual unisex fit</p>\n\n                                <p>- 64% polyester, 36% polyurethane</p>\n\n                                <p>- Water column pressure: 4000 mm</p>\n\n                                <p>- Model is 187cm tall and wearing a size S / M</p>\n\n                                <p>- Unisex fit</p>\n\n                                <p>- Drawstring hood with built-in cap</p>\n\n                                <p>- Front placket with snap buttons</p>\n\n                                <p>- Ventilation under armpit</p>\n\n                                <p>- Adjustable cuffs</p>\n\n                                <p>- Double welted front pockets</p>\n\n                                <p>- Adjustable elastic string at hempen</p>\n\n                                <p>- Ultrasonically welded seams</p>\n\n                                <p>This is a unisex item, please check our clothing &amp; footwear sizing guide for specific Rains jacket sizing information. RAINS comes from the rainy nation of Denmark at the edge of the European continent, close to the ocean and with prevailing westerly winds; all factors that contribute to an average of 121 rain days each year. Arising from these rainy weather conditions comes the attitude that a quick rain shower may be beautiful, as well as moody- but first and foremost requires the right outfit. Rains focus on the whole experience of going outside on rainy days, issuing an invitation to explore even in the most mercurial weather.</p>','published','[\"products\\/46.jpg\",\"products\\/46-1.jpg\"]','SW-191-A0',0,13,0,1,0,3,0,0,771,NULL,NULL,NULL,12.00,14.00,10.00,788.00,NULL,45632,'2024-01-06 17:16:43','2024-01-06 17:16:55','in_stock',0,'Botble\\ACL\\Models\\User',NULL,'physical',NULL,NULL,0,8,0),(47,'Famart Farmhouse Soft White','<ul><li> Unrestrained and portable active stereo speaker</li>\n            <li> Free from the confines of wires and chords</li>\n            <li> 20 hours of portable capabilities</li>\n            <li> Double-ended Coil Cord with 3.5mm Stereo Plugs Included</li>\n            <li> 3/4″ Dome Tweeters: 2X and 4″ Woofer: 1X</li></ul>','<p>Short Hooded Coat features a straight body, large pockets with button flaps, ventilation air holes, and a string detail along the hemline. The style is completed with a drawstring hood, featuring Rains’ signature built-in cap. Made from waterproof, matte PU, this lightweight unisex rain jacket is an ode to nostalgia through its classic silhouette and utilitarian design details.</p>\n                                <p>- Casual unisex fit</p>\n\n                                <p>- 64% polyester, 36% polyurethane</p>\n\n                                <p>- Water column pressure: 4000 mm</p>\n\n                                <p>- Model is 187cm tall and wearing a size S / M</p>\n\n                                <p>- Unisex fit</p>\n\n                                <p>- Drawstring hood with built-in cap</p>\n\n                                <p>- Front placket with snap buttons</p>\n\n                                <p>- Ventilation under armpit</p>\n\n                                <p>- Adjustable cuffs</p>\n\n                                <p>- Double welted front pockets</p>\n\n                                <p>- Adjustable elastic string at hempen</p>\n\n                                <p>- Ultrasonically welded seams</p>\n\n                                <p>This is a unisex item, please check our clothing &amp; footwear sizing guide for specific Rains jacket sizing information. RAINS comes from the rainy nation of Denmark at the edge of the European continent, close to the ocean and with prevailing westerly winds; all factors that contribute to an average of 121 rain days each year. Arising from these rainy weather conditions comes the attitude that a quick rain shower may be beautiful, as well as moody- but first and foremost requires the right outfit. Rains focus on the whole experience of going outside on rainy days, issuing an invitation to explore even in the most mercurial weather.</p>','published','[\"products\\/47.jpg\",\"products\\/47-1.jpg\"]','SW-173-A0',0,13,0,1,0,5,0,0,715,NULL,NULL,NULL,11.00,13.00,13.00,577.00,NULL,170876,'2024-01-06 17:16:43','2024-01-06 17:16:55','in_stock',0,'Botble\\ACL\\Models\\User',NULL,'physical',NULL,NULL,0,5,0),(48,'Coca-Cola Original Taste','<ul><li> Unrestrained and portable active stereo speaker</li>\n            <li> Free from the confines of wires and chords</li>\n            <li> 20 hours of portable capabilities</li>\n            <li> Double-ended Coil Cord with 3.5mm Stereo Plugs Included</li>\n            <li> 3/4″ Dome Tweeters: 2X and 4″ Woofer: 1X</li></ul>','<p>Short Hooded Coat features a straight body, large pockets with button flaps, ventilation air holes, and a string detail along the hemline. The style is completed with a drawstring hood, featuring Rains’ signature built-in cap. Made from waterproof, matte PU, this lightweight unisex rain jacket is an ode to nostalgia through its classic silhouette and utilitarian design details.</p>\n                                <p>- Casual unisex fit</p>\n\n                                <p>- 64% polyester, 36% polyurethane</p>\n\n                                <p>- Water column pressure: 4000 mm</p>\n\n                                <p>- Model is 187cm tall and wearing a size S / M</p>\n\n                                <p>- Unisex fit</p>\n\n                                <p>- Drawstring hood with built-in cap</p>\n\n                                <p>- Front placket with snap buttons</p>\n\n                                <p>- Ventilation under armpit</p>\n\n                                <p>- Adjustable cuffs</p>\n\n                                <p>- Double welted front pockets</p>\n\n                                <p>- Adjustable elastic string at hempen</p>\n\n                                <p>- Ultrasonically welded seams</p>\n\n                                <p>This is a unisex item, please check our clothing &amp; footwear sizing guide for specific Rains jacket sizing information. RAINS comes from the rainy nation of Denmark at the edge of the European continent, close to the ocean and with prevailing westerly winds; all factors that contribute to an average of 121 rain days each year. Arising from these rainy weather conditions comes the attitude that a quick rain shower may be beautiful, as well as moody- but first and foremost requires the right outfit. Rains focus on the whole experience of going outside on rainy days, issuing an invitation to explore even in the most mercurial weather.</p>','published','[\"products\\/48.jpg\",\"products\\/48-1.jpg\",\"products\\/48-2.jpg\"]','SW-179-A0',0,20,0,1,0,4,0,0,805,571.55,NULL,NULL,12.00,20.00,19.00,650.00,NULL,80925,'2024-01-06 17:16:43','2024-01-06 17:16:55','in_stock',0,'Botble\\ACL\\Models\\User',NULL,'physical',NULL,NULL,0,7,0),(49,'Casillero Diablo Cabernet Sauvignon (Digital)','<ul><li> Unrestrained and portable active stereo speaker</li>\n            <li> Free from the confines of wires and chords</li>\n            <li> 20 hours of portable capabilities</li>\n            <li> Double-ended Coil Cord with 3.5mm Stereo Plugs Included</li>\n            <li> 3/4″ Dome Tweeters: 2X and 4″ Woofer: 1X</li></ul>','<p>Short Hooded Coat features a straight body, large pockets with button flaps, ventilation air holes, and a string detail along the hemline. The style is completed with a drawstring hood, featuring Rains’ signature built-in cap. Made from waterproof, matte PU, this lightweight unisex rain jacket is an ode to nostalgia through its classic silhouette and utilitarian design details.</p>\n                                <p>- Casual unisex fit</p>\n\n                                <p>- 64% polyester, 36% polyurethane</p>\n\n                                <p>- Water column pressure: 4000 mm</p>\n\n                                <p>- Model is 187cm tall and wearing a size S / M</p>\n\n                                <p>- Unisex fit</p>\n\n                                <p>- Drawstring hood with built-in cap</p>\n\n                                <p>- Front placket with snap buttons</p>\n\n                                <p>- Ventilation under armpit</p>\n\n                                <p>- Adjustable cuffs</p>\n\n                                <p>- Double welted front pockets</p>\n\n                                <p>- Adjustable elastic string at hempen</p>\n\n                                <p>- Ultrasonically welded seams</p>\n\n                                <p>This is a unisex item, please check our clothing &amp; footwear sizing guide for specific Rains jacket sizing information. RAINS comes from the rainy nation of Denmark at the edge of the European continent, close to the ocean and with prevailing westerly winds; all factors that contribute to an average of 121 rain days each year. Arising from these rainy weather conditions comes the attitude that a quick rain shower may be beautiful, as well as moody- but first and foremost requires the right outfit. Rains focus on the whole experience of going outside on rainy days, issuing an invitation to explore even in the most mercurial weather.</p>','published','[\"products\\/49.jpg\",\"products\\/49-1.jpg\",\"products\\/49-2.jpg\"]','SW-169-A0',0,10,0,1,0,2,0,0,1124,NULL,NULL,NULL,12.00,20.00,16.00,790.00,NULL,41271,'2024-01-06 17:16:43','2024-01-06 17:16:55','in_stock',0,'Botble\\ACL\\Models\\User',NULL,'digital',NULL,NULL,0,6,0),(50,'Arla Organic Free Range Milk','<ul><li> Unrestrained and portable active stereo speaker</li>\n            <li> Free from the confines of wires and chords</li>\n            <li> 20 hours of portable capabilities</li>\n            <li> Double-ended Coil Cord with 3.5mm Stereo Plugs Included</li>\n            <li> 3/4″ Dome Tweeters: 2X and 4″ Woofer: 1X</li></ul>','<p>Short Hooded Coat features a straight body, large pockets with button flaps, ventilation air holes, and a string detail along the hemline. The style is completed with a drawstring hood, featuring Rains’ signature built-in cap. Made from waterproof, matte PU, this lightweight unisex rain jacket is an ode to nostalgia through its classic silhouette and utilitarian design details.</p>\n                                <p>- Casual unisex fit</p>\n\n                                <p>- 64% polyester, 36% polyurethane</p>\n\n                                <p>- Water column pressure: 4000 mm</p>\n\n                                <p>- Model is 187cm tall and wearing a size S / M</p>\n\n                                <p>- Unisex fit</p>\n\n                                <p>- Drawstring hood with built-in cap</p>\n\n                                <p>- Front placket with snap buttons</p>\n\n                                <p>- Ventilation under armpit</p>\n\n                                <p>- Adjustable cuffs</p>\n\n                                <p>- Double welted front pockets</p>\n\n                                <p>- Adjustable elastic string at hempen</p>\n\n                                <p>- Ultrasonically welded seams</p>\n\n                                <p>This is a unisex item, please check our clothing &amp; footwear sizing guide for specific Rains jacket sizing information. RAINS comes from the rainy nation of Denmark at the edge of the European continent, close to the ocean and with prevailing westerly winds; all factors that contribute to an average of 121 rain days each year. Arising from these rainy weather conditions comes the attitude that a quick rain shower may be beautiful, as well as moody- but first and foremost requires the right outfit. Rains focus on the whole experience of going outside on rainy days, issuing an invitation to explore even in the most mercurial weather.</p>','published','[\"products\\/50.jpg\",\"products\\/50-1.jpg\"]','SW-121-A0',0,15,0,1,0,4,0,0,1075,NULL,NULL,NULL,12.00,11.00,19.00,847.00,NULL,4604,'2024-01-06 17:16:43','2024-01-06 17:16:55','in_stock',0,'Botble\\ACL\\Models\\User',NULL,'physical',NULL,NULL,0,3,0),(51,'Aptamil Follow On Baby Milk','<ul><li> Unrestrained and portable active stereo speaker</li>\n            <li> Free from the confines of wires and chords</li>\n            <li> 20 hours of portable capabilities</li>\n            <li> Double-ended Coil Cord with 3.5mm Stereo Plugs Included</li>\n            <li> 3/4″ Dome Tweeters: 2X and 4″ Woofer: 1X</li></ul>','<p>Short Hooded Coat features a straight body, large pockets with button flaps, ventilation air holes, and a string detail along the hemline. The style is completed with a drawstring hood, featuring Rains’ signature built-in cap. Made from waterproof, matte PU, this lightweight unisex rain jacket is an ode to nostalgia through its classic silhouette and utilitarian design details.</p>\n                                <p>- Casual unisex fit</p>\n\n                                <p>- 64% polyester, 36% polyurethane</p>\n\n                                <p>- Water column pressure: 4000 mm</p>\n\n                                <p>- Model is 187cm tall and wearing a size S / M</p>\n\n                                <p>- Unisex fit</p>\n\n                                <p>- Drawstring hood with built-in cap</p>\n\n                                <p>- Front placket with snap buttons</p>\n\n                                <p>- Ventilation under armpit</p>\n\n                                <p>- Adjustable cuffs</p>\n\n                                <p>- Double welted front pockets</p>\n\n                                <p>- Adjustable elastic string at hempen</p>\n\n                                <p>- Ultrasonically welded seams</p>\n\n                                <p>This is a unisex item, please check our clothing &amp; footwear sizing guide for specific Rains jacket sizing information. RAINS comes from the rainy nation of Denmark at the edge of the European continent, close to the ocean and with prevailing westerly winds; all factors that contribute to an average of 121 rain days each year. Arising from these rainy weather conditions comes the attitude that a quick rain shower may be beautiful, as well as moody- but first and foremost requires the right outfit. Rains focus on the whole experience of going outside on rainy days, issuing an invitation to explore even in the most mercurial weather.</p>','published','[\"products\\/51.jpg\"]','SW-189-A0',0,13,0,1,0,3,0,0,790,NULL,NULL,NULL,11.00,12.00,18.00,866.00,NULL,185589,'2024-01-06 17:16:43','2024-01-06 17:16:55','in_stock',0,'Botble\\ACL\\Models\\User',NULL,'physical',NULL,NULL,0,5,0),(52,'Cuisinart Chef’S Classic Hard-Anodized','<ul><li> Unrestrained and portable active stereo speaker</li>\n            <li> Free from the confines of wires and chords</li>\n            <li> 20 hours of portable capabilities</li>\n            <li> Double-ended Coil Cord with 3.5mm Stereo Plugs Included</li>\n            <li> 3/4″ Dome Tweeters: 2X and 4″ Woofer: 1X</li></ul>','<p>Short Hooded Coat features a straight body, large pockets with button flaps, ventilation air holes, and a string detail along the hemline. The style is completed with a drawstring hood, featuring Rains’ signature built-in cap. Made from waterproof, matte PU, this lightweight unisex rain jacket is an ode to nostalgia through its classic silhouette and utilitarian design details.</p>\n                                <p>- Casual unisex fit</p>\n\n                                <p>- 64% polyester, 36% polyurethane</p>\n\n                                <p>- Water column pressure: 4000 mm</p>\n\n                                <p>- Model is 187cm tall and wearing a size S / M</p>\n\n                                <p>- Unisex fit</p>\n\n                                <p>- Drawstring hood with built-in cap</p>\n\n                                <p>- Front placket with snap buttons</p>\n\n                                <p>- Ventilation under armpit</p>\n\n                                <p>- Adjustable cuffs</p>\n\n                                <p>- Double welted front pockets</p>\n\n                                <p>- Adjustable elastic string at hempen</p>\n\n                                <p>- Ultrasonically welded seams</p>\n\n                                <p>This is a unisex item, please check our clothing &amp; footwear sizing guide for specific Rains jacket sizing information. RAINS comes from the rainy nation of Denmark at the edge of the European continent, close to the ocean and with prevailing westerly winds; all factors that contribute to an average of 121 rain days each year. Arising from these rainy weather conditions comes the attitude that a quick rain shower may be beautiful, as well as moody- but first and foremost requires the right outfit. Rains focus on the whole experience of going outside on rainy days, issuing an invitation to explore even in the most mercurial weather.</p>','published','[\"products\\/52.jpg\",\"products\\/52-1.jpg\",\"products\\/52-2.jpg\"]','SW-186-A0',0,15,0,1,0,3,0,0,1071,867.51,NULL,NULL,20.00,14.00,17.00,782.00,NULL,121267,'2024-01-06 17:16:43','2024-01-06 17:16:55','in_stock',0,'Botble\\ACL\\Models\\User',NULL,'physical',NULL,NULL,0,4,0),(53,'Corn, Yellow Sweet (Digital)','<ul><li> Unrestrained and portable active stereo speaker</li>\n            <li> Free from the confines of wires and chords</li>\n            <li> 20 hours of portable capabilities</li>\n            <li> Double-ended Coil Cord with 3.5mm Stereo Plugs Included</li>\n            <li> 3/4″ Dome Tweeters: 2X and 4″ Woofer: 1X</li></ul>','<p>Short Hooded Coat features a straight body, large pockets with button flaps, ventilation air holes, and a string detail along the hemline. The style is completed with a drawstring hood, featuring Rains’ signature built-in cap. Made from waterproof, matte PU, this lightweight unisex rain jacket is an ode to nostalgia through its classic silhouette and utilitarian design details.</p>\n                                <p>- Casual unisex fit</p>\n\n                                <p>- 64% polyester, 36% polyurethane</p>\n\n                                <p>- Water column pressure: 4000 mm</p>\n\n                                <p>- Model is 187cm tall and wearing a size S / M</p>\n\n                                <p>- Unisex fit</p>\n\n                                <p>- Drawstring hood with built-in cap</p>\n\n                                <p>- Front placket with snap buttons</p>\n\n                                <p>- Ventilation under armpit</p>\n\n                                <p>- Adjustable cuffs</p>\n\n                                <p>- Double welted front pockets</p>\n\n                                <p>- Adjustable elastic string at hempen</p>\n\n                                <p>- Ultrasonically welded seams</p>\n\n                                <p>This is a unisex item, please check our clothing &amp; footwear sizing guide for specific Rains jacket sizing information. RAINS comes from the rainy nation of Denmark at the edge of the European continent, close to the ocean and with prevailing westerly winds; all factors that contribute to an average of 121 rain days each year. Arising from these rainy weather conditions comes the attitude that a quick rain shower may be beautiful, as well as moody- but first and foremost requires the right outfit. Rains focus on the whole experience of going outside on rainy days, issuing an invitation to explore even in the most mercurial weather.</p>','published','[\"products\\/53.jpg\",\"products\\/53-1.jpg\"]','SW-131-A0',0,12,0,1,0,5,0,0,1209,NULL,NULL,NULL,17.00,10.00,16.00,600.00,NULL,120094,'2024-01-06 17:16:43','2024-01-06 17:16:55','in_stock',0,'Botble\\ACL\\Models\\User',NULL,'digital',NULL,NULL,0,8,0),(54,'Hobnobs The Nobbly Biscuit','<ul><li> Unrestrained and portable active stereo speaker</li>\n            <li> Free from the confines of wires and chords</li>\n            <li> 20 hours of portable capabilities</li>\n            <li> Double-ended Coil Cord with 3.5mm Stereo Plugs Included</li>\n            <li> 3/4″ Dome Tweeters: 2X and 4″ Woofer: 1X</li></ul>','<p>Short Hooded Coat features a straight body, large pockets with button flaps, ventilation air holes, and a string detail along the hemline. The style is completed with a drawstring hood, featuring Rains’ signature built-in cap. Made from waterproof, matte PU, this lightweight unisex rain jacket is an ode to nostalgia through its classic silhouette and utilitarian design details.</p>\n                                <p>- Casual unisex fit</p>\n\n                                <p>- 64% polyester, 36% polyurethane</p>\n\n                                <p>- Water column pressure: 4000 mm</p>\n\n                                <p>- Model is 187cm tall and wearing a size S / M</p>\n\n                                <p>- Unisex fit</p>\n\n                                <p>- Drawstring hood with built-in cap</p>\n\n                                <p>- Front placket with snap buttons</p>\n\n                                <p>- Ventilation under armpit</p>\n\n                                <p>- Adjustable cuffs</p>\n\n                                <p>- Double welted front pockets</p>\n\n                                <p>- Adjustable elastic string at hempen</p>\n\n                                <p>- Ultrasonically welded seams</p>\n\n                                <p>This is a unisex item, please check our clothing &amp; footwear sizing guide for specific Rains jacket sizing information. RAINS comes from the rainy nation of Denmark at the edge of the European continent, close to the ocean and with prevailing westerly winds; all factors that contribute to an average of 121 rain days each year. Arising from these rainy weather conditions comes the attitude that a quick rain shower may be beautiful, as well as moody- but first and foremost requires the right outfit. Rains focus on the whole experience of going outside on rainy days, issuing an invitation to explore even in the most mercurial weather.</p>','published','[\"products\\/54.jpg\",\"products\\/54-1.jpg\"]','SW-132-A0',0,12,0,1,0,3,0,0,895,NULL,NULL,NULL,18.00,17.00,13.00,593.00,NULL,126400,'2024-01-06 17:16:43','2024-01-06 17:16:55','in_stock',0,'Botble\\ACL\\Models\\User',NULL,'physical',NULL,NULL,0,4,0),(55,'Honest Organic Still Lemonade','<ul><li> Unrestrained and portable active stereo speaker</li>\n            <li> Free from the confines of wires and chords</li>\n            <li> 20 hours of portable capabilities</li>\n            <li> Double-ended Coil Cord with 3.5mm Stereo Plugs Included</li>\n            <li> 3/4″ Dome Tweeters: 2X and 4″ Woofer: 1X</li></ul>','<p>Short Hooded Coat features a straight body, large pockets with button flaps, ventilation air holes, and a string detail along the hemline. The style is completed with a drawstring hood, featuring Rains’ signature built-in cap. Made from waterproof, matte PU, this lightweight unisex rain jacket is an ode to nostalgia through its classic silhouette and utilitarian design details.</p>\n                                <p>- Casual unisex fit</p>\n\n                                <p>- 64% polyester, 36% polyurethane</p>\n\n                                <p>- Water column pressure: 4000 mm</p>\n\n                                <p>- Model is 187cm tall and wearing a size S / M</p>\n\n                                <p>- Unisex fit</p>\n\n                                <p>- Drawstring hood with built-in cap</p>\n\n                                <p>- Front placket with snap buttons</p>\n\n                                <p>- Ventilation under armpit</p>\n\n                                <p>- Adjustable cuffs</p>\n\n                                <p>- Double welted front pockets</p>\n\n                                <p>- Adjustable elastic string at hempen</p>\n\n                                <p>- Ultrasonically welded seams</p>\n\n                                <p>This is a unisex item, please check our clothing &amp; footwear sizing guide for specific Rains jacket sizing information. RAINS comes from the rainy nation of Denmark at the edge of the European continent, close to the ocean and with prevailing westerly winds; all factors that contribute to an average of 121 rain days each year. Arising from these rainy weather conditions comes the attitude that a quick rain shower may be beautiful, as well as moody- but first and foremost requires the right outfit. Rains focus on the whole experience of going outside on rainy days, issuing an invitation to explore even in the most mercurial weather.</p>','published','[\"products\\/55.jpg\",\"products\\/55-1.jpg\",\"products\\/55-2.jpg\"]','SW-176-A0',0,15,0,1,0,2,0,0,1091,NULL,NULL,NULL,19.00,14.00,20.00,608.00,NULL,151198,'2024-01-06 17:16:43','2024-01-06 17:16:55','in_stock',0,'Botble\\ACL\\Models\\User',NULL,'physical',NULL,NULL,0,2,0),(56,'Ice Beck’s Beer 350ml x 24 Pieces','<ul><li> Unrestrained and portable active stereo speaker</li>\n            <li> Free from the confines of wires and chords</li>\n            <li> 20 hours of portable capabilities</li>\n            <li> Double-ended Coil Cord with 3.5mm Stereo Plugs Included</li>\n            <li> 3/4″ Dome Tweeters: 2X and 4″ Woofer: 1X</li></ul>','<p>Short Hooded Coat features a straight body, large pockets with button flaps, ventilation air holes, and a string detail along the hemline. The style is completed with a drawstring hood, featuring Rains’ signature built-in cap. Made from waterproof, matte PU, this lightweight unisex rain jacket is an ode to nostalgia through its classic silhouette and utilitarian design details.</p>\n                                <p>- Casual unisex fit</p>\n\n                                <p>- 64% polyester, 36% polyurethane</p>\n\n                                <p>- Water column pressure: 4000 mm</p>\n\n                                <p>- Model is 187cm tall and wearing a size S / M</p>\n\n                                <p>- Unisex fit</p>\n\n                                <p>- Drawstring hood with built-in cap</p>\n\n                                <p>- Front placket with snap buttons</p>\n\n                                <p>- Ventilation under armpit</p>\n\n                                <p>- Adjustable cuffs</p>\n\n                                <p>- Double welted front pockets</p>\n\n                                <p>- Adjustable elastic string at hempen</p>\n\n                                <p>- Ultrasonically welded seams</p>\n\n                                <p>This is a unisex item, please check our clothing &amp; footwear sizing guide for specific Rains jacket sizing information. RAINS comes from the rainy nation of Denmark at the edge of the European continent, close to the ocean and with prevailing westerly winds; all factors that contribute to an average of 121 rain days each year. Arising from these rainy weather conditions comes the attitude that a quick rain shower may be beautiful, as well as moody- but first and foremost requires the right outfit. Rains focus on the whole experience of going outside on rainy days, issuing an invitation to explore even in the most mercurial weather.</p>','published','[\"products\\/56.jpg\",\"products\\/56-1.jpg\",\"products\\/56-2.jpg\"]','SW-139-A0',0,13,0,1,0,5,0,0,650,565.5,NULL,NULL,16.00,18.00,12.00,587.00,NULL,152497,'2024-01-06 17:16:43','2024-01-06 17:16:55','in_stock',0,'Botble\\ACL\\Models\\User',NULL,'physical',NULL,NULL,0,2,0),(57,'Iceland 6 Hot Cross Buns (Digital)','<ul><li> Unrestrained and portable active stereo speaker</li>\n            <li> Free from the confines of wires and chords</li>\n            <li> 20 hours of portable capabilities</li>\n            <li> Double-ended Coil Cord with 3.5mm Stereo Plugs Included</li>\n            <li> 3/4″ Dome Tweeters: 2X and 4″ Woofer: 1X</li></ul>','<p>Short Hooded Coat features a straight body, large pockets with button flaps, ventilation air holes, and a string detail along the hemline. The style is completed with a drawstring hood, featuring Rains’ signature built-in cap. Made from waterproof, matte PU, this lightweight unisex rain jacket is an ode to nostalgia through its classic silhouette and utilitarian design details.</p>\n                                <p>- Casual unisex fit</p>\n\n                                <p>- 64% polyester, 36% polyurethane</p>\n\n                                <p>- Water column pressure: 4000 mm</p>\n\n                                <p>- Model is 187cm tall and wearing a size S / M</p>\n\n                                <p>- Unisex fit</p>\n\n                                <p>- Drawstring hood with built-in cap</p>\n\n                                <p>- Front placket with snap buttons</p>\n\n                                <p>- Ventilation under armpit</p>\n\n                                <p>- Adjustable cuffs</p>\n\n                                <p>- Double welted front pockets</p>\n\n                                <p>- Adjustable elastic string at hempen</p>\n\n                                <p>- Ultrasonically welded seams</p>\n\n                                <p>This is a unisex item, please check our clothing &amp; footwear sizing guide for specific Rains jacket sizing information. RAINS comes from the rainy nation of Denmark at the edge of the European continent, close to the ocean and with prevailing westerly winds; all factors that contribute to an average of 121 rain days each year. Arising from these rainy weather conditions comes the attitude that a quick rain shower may be beautiful, as well as moody- but first and foremost requires the right outfit. Rains focus on the whole experience of going outside on rainy days, issuing an invitation to explore even in the most mercurial weather.</p>','published','[\"products\\/57.jpg\",\"products\\/57-1.jpg\"]','SW-180-A0',0,11,0,1,0,4,0,0,1204,NULL,NULL,NULL,10.00,18.00,20.00,879.00,NULL,61718,'2024-01-06 17:16:43','2024-01-06 17:16:55','in_stock',0,'Botble\\ACL\\Models\\User',NULL,'digital',NULL,NULL,0,6,0),(58,'Iceland Luxury 4 Panini Rolls','<ul><li> Unrestrained and portable active stereo speaker</li>\n            <li> Free from the confines of wires and chords</li>\n            <li> 20 hours of portable capabilities</li>\n            <li> Double-ended Coil Cord with 3.5mm Stereo Plugs Included</li>\n            <li> 3/4″ Dome Tweeters: 2X and 4″ Woofer: 1X</li></ul>','<p>Short Hooded Coat features a straight body, large pockets with button flaps, ventilation air holes, and a string detail along the hemline. The style is completed with a drawstring hood, featuring Rains’ signature built-in cap. Made from waterproof, matte PU, this lightweight unisex rain jacket is an ode to nostalgia through its classic silhouette and utilitarian design details.</p>\n                                <p>- Casual unisex fit</p>\n\n                                <p>- 64% polyester, 36% polyurethane</p>\n\n                                <p>- Water column pressure: 4000 mm</p>\n\n                                <p>- Model is 187cm tall and wearing a size S / M</p>\n\n                                <p>- Unisex fit</p>\n\n                                <p>- Drawstring hood with built-in cap</p>\n\n                                <p>- Front placket with snap buttons</p>\n\n                                <p>- Ventilation under armpit</p>\n\n                                <p>- Adjustable cuffs</p>\n\n                                <p>- Double welted front pockets</p>\n\n                                <p>- Adjustable elastic string at hempen</p>\n\n                                <p>- Ultrasonically welded seams</p>\n\n                                <p>This is a unisex item, please check our clothing &amp; footwear sizing guide for specific Rains jacket sizing information. RAINS comes from the rainy nation of Denmark at the edge of the European continent, close to the ocean and with prevailing westerly winds; all factors that contribute to an average of 121 rain days each year. Arising from these rainy weather conditions comes the attitude that a quick rain shower may be beautiful, as well as moody- but first and foremost requires the right outfit. Rains focus on the whole experience of going outside on rainy days, issuing an invitation to explore even in the most mercurial weather.</p>','published','[\"products\\/58.jpg\",\"products\\/58-1.jpg\",\"products\\/58-2.jpg\"]','SW-116-A0',0,14,0,1,0,1,0,0,668,NULL,NULL,NULL,15.00,17.00,11.00,657.00,NULL,53564,'2024-01-06 17:16:43','2024-01-06 17:16:55','in_stock',0,'Botble\\ACL\\Models\\User',NULL,'physical',NULL,NULL,0,4,0),(59,'Iceland Soft Scoop Vanilla','<ul><li> Unrestrained and portable active stereo speaker</li>\n            <li> Free from the confines of wires and chords</li>\n            <li> 20 hours of portable capabilities</li>\n            <li> Double-ended Coil Cord with 3.5mm Stereo Plugs Included</li>\n            <li> 3/4″ Dome Tweeters: 2X and 4″ Woofer: 1X</li></ul>','<p>Short Hooded Coat features a straight body, large pockets with button flaps, ventilation air holes, and a string detail along the hemline. The style is completed with a drawstring hood, featuring Rains’ signature built-in cap. Made from waterproof, matte PU, this lightweight unisex rain jacket is an ode to nostalgia through its classic silhouette and utilitarian design details.</p>\n                                <p>- Casual unisex fit</p>\n\n                                <p>- 64% polyester, 36% polyurethane</p>\n\n                                <p>- Water column pressure: 4000 mm</p>\n\n                                <p>- Model is 187cm tall and wearing a size S / M</p>\n\n                                <p>- Unisex fit</p>\n\n                                <p>- Drawstring hood with built-in cap</p>\n\n                                <p>- Front placket with snap buttons</p>\n\n                                <p>- Ventilation under armpit</p>\n\n                                <p>- Adjustable cuffs</p>\n\n                                <p>- Double welted front pockets</p>\n\n                                <p>- Adjustable elastic string at hempen</p>\n\n                                <p>- Ultrasonically welded seams</p>\n\n                                <p>This is a unisex item, please check our clothing &amp; footwear sizing guide for specific Rains jacket sizing information. RAINS comes from the rainy nation of Denmark at the edge of the European continent, close to the ocean and with prevailing westerly winds; all factors that contribute to an average of 121 rain days each year. Arising from these rainy weather conditions comes the attitude that a quick rain shower may be beautiful, as well as moody- but first and foremost requires the right outfit. Rains focus on the whole experience of going outside on rainy days, issuing an invitation to explore even in the most mercurial weather.</p>','published','[\"products\\/59.jpg\",\"products\\/59-1.jpg\",\"products\\/59-2.jpg\",\"products\\/59-3.jpg\"]','SW-104-A0',0,14,0,1,0,1,0,0,1154,NULL,NULL,NULL,19.00,16.00,14.00,506.00,NULL,194609,'2024-01-06 17:16:43','2024-01-06 17:16:55','in_stock',0,'Botble\\ACL\\Models\\User',NULL,'physical',NULL,NULL,0,7,0),(60,'Iceland Spaghetti Bolognese','<ul><li> Unrestrained and portable active stereo speaker</li>\n            <li> Free from the confines of wires and chords</li>\n            <li> 20 hours of portable capabilities</li>\n            <li> Double-ended Coil Cord with 3.5mm Stereo Plugs Included</li>\n            <li> 3/4″ Dome Tweeters: 2X and 4″ Woofer: 1X</li></ul>','<p>Short Hooded Coat features a straight body, large pockets with button flaps, ventilation air holes, and a string detail along the hemline. The style is completed with a drawstring hood, featuring Rains’ signature built-in cap. Made from waterproof, matte PU, this lightweight unisex rain jacket is an ode to nostalgia through its classic silhouette and utilitarian design details.</p>\n                                <p>- Casual unisex fit</p>\n\n                                <p>- 64% polyester, 36% polyurethane</p>\n\n                                <p>- Water column pressure: 4000 mm</p>\n\n                                <p>- Model is 187cm tall and wearing a size S / M</p>\n\n                                <p>- Unisex fit</p>\n\n                                <p>- Drawstring hood with built-in cap</p>\n\n                                <p>- Front placket with snap buttons</p>\n\n                                <p>- Ventilation under armpit</p>\n\n                                <p>- Adjustable cuffs</p>\n\n                                <p>- Double welted front pockets</p>\n\n                                <p>- Adjustable elastic string at hempen</p>\n\n                                <p>- Ultrasonically welded seams</p>\n\n                                <p>This is a unisex item, please check our clothing &amp; footwear sizing guide for specific Rains jacket sizing information. RAINS comes from the rainy nation of Denmark at the edge of the European continent, close to the ocean and with prevailing westerly winds; all factors that contribute to an average of 121 rain days each year. Arising from these rainy weather conditions comes the attitude that a quick rain shower may be beautiful, as well as moody- but first and foremost requires the right outfit. Rains focus on the whole experience of going outside on rainy days, issuing an invitation to explore even in the most mercurial weather.</p>','published','[\"products\\/60.jpg\",\"products\\/60-1.jpg\",\"products\\/60-2.jpg\"]','SW-100-A0',0,11,0,1,0,3,0,0,644,521.64,NULL,NULL,14.00,19.00,13.00,814.00,NULL,144710,'2024-01-06 17:16:43','2024-01-06 17:16:55','in_stock',0,'Botble\\ACL\\Models\\User',NULL,'physical',NULL,NULL,0,7,0),(61,'Kellogg’s Coco Pops Cereal (Digital)','<ul><li> Unrestrained and portable active stereo speaker</li>\n            <li> Free from the confines of wires and chords</li>\n            <li> 20 hours of portable capabilities</li>\n            <li> Double-ended Coil Cord with 3.5mm Stereo Plugs Included</li>\n            <li> 3/4″ Dome Tweeters: 2X and 4″ Woofer: 1X</li></ul>','<p>Short Hooded Coat features a straight body, large pockets with button flaps, ventilation air holes, and a string detail along the hemline. The style is completed with a drawstring hood, featuring Rains’ signature built-in cap. Made from waterproof, matte PU, this lightweight unisex rain jacket is an ode to nostalgia through its classic silhouette and utilitarian design details.</p>\n                                <p>- Casual unisex fit</p>\n\n                                <p>- 64% polyester, 36% polyurethane</p>\n\n                                <p>- Water column pressure: 4000 mm</p>\n\n                                <p>- Model is 187cm tall and wearing a size S / M</p>\n\n                                <p>- Unisex fit</p>\n\n                                <p>- Drawstring hood with built-in cap</p>\n\n                                <p>- Front placket with snap buttons</p>\n\n                                <p>- Ventilation under armpit</p>\n\n                                <p>- Adjustable cuffs</p>\n\n                                <p>- Double welted front pockets</p>\n\n                                <p>- Adjustable elastic string at hempen</p>\n\n                                <p>- Ultrasonically welded seams</p>\n\n                                <p>This is a unisex item, please check our clothing &amp; footwear sizing guide for specific Rains jacket sizing information. RAINS comes from the rainy nation of Denmark at the edge of the European continent, close to the ocean and with prevailing westerly winds; all factors that contribute to an average of 121 rain days each year. Arising from these rainy weather conditions comes the attitude that a quick rain shower may be beautiful, as well as moody- but first and foremost requires the right outfit. Rains focus on the whole experience of going outside on rainy days, issuing an invitation to explore even in the most mercurial weather.</p>','published','[\"products\\/61.jpg\",\"products\\/61-1.jpg\"]','SW-198-A0',0,15,0,1,0,2,0,0,795,NULL,NULL,NULL,17.00,11.00,17.00,757.00,NULL,11591,'2024-01-06 17:16:43','2024-01-06 17:16:55','in_stock',0,'Botble\\ACL\\Models\\User',NULL,'digital',NULL,NULL,0,8,0),(62,'Kit Kat Chunky Milk Chocolate','<ul><li> Unrestrained and portable active stereo speaker</li>\n            <li> Free from the confines of wires and chords</li>\n            <li> 20 hours of portable capabilities</li>\n            <li> Double-ended Coil Cord with 3.5mm Stereo Plugs Included</li>\n            <li> 3/4″ Dome Tweeters: 2X and 4″ Woofer: 1X</li></ul>','<p>Short Hooded Coat features a straight body, large pockets with button flaps, ventilation air holes, and a string detail along the hemline. The style is completed with a drawstring hood, featuring Rains’ signature built-in cap. Made from waterproof, matte PU, this lightweight unisex rain jacket is an ode to nostalgia through its classic silhouette and utilitarian design details.</p>\n                                <p>- Casual unisex fit</p>\n\n                                <p>- 64% polyester, 36% polyurethane</p>\n\n                                <p>- Water column pressure: 4000 mm</p>\n\n                                <p>- Model is 187cm tall and wearing a size S / M</p>\n\n                                <p>- Unisex fit</p>\n\n                                <p>- Drawstring hood with built-in cap</p>\n\n                                <p>- Front placket with snap buttons</p>\n\n                                <p>- Ventilation under armpit</p>\n\n                                <p>- Adjustable cuffs</p>\n\n                                <p>- Double welted front pockets</p>\n\n                                <p>- Adjustable elastic string at hempen</p>\n\n                                <p>- Ultrasonically welded seams</p>\n\n                                <p>This is a unisex item, please check our clothing &amp; footwear sizing guide for specific Rains jacket sizing information. RAINS comes from the rainy nation of Denmark at the edge of the European continent, close to the ocean and with prevailing westerly winds; all factors that contribute to an average of 121 rain days each year. Arising from these rainy weather conditions comes the attitude that a quick rain shower may be beautiful, as well as moody- but first and foremost requires the right outfit. Rains focus on the whole experience of going outside on rainy days, issuing an invitation to explore even in the most mercurial weather.</p>','published','[\"products\\/62.jpg\",\"products\\/62-1.jpg\"]','SW-151-A0',0,13,0,1,0,5,0,0,621,NULL,NULL,NULL,17.00,18.00,18.00,576.00,NULL,136054,'2024-01-06 17:16:43','2024-01-06 17:16:55','in_stock',0,'Botble\\ACL\\Models\\User',NULL,'physical',NULL,NULL,0,2,0),(63,'Large Green Bell Pepper','<ul><li> Unrestrained and portable active stereo speaker</li>\n            <li> Free from the confines of wires and chords</li>\n            <li> 20 hours of portable capabilities</li>\n            <li> Double-ended Coil Cord with 3.5mm Stereo Plugs Included</li>\n            <li> 3/4″ Dome Tweeters: 2X and 4″ Woofer: 1X</li></ul>','<p>Short Hooded Coat features a straight body, large pockets with button flaps, ventilation air holes, and a string detail along the hemline. The style is completed with a drawstring hood, featuring Rains’ signature built-in cap. Made from waterproof, matte PU, this lightweight unisex rain jacket is an ode to nostalgia through its classic silhouette and utilitarian design details.</p>\n                                <p>- Casual unisex fit</p>\n\n                                <p>- 64% polyester, 36% polyurethane</p>\n\n                                <p>- Water column pressure: 4000 mm</p>\n\n                                <p>- Model is 187cm tall and wearing a size S / M</p>\n\n                                <p>- Unisex fit</p>\n\n                                <p>- Drawstring hood with built-in cap</p>\n\n                                <p>- Front placket with snap buttons</p>\n\n                                <p>- Ventilation under armpit</p>\n\n                                <p>- Adjustable cuffs</p>\n\n                                <p>- Double welted front pockets</p>\n\n                                <p>- Adjustable elastic string at hempen</p>\n\n                                <p>- Ultrasonically welded seams</p>\n\n                                <p>This is a unisex item, please check our clothing &amp; footwear sizing guide for specific Rains jacket sizing information. RAINS comes from the rainy nation of Denmark at the edge of the European continent, close to the ocean and with prevailing westerly winds; all factors that contribute to an average of 121 rain days each year. Arising from these rainy weather conditions comes the attitude that a quick rain shower may be beautiful, as well as moody- but first and foremost requires the right outfit. Rains focus on the whole experience of going outside on rainy days, issuing an invitation to explore even in the most mercurial weather.</p>','published','[\"products\\/63.jpg\",\"products\\/63-1.jpg\"]','SW-139-A0',0,20,0,1,0,4,0,0,1299,NULL,NULL,NULL,17.00,20.00,11.00,552.00,NULL,156862,'2024-01-06 17:16:43','2024-01-06 17:16:55','in_stock',0,'Botble\\ACL\\Models\\User',NULL,'physical',NULL,NULL,0,8,0),(64,'Pice 94w Beasley Journal','<ul><li> Unrestrained and portable active stereo speaker</li>\n            <li> Free from the confines of wires and chords</li>\n            <li> 20 hours of portable capabilities</li>\n            <li> Double-ended Coil Cord with 3.5mm Stereo Plugs Included</li>\n            <li> 3/4″ Dome Tweeters: 2X and 4″ Woofer: 1X</li></ul>','<p>Short Hooded Coat features a straight body, large pockets with button flaps, ventilation air holes, and a string detail along the hemline. The style is completed with a drawstring hood, featuring Rains’ signature built-in cap. Made from waterproof, matte PU, this lightweight unisex rain jacket is an ode to nostalgia through its classic silhouette and utilitarian design details.</p>\n                                <p>- Casual unisex fit</p>\n\n                                <p>- 64% polyester, 36% polyurethane</p>\n\n                                <p>- Water column pressure: 4000 mm</p>\n\n                                <p>- Model is 187cm tall and wearing a size S / M</p>\n\n                                <p>- Unisex fit</p>\n\n                                <p>- Drawstring hood with built-in cap</p>\n\n                                <p>- Front placket with snap buttons</p>\n\n                                <p>- Ventilation under armpit</p>\n\n                                <p>- Adjustable cuffs</p>\n\n                                <p>- Double welted front pockets</p>\n\n                                <p>- Adjustable elastic string at hempen</p>\n\n                                <p>- Ultrasonically welded seams</p>\n\n                                <p>This is a unisex item, please check our clothing &amp; footwear sizing guide for specific Rains jacket sizing information. RAINS comes from the rainy nation of Denmark at the edge of the European continent, close to the ocean and with prevailing westerly winds; all factors that contribute to an average of 121 rain days each year. Arising from these rainy weather conditions comes the attitude that a quick rain shower may be beautiful, as well as moody- but first and foremost requires the right outfit. Rains focus on the whole experience of going outside on rainy days, issuing an invitation to explore even in the most mercurial weather.</p>','published','[\"products\\/64.jpg\",\"products\\/64-1.jpg\"]','SW-125-A0',0,16,0,1,0,1,0,0,508,447.04,NULL,NULL,18.00,13.00,16.00,848.00,NULL,14929,'2024-01-06 17:16:43','2024-01-06 17:16:55','in_stock',0,'Botble\\ACL\\Models\\User',NULL,'physical',NULL,NULL,0,6,0),(65,'Province Piece Glass Drinking Glass (Digital)','<ul><li> Unrestrained and portable active stereo speaker</li>\n            <li> Free from the confines of wires and chords</li>\n            <li> 20 hours of portable capabilities</li>\n            <li> Double-ended Coil Cord with 3.5mm Stereo Plugs Included</li>\n            <li> 3/4″ Dome Tweeters: 2X and 4″ Woofer: 1X</li></ul>','<p>Short Hooded Coat features a straight body, large pockets with button flaps, ventilation air holes, and a string detail along the hemline. The style is completed with a drawstring hood, featuring Rains’ signature built-in cap. Made from waterproof, matte PU, this lightweight unisex rain jacket is an ode to nostalgia through its classic silhouette and utilitarian design details.</p>\n                                <p>- Casual unisex fit</p>\n\n                                <p>- 64% polyester, 36% polyurethane</p>\n\n                                <p>- Water column pressure: 4000 mm</p>\n\n                                <p>- Model is 187cm tall and wearing a size S / M</p>\n\n                                <p>- Unisex fit</p>\n\n                                <p>- Drawstring hood with built-in cap</p>\n\n                                <p>- Front placket with snap buttons</p>\n\n                                <p>- Ventilation under armpit</p>\n\n                                <p>- Adjustable cuffs</p>\n\n                                <p>- Double welted front pockets</p>\n\n                                <p>- Adjustable elastic string at hempen</p>\n\n                                <p>- Ultrasonically welded seams</p>\n\n                                <p>This is a unisex item, please check our clothing &amp; footwear sizing guide for specific Rains jacket sizing information. RAINS comes from the rainy nation of Denmark at the edge of the European continent, close to the ocean and with prevailing westerly winds; all factors that contribute to an average of 121 rain days each year. Arising from these rainy weather conditions comes the attitude that a quick rain shower may be beautiful, as well as moody- but first and foremost requires the right outfit. Rains focus on the whole experience of going outside on rainy days, issuing an invitation to explore even in the most mercurial weather.</p>','published','[\"products\\/65.jpg\",\"products\\/65-1.jpg\",\"products\\/65-2.jpg\"]','SW-187-A0',0,11,0,1,0,2,0,0,568,NULL,NULL,NULL,14.00,10.00,17.00,833.00,NULL,116976,'2024-01-06 17:16:44','2024-01-06 17:16:55','in_stock',0,'Botble\\ACL\\Models\\User',NULL,'digital',NULL,NULL,0,7,0),(66,'Dual Camera 20MP (Digital)',NULL,NULL,'published','[\"products\\/1.jpg\"]','SW-164-A0',0,18,0,1,0,4,1,0,80.25,NULL,NULL,NULL,19.00,20.00,13.00,536.00,NULL,0,'2024-01-06 17:16:44','2024-01-06 17:16:55','in_stock',0,'Botble\\ACL\\Models\\User',NULL,'digital',NULL,NULL,0,NULL,0),(67,'Dual Camera 20MP (Digital)',NULL,NULL,'published','[\"products\\/1.jpg\"]','SW-164-A0-A1',0,18,0,1,0,4,1,0,80.25,NULL,NULL,NULL,19.00,20.00,13.00,536.00,NULL,0,'2024-01-06 17:16:44','2024-01-06 17:16:55','in_stock',0,'Botble\\ACL\\Models\\User',NULL,'digital',NULL,NULL,0,NULL,0),(68,'Smart Watches',NULL,NULL,'published','[\"products\\/2.jpg\"]','SW-136-A0',0,19,0,1,0,2,1,0,40.5,NULL,NULL,NULL,10.00,10.00,17.00,548.00,NULL,0,'2024-01-06 17:16:44','2024-01-06 17:16:55','in_stock',0,'Botble\\ACL\\Models\\User',NULL,'physical',NULL,NULL,0,NULL,0),(69,'Smart Watches',NULL,NULL,'published','[\"products\\/2-1.jpg\"]','SW-136-A0-A1',0,19,0,1,0,2,1,0,40.5,NULL,NULL,NULL,10.00,10.00,17.00,548.00,NULL,0,'2024-01-06 17:16:44','2024-01-06 17:16:55','in_stock',0,'Botble\\ACL\\Models\\User',NULL,'physical',NULL,NULL,0,NULL,0),(70,'Smart Watches',NULL,NULL,'published','[\"products\\/2-2.jpg\"]','SW-136-A0-A2',0,19,0,1,0,2,1,0,40.5,NULL,NULL,NULL,10.00,10.00,17.00,548.00,NULL,0,'2024-01-06 17:16:44','2024-01-06 17:16:55','in_stock',0,'Botble\\ACL\\Models\\User',NULL,'physical',NULL,NULL,0,NULL,0),(71,'Beat Headphone',NULL,NULL,'published','[\"products\\/3.jpg\"]','SW-139-A0',0,19,0,1,0,3,1,0,20,NULL,NULL,NULL,17.00,14.00,20.00,667.00,NULL,0,'2024-01-06 17:16:44','2024-01-06 17:16:55','in_stock',0,'Botble\\ACL\\Models\\User',NULL,'physical',NULL,NULL,0,NULL,0),(72,'Beat Headphone',NULL,NULL,'published','[\"products\\/3.jpg\"]','SW-139-A0-A1',0,19,0,1,0,3,1,0,20,NULL,NULL,NULL,17.00,14.00,20.00,667.00,NULL,0,'2024-01-06 17:16:44','2024-01-06 17:16:55','in_stock',0,'Botble\\ACL\\Models\\User',NULL,'physical',NULL,NULL,0,NULL,0),(73,'Beat Headphone',NULL,NULL,'published','[\"products\\/3.jpg\"]','SW-139-A0-A2',0,19,0,1,0,3,1,0,20,NULL,NULL,NULL,17.00,14.00,20.00,667.00,NULL,0,'2024-01-06 17:16:44','2024-01-06 17:16:55','in_stock',0,'Botble\\ACL\\Models\\User',NULL,'physical',NULL,NULL,0,NULL,0),(74,'Beat Headphone',NULL,NULL,'published','[\"products\\/3.jpg\"]','SW-139-A0-A3',0,19,0,1,0,3,1,0,20,NULL,NULL,NULL,17.00,14.00,20.00,667.00,NULL,0,'2024-01-06 17:16:44','2024-01-06 17:16:55','in_stock',0,'Botble\\ACL\\Models\\User',NULL,'physical',NULL,NULL,0,NULL,0),(75,'Red & Black Headphone',NULL,NULL,'published','[\"products\\/4.jpg\"]','SW-191-A0',0,15,0,1,0,1,1,0,598,442.52,NULL,NULL,16.00,12.00,10.00,559.00,NULL,0,'2024-01-06 17:16:44','2024-01-06 17:16:55','in_stock',0,'Botble\\ACL\\Models\\User',NULL,'physical',NULL,NULL,0,NULL,0),(76,'Smart Watch External (Digital)',NULL,NULL,'published','[\"products\\/5.jpg\"]','SW-111-A0',0,20,0,1,0,2,1,0,867,NULL,NULL,NULL,18.00,17.00,14.00,743.00,NULL,0,'2024-01-06 17:16:44','2024-01-06 17:16:55','in_stock',0,'Botble\\ACL\\Models\\User',NULL,'digital',NULL,NULL,0,NULL,0),(77,'Smart Watch External (Digital)',NULL,NULL,'published','[\"products\\/5-1.jpg\"]','SW-111-A0-A1',0,20,0,1,0,2,1,0,867,NULL,NULL,NULL,18.00,17.00,14.00,743.00,NULL,0,'2024-01-06 17:16:44','2024-01-06 17:16:55','in_stock',0,'Botble\\ACL\\Models\\User',NULL,'digital',NULL,NULL,0,NULL,0),(78,'Nikon HD camera',NULL,NULL,'published','[\"products\\/6.jpg\"]','SW-160-A0',0,12,0,1,0,5,1,0,485,NULL,NULL,NULL,10.00,13.00,15.00,759.00,NULL,0,'2024-01-06 17:16:44','2024-01-06 17:16:55','in_stock',0,'Botble\\ACL\\Models\\User',NULL,'physical',NULL,NULL,0,NULL,0),(79,'Audio Equipment',NULL,NULL,'published','[\"products\\/7.jpg\"]','SW-170-A0',0,20,0,1,0,4,1,0,515,NULL,NULL,NULL,10.00,11.00,13.00,680.00,NULL,0,'2024-01-06 17:16:44','2024-01-06 17:16:55','in_stock',0,'Botble\\ACL\\Models\\User',NULL,'physical',NULL,NULL,0,NULL,0),(80,'Audio Equipment',NULL,NULL,'published','[\"products\\/7.jpg\"]','SW-170-A0-A1',0,20,0,1,0,4,1,0,515,NULL,NULL,NULL,10.00,11.00,13.00,680.00,NULL,0,'2024-01-06 17:16:44','2024-01-06 17:16:55','in_stock',0,'Botble\\ACL\\Models\\User',NULL,'physical',NULL,NULL,0,NULL,0),(81,'Audio Equipment',NULL,NULL,'published','[\"products\\/7.jpg\"]','SW-170-A0-A2',0,20,0,1,0,4,1,0,515,NULL,NULL,NULL,10.00,11.00,13.00,680.00,NULL,0,'2024-01-06 17:16:44','2024-01-06 17:16:55','in_stock',0,'Botble\\ACL\\Models\\User',NULL,'physical',NULL,NULL,0,NULL,0),(82,'Audio Equipment',NULL,NULL,'published','[\"products\\/7.jpg\"]','SW-170-A0-A3',0,20,0,1,0,4,1,0,515,NULL,NULL,NULL,10.00,11.00,13.00,680.00,NULL,0,'2024-01-06 17:16:44','2024-01-06 17:16:55','in_stock',0,'Botble\\ACL\\Models\\User',NULL,'physical',NULL,NULL,0,NULL,0),(83,'Audio Equipment',NULL,NULL,'published','[\"products\\/7.jpg\"]','SW-170-A0-A4',0,20,0,1,0,4,1,0,515,NULL,NULL,NULL,10.00,11.00,13.00,680.00,NULL,0,'2024-01-06 17:16:44','2024-01-06 17:16:55','in_stock',0,'Botble\\ACL\\Models\\User',NULL,'physical',NULL,NULL,0,NULL,0),(84,'Smart Televisions',NULL,NULL,'published','[\"products\\/8.jpg\"]','SW-125-A0',0,19,0,1,0,1,1,0,1237,915.38,NULL,NULL,15.00,13.00,12.00,773.00,NULL,0,'2024-01-06 17:16:44','2024-01-06 17:16:55','in_stock',0,'Botble\\ACL\\Models\\User',NULL,'physical',NULL,NULL,0,NULL,0),(85,'Smart Televisions',NULL,NULL,'published','[\"products\\/8-1.jpg\"]','SW-125-A0-A1',0,19,0,1,0,1,1,0,1237,1014.34,NULL,NULL,15.00,13.00,12.00,773.00,NULL,0,'2024-01-06 17:16:44','2024-01-06 17:16:55','in_stock',0,'Botble\\ACL\\Models\\User',NULL,'physical',NULL,NULL,0,NULL,0),(86,'Smart Televisions',NULL,NULL,'published','[\"products\\/8-2.jpg\"]','SW-125-A0-A2',0,19,0,1,0,1,1,0,1237,1051.45,NULL,NULL,15.00,13.00,12.00,773.00,NULL,0,'2024-01-06 17:16:44','2024-01-06 17:16:55','in_stock',0,'Botble\\ACL\\Models\\User',NULL,'physical',NULL,NULL,0,NULL,0),(87,'Samsung Smart Phone (Digital)',NULL,NULL,'published','[\"products\\/9.jpg\"]','SW-171-A0',0,20,0,1,0,2,1,0,532,NULL,NULL,NULL,12.00,20.00,10.00,892.00,NULL,0,'2024-01-06 17:16:44','2024-01-06 17:16:55','in_stock',0,'Botble\\ACL\\Models\\User',NULL,'digital',NULL,NULL,0,NULL,0),(88,'Herschel Leather Duffle Bag In Brown Color',NULL,NULL,'published','[\"products\\/10.jpg\"]','SW-195-A0',0,15,0,1,0,2,1,0,1133,NULL,NULL,NULL,11.00,19.00,19.00,778.00,NULL,0,'2024-01-06 17:16:44','2024-01-06 17:16:55','in_stock',0,'Botble\\ACL\\Models\\User',NULL,'physical',NULL,NULL,0,NULL,0),(89,'Herschel Leather Duffle Bag In Brown Color',NULL,NULL,'published','[\"products\\/10-1.jpg\"]','SW-195-A0-A1',0,15,0,1,0,2,1,0,1133,NULL,NULL,NULL,11.00,19.00,19.00,778.00,NULL,0,'2024-01-06 17:16:44','2024-01-06 17:16:55','in_stock',0,'Botble\\ACL\\Models\\User',NULL,'physical',NULL,NULL,0,NULL,0),(90,'Xbox One Wireless Controller Black Color',NULL,NULL,'published','[\"products\\/11.jpg\"]','SW-126-A0',0,12,0,1,0,2,1,0,1113,NULL,NULL,NULL,18.00,19.00,10.00,859.00,NULL,0,'2024-01-06 17:16:44','2024-01-06 17:16:55','in_stock',0,'Botble\\ACL\\Models\\User',NULL,'physical',NULL,NULL,0,NULL,0),(91,'Xbox One Wireless Controller Black Color',NULL,NULL,'published','[\"products\\/11-1.jpg\"]','SW-126-A0-A1',0,12,0,1,0,2,1,0,1113,NULL,NULL,NULL,18.00,19.00,10.00,859.00,NULL,0,'2024-01-06 17:16:44','2024-01-06 17:16:55','in_stock',0,'Botble\\ACL\\Models\\User',NULL,'physical',NULL,NULL,0,NULL,0),(92,'Xbox One Wireless Controller Black Color',NULL,NULL,'published','[\"products\\/11-2.jpg\"]','SW-126-A0-A2',0,12,0,1,0,2,1,0,1113,NULL,NULL,NULL,18.00,19.00,10.00,859.00,NULL,0,'2024-01-06 17:16:44','2024-01-06 17:16:55','in_stock',0,'Botble\\ACL\\Models\\User',NULL,'physical',NULL,NULL,0,NULL,0),(93,'EPSION Plaster Printer',NULL,NULL,'published','[\"products\\/12.jpg\"]','SW-175-A0',0,19,0,1,0,1,1,0,592,503.2,NULL,NULL,10.00,10.00,17.00,594.00,NULL,0,'2024-01-06 17:16:44','2024-01-06 17:16:55','in_stock',0,'Botble\\ACL\\Models\\User',NULL,'physical',NULL,NULL,0,NULL,0),(94,'Sound Intone I65 Earphone White Version (Digital)',NULL,NULL,'published','[\"products\\/13.jpg\"]','SW-156-A0',0,19,0,1,0,2,1,0,590,NULL,NULL,NULL,13.00,13.00,11.00,653.00,NULL,0,'2024-01-06 17:16:44','2024-01-06 17:16:55','in_stock',0,'Botble\\ACL\\Models\\User',NULL,'digital',NULL,NULL,0,NULL,0),(95,'B&O Play Mini Bluetooth Speaker',NULL,NULL,'published','[\"products\\/14.jpg\"]','SW-154-A0',0,17,0,1,0,5,1,0,575,NULL,NULL,NULL,18.00,13.00,10.00,773.00,NULL,0,'2024-01-06 17:16:44','2024-01-06 17:16:55','in_stock',0,'Botble\\ACL\\Models\\User',NULL,'physical',NULL,NULL,0,NULL,0),(96,'B&O Play Mini Bluetooth Speaker',NULL,NULL,'published','[\"products\\/14.jpg\"]','SW-154-A0-A1',0,17,0,1,0,5,1,0,575,NULL,NULL,NULL,18.00,13.00,10.00,773.00,NULL,0,'2024-01-06 17:16:44','2024-01-06 17:16:55','in_stock',0,'Botble\\ACL\\Models\\User',NULL,'physical',NULL,NULL,0,NULL,0),(97,'B&O Play Mini Bluetooth Speaker',NULL,NULL,'published','[\"products\\/14.jpg\"]','SW-154-A0-A2',0,17,0,1,0,5,1,0,575,NULL,NULL,NULL,18.00,13.00,10.00,773.00,NULL,0,'2024-01-06 17:16:44','2024-01-06 17:16:55','in_stock',0,'Botble\\ACL\\Models\\User',NULL,'physical',NULL,NULL,0,NULL,0),(98,'B&O Play Mini Bluetooth Speaker',NULL,NULL,'published','[\"products\\/14.jpg\"]','SW-154-A0-A3',0,17,0,1,0,5,1,0,575,NULL,NULL,NULL,18.00,13.00,10.00,773.00,NULL,0,'2024-01-06 17:16:44','2024-01-06 17:16:55','in_stock',0,'Botble\\ACL\\Models\\User',NULL,'physical',NULL,NULL,0,NULL,0),(99,'Apple MacBook Air Retina 13.3-Inch Laptop',NULL,NULL,'published','[\"products\\/15.jpg\"]','SW-164-A0',0,17,0,1,0,4,1,0,597,NULL,NULL,NULL,14.00,15.00,18.00,736.00,NULL,0,'2024-01-06 17:16:45','2024-01-06 17:16:55','in_stock',0,'Botble\\ACL\\Models\\User',NULL,'physical',NULL,NULL,0,NULL,0),(100,'Apple MacBook Air Retina 12-Inch Laptop',NULL,NULL,'published','[\"products\\/16.jpg\"]','SW-116-A0',0,13,0,1,0,1,1,0,596,464.88,NULL,NULL,18.00,16.00,13.00,523.00,NULL,0,'2024-01-06 17:16:45','2024-01-06 17:16:55','in_stock',0,'Botble\\ACL\\Models\\User',NULL,'physical',NULL,NULL,0,NULL,0),(101,'Apple MacBook Air Retina 12-Inch Laptop',NULL,NULL,'published','[\"products\\/16.jpg\"]','SW-116-A0-A1',0,13,0,1,0,1,1,0,596,494.68,NULL,NULL,18.00,16.00,13.00,523.00,NULL,0,'2024-01-06 17:16:45','2024-01-06 17:16:55','in_stock',0,'Botble\\ACL\\Models\\User',NULL,'physical',NULL,NULL,0,NULL,0),(102,'Apple MacBook Air Retina 12-Inch Laptop',NULL,NULL,'published','[\"products\\/16.jpg\"]','SW-116-A0-A2',0,13,0,1,0,1,1,0,596,447,NULL,NULL,18.00,16.00,13.00,523.00,NULL,0,'2024-01-06 17:16:45','2024-01-06 17:16:55','in_stock',0,'Botble\\ACL\\Models\\User',NULL,'physical',NULL,NULL,0,NULL,0),(103,'Samsung Gear VR Virtual Reality Headset (Digital)',NULL,NULL,'published','[\"products\\/17.jpg\"]','SW-141-A0',0,18,0,1,0,5,1,0,545,NULL,NULL,NULL,18.00,16.00,12.00,524.00,NULL,0,'2024-01-06 17:16:45','2024-01-06 17:16:55','in_stock',0,'Botble\\ACL\\Models\\User',NULL,'digital',NULL,NULL,0,NULL,0),(104,'Samsung Gear VR Virtual Reality Headset (Digital)',NULL,NULL,'published','[\"products\\/17-1.jpg\"]','SW-141-A0-A1',0,18,0,1,0,5,1,0,545,NULL,NULL,NULL,18.00,16.00,12.00,524.00,NULL,0,'2024-01-06 17:16:45','2024-01-06 17:16:55','in_stock',0,'Botble\\ACL\\Models\\User',NULL,'digital',NULL,NULL,0,NULL,0),(105,'Samsung Gear VR Virtual Reality Headset (Digital)',NULL,NULL,'published','[\"products\\/17-2.jpg\"]','SW-141-A0-A2',0,18,0,1,0,5,1,0,545,NULL,NULL,NULL,18.00,16.00,12.00,524.00,NULL,0,'2024-01-06 17:16:45','2024-01-06 17:16:55','in_stock',0,'Botble\\ACL\\Models\\User',NULL,'digital',NULL,NULL,0,NULL,0),(106,'Aveeno Moisturizing Body Shower 450ml',NULL,NULL,'published','[\"products\\/18.jpg\"]','SW-137-A0',0,14,0,1,0,3,1,0,1212,NULL,NULL,NULL,19.00,11.00,19.00,631.00,NULL,0,'2024-01-06 17:16:45','2024-01-06 17:16:55','in_stock',0,'Botble\\ACL\\Models\\User',NULL,'physical',NULL,NULL,0,NULL,0),(107,'Aveeno Moisturizing Body Shower 450ml',NULL,NULL,'published','[\"products\\/18-1.jpg\"]','SW-137-A0-A1',0,14,0,1,0,3,1,0,1212,NULL,NULL,NULL,19.00,11.00,19.00,631.00,NULL,0,'2024-01-06 17:16:45','2024-01-06 17:16:55','in_stock',0,'Botble\\ACL\\Models\\User',NULL,'physical',NULL,NULL,0,NULL,0),(108,'Aveeno Moisturizing Body Shower 450ml',NULL,NULL,'published','[\"products\\/18-2.jpg\"]','SW-137-A0-A2',0,14,0,1,0,3,1,0,1212,NULL,NULL,NULL,19.00,11.00,19.00,631.00,NULL,0,'2024-01-06 17:16:45','2024-01-06 17:16:55','in_stock',0,'Botble\\ACL\\Models\\User',NULL,'physical',NULL,NULL,0,NULL,0),(109,'Aveeno Moisturizing Body Shower 450ml',NULL,NULL,'published','[\"products\\/18-3.jpg\"]','SW-137-A0-A3',0,14,0,1,0,3,1,0,1212,NULL,NULL,NULL,19.00,11.00,19.00,631.00,NULL,0,'2024-01-06 17:16:45','2024-01-06 17:16:55','in_stock',0,'Botble\\ACL\\Models\\User',NULL,'physical',NULL,NULL,0,NULL,0),(110,'Aveeno Moisturizing Body Shower 450ml',NULL,NULL,'published','[\"products\\/18.jpg\"]','SW-137-A0-A4',0,14,0,1,0,3,1,0,1212,NULL,NULL,NULL,19.00,11.00,19.00,631.00,NULL,0,'2024-01-06 17:16:45','2024-01-06 17:16:55','in_stock',0,'Botble\\ACL\\Models\\User',NULL,'physical',NULL,NULL,0,NULL,0),(111,'NYX Beauty Couton Pallete Makeup 12',NULL,NULL,'published','[\"products\\/19.jpg\"]','SW-116-A0',0,20,0,1,0,1,1,0,1189,NULL,NULL,NULL,12.00,13.00,16.00,789.00,NULL,0,'2024-01-06 17:16:45','2024-01-06 17:16:55','in_stock',0,'Botble\\ACL\\Models\\User',NULL,'physical',NULL,NULL,0,NULL,0),(112,'NYX Beauty Couton Pallete Makeup 12',NULL,NULL,'published','[\"products\\/19-1.jpg\"]','SW-116-A0-A1',0,20,0,1,0,1,1,0,1189,NULL,NULL,NULL,12.00,13.00,16.00,789.00,NULL,0,'2024-01-06 17:16:45','2024-01-06 17:16:55','in_stock',0,'Botble\\ACL\\Models\\User',NULL,'physical',NULL,NULL,0,NULL,0),(113,'NYX Beauty Couton Pallete Makeup 12',NULL,NULL,'published','[\"products\\/19-2.jpg\"]','SW-116-A0-A2',0,20,0,1,0,1,1,0,1189,NULL,NULL,NULL,12.00,13.00,16.00,789.00,NULL,0,'2024-01-06 17:16:45','2024-01-06 17:16:55','in_stock',0,'Botble\\ACL\\Models\\User',NULL,'physical',NULL,NULL,0,NULL,0),(114,'NYX Beauty Couton Pallete Makeup 12',NULL,NULL,'published','[\"products\\/19-3.jpg\"]','SW-116-A0-A3',0,20,0,1,0,1,1,0,1189,NULL,NULL,NULL,12.00,13.00,16.00,789.00,NULL,0,'2024-01-06 17:16:45','2024-01-06 17:16:55','in_stock',0,'Botble\\ACL\\Models\\User',NULL,'physical',NULL,NULL,0,NULL,0),(115,'NYX Beauty Couton Pallete Makeup 12',NULL,NULL,'published','[\"products\\/20.jpg\"]','SW-134-A0',0,18,0,1,0,4,1,0,801,720.9,NULL,NULL,19.00,11.00,20.00,896.00,NULL,0,'2024-01-06 17:16:45','2024-01-06 17:16:55','in_stock',0,'Botble\\ACL\\Models\\User',NULL,'physical',NULL,NULL,0,NULL,0),(116,'NYX Beauty Couton Pallete Makeup 12',NULL,NULL,'published','[\"products\\/20-1.jpg\"]','SW-134-A0-A1',0,18,0,1,0,4,1,0,801,568.71,NULL,NULL,19.00,11.00,20.00,896.00,NULL,0,'2024-01-06 17:16:45','2024-01-06 17:16:55','in_stock',0,'Botble\\ACL\\Models\\User',NULL,'physical',NULL,NULL,0,NULL,0),(117,'MVMTH Classical Leather Watch In Black (Digital)',NULL,NULL,'published','[\"products\\/21.jpg\"]','SW-142-A0',0,12,0,1,0,4,1,0,877,NULL,NULL,NULL,12.00,20.00,15.00,814.00,NULL,0,'2024-01-06 17:16:45','2024-01-06 17:16:55','in_stock',0,'Botble\\ACL\\Models\\User',NULL,'digital',NULL,NULL,0,NULL,0),(118,'Baxter Care Hair Kit For Bearded Mens',NULL,NULL,'published','[\"products\\/22.jpg\"]','SW-152-A0',0,17,0,1,0,3,1,0,607,NULL,NULL,NULL,17.00,20.00,19.00,888.00,NULL,0,'2024-01-06 17:16:45','2024-01-06 17:16:55','in_stock',0,'Botble\\ACL\\Models\\User',NULL,'physical',NULL,NULL,0,NULL,0),(119,'Baxter Care Hair Kit For Bearded Mens',NULL,NULL,'published','[\"products\\/22-1.jpg\"]','SW-152-A0-A1',0,17,0,1,0,3,1,0,607,NULL,NULL,NULL,17.00,20.00,19.00,888.00,NULL,0,'2024-01-06 17:16:45','2024-01-06 17:16:55','in_stock',0,'Botble\\ACL\\Models\\User',NULL,'physical',NULL,NULL,0,NULL,0),(120,'Baxter Care Hair Kit For Bearded Mens',NULL,NULL,'published','[\"products\\/22-2.jpg\"]','SW-152-A0-A2',0,17,0,1,0,3,1,0,607,NULL,NULL,NULL,17.00,20.00,19.00,888.00,NULL,0,'2024-01-06 17:16:45','2024-01-06 17:16:55','in_stock',0,'Botble\\ACL\\Models\\User',NULL,'physical',NULL,NULL,0,NULL,0),(121,'Baxter Care Hair Kit For Bearded Mens',NULL,NULL,'published','[\"products\\/22-3.jpg\"]','SW-152-A0-A3',0,17,0,1,0,3,1,0,607,NULL,NULL,NULL,17.00,20.00,19.00,888.00,NULL,0,'2024-01-06 17:16:45','2024-01-06 17:16:55','in_stock',0,'Botble\\ACL\\Models\\User',NULL,'physical',NULL,NULL,0,NULL,0),(122,'Ciate Palemore Lipstick Bold Red Color',NULL,NULL,'published','[\"products\\/23.jpg\"]','SW-122-A0',0,13,0,1,0,3,1,0,522,NULL,NULL,NULL,17.00,10.00,19.00,764.00,NULL,0,'2024-01-06 17:16:45','2024-01-06 17:16:55','in_stock',0,'Botble\\ACL\\Models\\User',NULL,'physical',NULL,NULL,0,NULL,0),(123,'Ciate Palemore Lipstick Bold Red Color',NULL,NULL,'published','[\"products\\/23-1.jpg\"]','SW-122-A0-A1',0,13,0,1,0,3,1,0,522,NULL,NULL,NULL,17.00,10.00,19.00,764.00,NULL,0,'2024-01-06 17:16:45','2024-01-06 17:16:55','in_stock',0,'Botble\\ACL\\Models\\User',NULL,'physical',NULL,NULL,0,NULL,0),(124,'Vimto Squash Remix Apple 1.5 Litres',NULL,NULL,'published','[\"products\\/24.jpg\"]','SW-140-A0',0,17,0,1,0,3,1,0,583,518.87,NULL,NULL,12.00,12.00,14.00,502.00,NULL,0,'2024-01-06 17:16:45','2024-01-06 17:16:55','in_stock',0,'Botble\\ACL\\Models\\User',NULL,'physical',NULL,NULL,0,NULL,0),(125,'Vimto Squash Remix Apple 1.5 Litres',NULL,NULL,'published','[\"products\\/24-1.jpg\"]','SW-140-A0-A1',0,17,0,1,0,3,1,0,583,419.76,NULL,NULL,12.00,12.00,14.00,502.00,NULL,0,'2024-01-06 17:16:45','2024-01-06 17:16:55','in_stock',0,'Botble\\ACL\\Models\\User',NULL,'physical',NULL,NULL,0,NULL,0),(126,'Crock Pot Slow Cooker (Digital)',NULL,NULL,'published','[\"products\\/25.jpg\"]','SW-130-A0',0,20,0,1,0,4,1,0,1138,NULL,NULL,NULL,17.00,13.00,17.00,652.00,NULL,0,'2024-01-06 17:16:45','2024-01-06 17:16:55','in_stock',0,'Botble\\ACL\\Models\\User',NULL,'digital',NULL,NULL,0,NULL,0),(127,'Crock Pot Slow Cooker (Digital)',NULL,NULL,'published','[\"products\\/25-1.jpg\"]','SW-130-A0-A1',0,20,0,1,0,4,1,0,1138,NULL,NULL,NULL,17.00,13.00,17.00,652.00,NULL,0,'2024-01-06 17:16:45','2024-01-06 17:16:55','in_stock',0,'Botble\\ACL\\Models\\User',NULL,'digital',NULL,NULL,0,NULL,0),(128,'Taylors of Harrogate Yorkshire Coffee',NULL,NULL,'published','[\"products\\/26.jpg\"]','SW-191-A0',0,19,0,1,0,1,1,0,774,NULL,NULL,NULL,16.00,12.00,13.00,794.00,NULL,0,'2024-01-06 17:16:45','2024-01-06 17:16:55','in_stock',0,'Botble\\ACL\\Models\\User',NULL,'physical',NULL,NULL,0,NULL,0),(129,'Taylors of Harrogate Yorkshire Coffee',NULL,NULL,'published','[\"products\\/26-1.jpg\"]','SW-191-A0-A1',0,19,0,1,0,1,1,0,774,NULL,NULL,NULL,16.00,12.00,13.00,794.00,NULL,0,'2024-01-06 17:16:45','2024-01-06 17:16:55','in_stock',0,'Botble\\ACL\\Models\\User',NULL,'physical',NULL,NULL,0,NULL,0),(130,'Taylors of Harrogate Yorkshire Coffee',NULL,NULL,'published','[\"products\\/26.jpg\"]','SW-191-A0-A2',0,19,0,1,0,1,1,0,774,NULL,NULL,NULL,16.00,12.00,13.00,794.00,NULL,0,'2024-01-06 17:16:45','2024-01-06 17:16:55','in_stock',0,'Botble\\ACL\\Models\\User',NULL,'physical',NULL,NULL,0,NULL,0),(131,'Soft Mochi & Galeto Ice Cream',NULL,NULL,'published','[\"products\\/27.jpg\"]','SW-150-A0',0,10,0,1,0,2,1,0,1173,NULL,NULL,NULL,17.00,15.00,19.00,885.00,NULL,0,'2024-01-06 17:16:45','2024-01-06 17:16:55','in_stock',0,'Botble\\ACL\\Models\\User',NULL,'physical',NULL,NULL,0,NULL,0),(132,'Soft Mochi & Galeto Ice Cream',NULL,NULL,'published','[\"products\\/27-1.jpg\"]','SW-150-A0-A1',0,10,0,1,0,2,1,0,1173,NULL,NULL,NULL,17.00,15.00,19.00,885.00,NULL,0,'2024-01-06 17:16:45','2024-01-06 17:16:55','in_stock',0,'Botble\\ACL\\Models\\User',NULL,'physical',NULL,NULL,0,NULL,0),(133,'Naked Noodle Egg Noodles Singapore',NULL,NULL,'published','[\"products\\/28.jpg\"]','SW-151-A0',0,11,0,1,0,4,1,0,852,724.2,NULL,NULL,11.00,11.00,10.00,741.00,NULL,0,'2024-01-06 17:16:45','2024-01-06 17:16:55','in_stock',0,'Botble\\ACL\\Models\\User',NULL,'physical',NULL,NULL,0,NULL,0),(134,'Naked Noodle Egg Noodles Singapore',NULL,NULL,'published','[\"products\\/28-1.jpg\"]','SW-151-A0-A1',0,11,0,1,0,4,1,0,852,724.2,NULL,NULL,11.00,11.00,10.00,741.00,NULL,0,'2024-01-06 17:16:45','2024-01-06 17:16:55','in_stock',0,'Botble\\ACL\\Models\\User',NULL,'physical',NULL,NULL,0,NULL,0),(135,'Saute Pan Silver (Digital)',NULL,NULL,'published','[\"products\\/29.jpg\"]','SW-145-A0',0,14,0,1,0,1,1,0,1063,NULL,NULL,NULL,17.00,11.00,18.00,894.00,NULL,0,'2024-01-06 17:16:45','2024-01-06 17:16:55','in_stock',0,'Botble\\ACL\\Models\\User',NULL,'digital',NULL,NULL,0,NULL,0),(136,'Saute Pan Silver (Digital)',NULL,NULL,'published','[\"products\\/29-1.jpg\"]','SW-145-A0-A1',0,14,0,1,0,1,1,0,1063,NULL,NULL,NULL,17.00,11.00,18.00,894.00,NULL,0,'2024-01-06 17:16:45','2024-01-06 17:16:55','in_stock',0,'Botble\\ACL\\Models\\User',NULL,'digital',NULL,NULL,0,NULL,0),(137,'Bar S – Classic Bun Length Franks',NULL,NULL,'published','[\"products\\/30.jpg\"]','SW-110-A0',0,17,0,1,0,1,1,0,1291,NULL,NULL,NULL,18.00,11.00,17.00,695.00,NULL,0,'2024-01-06 17:16:45','2024-01-06 17:16:55','in_stock',0,'Botble\\ACL\\Models\\User',NULL,'physical',NULL,NULL,0,NULL,0),(138,'Bar S – Classic Bun Length Franks',NULL,NULL,'published','[\"products\\/30-1.jpg\"]','SW-110-A0-A1',0,17,0,1,0,1,1,0,1291,NULL,NULL,NULL,18.00,11.00,17.00,695.00,NULL,0,'2024-01-06 17:16:45','2024-01-06 17:16:55','in_stock',0,'Botble\\ACL\\Models\\User',NULL,'physical',NULL,NULL,0,NULL,0),(139,'Bar S – Classic Bun Length Franks',NULL,NULL,'published','[\"products\\/30-2.jpg\"]','SW-110-A0-A2',0,17,0,1,0,1,1,0,1291,NULL,NULL,NULL,18.00,11.00,17.00,695.00,NULL,0,'2024-01-06 17:16:45','2024-01-06 17:16:55','in_stock',0,'Botble\\ACL\\Models\\User',NULL,'physical',NULL,NULL,0,NULL,0),(140,'Bar S – Classic Bun Length Franks',NULL,NULL,'published','[\"products\\/30.jpg\"]','SW-110-A0-A3',0,17,0,1,0,1,1,0,1291,NULL,NULL,NULL,18.00,11.00,17.00,695.00,NULL,0,'2024-01-06 17:16:45','2024-01-06 17:16:55','in_stock',0,'Botble\\ACL\\Models\\User',NULL,'physical',NULL,NULL,0,NULL,0),(141,'Bar S – Classic Bun Length Franks',NULL,NULL,'published','[\"products\\/30.jpg\"]','SW-110-A0-A4',0,17,0,1,0,1,1,0,1291,NULL,NULL,NULL,18.00,11.00,17.00,695.00,NULL,0,'2024-01-06 17:16:45','2024-01-06 17:16:55','in_stock',0,'Botble\\ACL\\Models\\User',NULL,'physical',NULL,NULL,0,NULL,0),(142,'Broccoli Crowns',NULL,NULL,'published','[\"products\\/31.jpg\"]','SW-171-A0',0,13,0,1,0,5,1,0,993,NULL,NULL,NULL,15.00,10.00,17.00,764.00,NULL,0,'2024-01-06 17:16:45','2024-01-06 17:16:55','in_stock',0,'Botble\\ACL\\Models\\User',NULL,'physical',NULL,NULL,0,NULL,0),(143,'Broccoli Crowns',NULL,NULL,'published','[\"products\\/31-1.jpg\"]','SW-171-A0-A1',0,13,0,1,0,5,1,0,993,NULL,NULL,NULL,15.00,10.00,17.00,764.00,NULL,0,'2024-01-06 17:16:45','2024-01-06 17:16:55','in_stock',0,'Botble\\ACL\\Models\\User',NULL,'physical',NULL,NULL,0,NULL,0),(144,'Broccoli Crowns',NULL,NULL,'published','[\"products\\/31.jpg\"]','SW-171-A0-A2',0,13,0,1,0,5,1,0,993,NULL,NULL,NULL,15.00,10.00,17.00,764.00,NULL,0,'2024-01-06 17:16:45','2024-01-06 17:16:55','in_stock',0,'Botble\\ACL\\Models\\User',NULL,'physical',NULL,NULL,0,NULL,0),(145,'Slimming World Vegan Mac Greens',NULL,NULL,'published','[\"products\\/32.jpg\"]','SW-119-A0',0,20,0,1,0,2,1,0,668,487.64,NULL,NULL,20.00,16.00,15.00,618.00,NULL,0,'2024-01-06 17:16:45','2024-01-06 17:16:55','in_stock',0,'Botble\\ACL\\Models\\User',NULL,'physical',NULL,NULL,0,NULL,0),(146,'Häagen-Dazs Salted Caramel (Digital)',NULL,NULL,'published','[\"products\\/33.jpg\"]','SW-171-A0',0,12,0,1,0,5,1,0,1110,NULL,NULL,NULL,14.00,14.00,11.00,868.00,NULL,0,'2024-01-06 17:16:45','2024-01-06 17:16:55','in_stock',0,'Botble\\ACL\\Models\\User',NULL,'digital',NULL,NULL,0,NULL,0),(147,'Häagen-Dazs Salted Caramel (Digital)',NULL,NULL,'published','[\"products\\/33-1.jpg\"]','SW-171-A0-A1',0,12,0,1,0,5,1,0,1110,NULL,NULL,NULL,14.00,14.00,11.00,868.00,NULL,0,'2024-01-06 17:16:45','2024-01-06 17:16:55','in_stock',0,'Botble\\ACL\\Models\\User',NULL,'digital',NULL,NULL,0,NULL,0),(148,'Iceland 3 Solo Exotic Burst',NULL,NULL,'published','[\"products\\/34.jpg\"]','SW-195-A0',0,17,0,1,0,4,1,0,639,NULL,NULL,NULL,19.00,16.00,20.00,823.00,NULL,0,'2024-01-06 17:16:45','2024-01-06 17:16:55','in_stock',0,'Botble\\ACL\\Models\\User',NULL,'physical',NULL,NULL,0,NULL,0),(149,'Iceland 3 Solo Exotic Burst',NULL,NULL,'published','[\"products\\/34-1.jpg\"]','SW-195-A0-A1',0,17,0,1,0,4,1,0,639,NULL,NULL,NULL,19.00,16.00,20.00,823.00,NULL,0,'2024-01-06 17:16:45','2024-01-06 17:16:55','in_stock',0,'Botble\\ACL\\Models\\User',NULL,'physical',NULL,NULL,0,NULL,0),(150,'Extreme Budweiser Light Can',NULL,NULL,'published','[\"products\\/35.jpg\"]','SW-128-A0',0,20,0,1,0,2,1,0,730,NULL,NULL,NULL,20.00,17.00,19.00,695.00,NULL,0,'2024-01-06 17:16:45','2024-01-06 17:16:55','in_stock',0,'Botble\\ACL\\Models\\User',NULL,'physical',NULL,NULL,0,NULL,0),(151,'Extreme Budweiser Light Can',NULL,NULL,'published','[\"products\\/35-1.jpg\"]','SW-128-A0-A1',0,20,0,1,0,2,1,0,730,NULL,NULL,NULL,20.00,17.00,19.00,695.00,NULL,0,'2024-01-06 17:16:45','2024-01-06 17:16:55','in_stock',0,'Botble\\ACL\\Models\\User',NULL,'physical',NULL,NULL,0,NULL,0),(152,'Iceland Macaroni Cheese Traybake',NULL,NULL,'published','[\"products\\/36.jpg\"]','SW-157-A0',0,17,0,1,0,3,1,0,517,434.28,NULL,NULL,17.00,19.00,10.00,822.00,NULL,0,'2024-01-06 17:16:45','2024-01-06 17:16:55','in_stock',0,'Botble\\ACL\\Models\\User',NULL,'physical',NULL,NULL,0,NULL,0),(153,'Dolmio Bolognese Pasta Sauce (Digital)',NULL,NULL,'published','[\"products\\/37.jpg\"]','SW-121-A0',0,14,0,1,0,4,1,0,970,NULL,NULL,NULL,15.00,16.00,17.00,540.00,NULL,0,'2024-01-06 17:16:46','2024-01-06 17:16:55','in_stock',0,'Botble\\ACL\\Models\\User',NULL,'digital',NULL,NULL,0,NULL,0),(154,'Dolmio Bolognese Pasta Sauce (Digital)',NULL,NULL,'published','[\"products\\/37-1.jpg\"]','SW-121-A0-A1',0,14,0,1,0,4,1,0,970,NULL,NULL,NULL,15.00,16.00,17.00,540.00,NULL,0,'2024-01-06 17:16:46','2024-01-06 17:16:55','in_stock',0,'Botble\\ACL\\Models\\User',NULL,'digital',NULL,NULL,0,NULL,0),(155,'Dolmio Bolognese Pasta Sauce (Digital)',NULL,NULL,'published','[\"products\\/37-2.jpg\"]','SW-121-A0-A2',0,14,0,1,0,4,1,0,970,NULL,NULL,NULL,15.00,16.00,17.00,540.00,NULL,0,'2024-01-06 17:16:46','2024-01-06 17:16:55','in_stock',0,'Botble\\ACL\\Models\\User',NULL,'digital',NULL,NULL,0,NULL,0),(156,'Dolmio Bolognese Pasta Sauce (Digital)',NULL,NULL,'published','[\"products\\/37.jpg\"]','SW-121-A0-A3',0,14,0,1,0,4,1,0,970,NULL,NULL,NULL,15.00,16.00,17.00,540.00,NULL,0,'2024-01-06 17:16:46','2024-01-06 17:16:55','in_stock',0,'Botble\\ACL\\Models\\User',NULL,'digital',NULL,NULL,0,NULL,0),(157,'Sitema BakeIT Plastic Box',NULL,NULL,'published','[\"products\\/38.jpg\"]','SW-166-A0',0,12,0,1,0,4,1,0,937,NULL,NULL,NULL,12.00,16.00,10.00,619.00,NULL,0,'2024-01-06 17:16:46','2024-01-06 17:16:55','in_stock',0,'Botble\\ACL\\Models\\User',NULL,'physical',NULL,NULL,0,NULL,0),(158,'Sitema BakeIT Plastic Box',NULL,NULL,'published','[\"products\\/38-1.jpg\"]','SW-166-A0-A1',0,12,0,1,0,4,1,0,937,NULL,NULL,NULL,12.00,16.00,10.00,619.00,NULL,0,'2024-01-06 17:16:46','2024-01-06 17:16:55','in_stock',0,'Botble\\ACL\\Models\\User',NULL,'physical',NULL,NULL,0,NULL,0),(159,'Wayfair Basics Dinner Plate Storage',NULL,NULL,'published','[\"products\\/39.jpg\"]','SW-184-A0',0,17,0,1,0,5,1,0,850,NULL,NULL,NULL,11.00,19.00,17.00,647.00,NULL,0,'2024-01-06 17:16:46','2024-01-06 17:16:55','in_stock',0,'Botble\\ACL\\Models\\User',NULL,'physical',NULL,NULL,0,NULL,0),(160,'Wayfair Basics Dinner Plate Storage',NULL,NULL,'published','[\"products\\/39-1.jpg\"]','SW-184-A0-A1',0,17,0,1,0,5,1,0,850,NULL,NULL,NULL,11.00,19.00,17.00,647.00,NULL,0,'2024-01-06 17:16:46','2024-01-06 17:16:55','in_stock',0,'Botble\\ACL\\Models\\User',NULL,'physical',NULL,NULL,0,NULL,0),(161,'Wayfair Basics Dinner Plate Storage',NULL,NULL,'published','[\"products\\/39-2.jpg\"]','SW-184-A0-A2',0,17,0,1,0,5,1,0,850,NULL,NULL,NULL,11.00,19.00,17.00,647.00,NULL,0,'2024-01-06 17:16:46','2024-01-06 17:16:55','in_stock',0,'Botble\\ACL\\Models\\User',NULL,'physical',NULL,NULL,0,NULL,0),(162,'Miko The Panda Water Bottle',NULL,NULL,'published','[\"products\\/40.jpg\"]','SW-135-A0',0,12,0,1,0,1,1,0,1248,1073.28,NULL,NULL,18.00,10.00,20.00,557.00,NULL,0,'2024-01-06 17:16:46','2024-01-06 17:16:55','in_stock',0,'Botble\\ACL\\Models\\User',NULL,'physical',NULL,NULL,0,NULL,0),(163,'Miko The Panda Water Bottle',NULL,NULL,'published','[\"products\\/40-1.jpg\"]','SW-135-A0-A1',0,12,0,1,0,1,1,0,1248,973.44,NULL,NULL,18.00,10.00,20.00,557.00,NULL,0,'2024-01-06 17:16:46','2024-01-06 17:16:55','in_stock',0,'Botble\\ACL\\Models\\User',NULL,'physical',NULL,NULL,0,NULL,0),(164,'Sesame Seed Bread (Digital)',NULL,NULL,'published','[\"products\\/41.jpg\"]','SW-199-A0',0,17,0,1,0,2,1,0,991,NULL,NULL,NULL,12.00,19.00,10.00,591.00,NULL,0,'2024-01-06 17:16:46','2024-01-06 17:16:55','in_stock',0,'Botble\\ACL\\Models\\User',NULL,'digital',NULL,NULL,0,NULL,0),(165,'Sesame Seed Bread (Digital)',NULL,NULL,'published','[\"products\\/41-1.jpg\"]','SW-199-A0-A1',0,17,0,1,0,2,1,0,991,NULL,NULL,NULL,12.00,19.00,10.00,591.00,NULL,0,'2024-01-06 17:16:46','2024-01-06 17:16:55','in_stock',0,'Botble\\ACL\\Models\\User',NULL,'digital',NULL,NULL,0,NULL,0),(166,'Morrisons The Best Beef',NULL,NULL,'published','[\"products\\/42.jpg\"]','SW-116-A0',0,20,0,1,0,1,1,0,625,NULL,NULL,NULL,10.00,11.00,19.00,689.00,NULL,0,'2024-01-06 17:16:46','2024-01-06 17:16:55','in_stock',0,'Botble\\ACL\\Models\\User',NULL,'physical',NULL,NULL,0,NULL,0),(167,'Morrisons The Best Beef',NULL,NULL,'published','[\"products\\/42-1.jpg\"]','SW-116-A0-A1',0,20,0,1,0,1,1,0,625,NULL,NULL,NULL,10.00,11.00,19.00,689.00,NULL,0,'2024-01-06 17:16:46','2024-01-06 17:16:55','in_stock',0,'Botble\\ACL\\Models\\User',NULL,'physical',NULL,NULL,0,NULL,0),(168,'Avocado, Hass Large',NULL,NULL,'published','[\"products\\/43.jpg\"]','SW-197-A0',0,13,0,1,0,4,1,0,611,NULL,NULL,NULL,19.00,18.00,19.00,814.00,NULL,0,'2024-01-06 17:16:46','2024-01-06 17:16:55','in_stock',0,'Botble\\ACL\\Models\\User',NULL,'physical',NULL,NULL,0,NULL,0),(169,'Avocado, Hass Large',NULL,NULL,'published','[\"products\\/43-1.jpg\"]','SW-197-A0-A1',0,13,0,1,0,4,1,0,611,NULL,NULL,NULL,19.00,18.00,19.00,814.00,NULL,0,'2024-01-06 17:16:46','2024-01-06 17:16:55','in_stock',0,'Botble\\ACL\\Models\\User',NULL,'physical',NULL,NULL,0,NULL,0),(170,'Avocado, Hass Large',NULL,NULL,'published','[\"products\\/43-2.jpg\"]','SW-197-A0-A2',0,13,0,1,0,4,1,0,611,NULL,NULL,NULL,19.00,18.00,19.00,814.00,NULL,0,'2024-01-06 17:16:46','2024-01-06 17:16:55','in_stock',0,'Botble\\ACL\\Models\\User',NULL,'physical',NULL,NULL,0,NULL,0),(171,'Italia Beef Lasagne',NULL,NULL,'published','[\"products\\/44.jpg\"]','SW-168-A0',0,18,0,1,0,3,1,0,1033,888.38,NULL,NULL,15.00,18.00,11.00,891.00,NULL,0,'2024-01-06 17:16:46','2024-01-06 17:16:55','in_stock',0,'Botble\\ACL\\Models\\User',NULL,'physical',NULL,NULL,0,NULL,0),(172,'Italia Beef Lasagne',NULL,NULL,'published','[\"products\\/44-1.jpg\"]','SW-168-A0-A1',0,18,0,1,0,3,1,0,1033,888.38,NULL,NULL,15.00,18.00,11.00,891.00,NULL,0,'2024-01-06 17:16:46','2024-01-06 17:16:55','in_stock',0,'Botble\\ACL\\Models\\User',NULL,'physical',NULL,NULL,0,NULL,0),(173,'Maxwell House Classic Roast Mocha (Digital)',NULL,NULL,'published','[\"products\\/45.jpg\"]','SW-166-A0',0,18,0,1,0,1,1,0,857,NULL,NULL,NULL,11.00,16.00,13.00,652.00,NULL,0,'2024-01-06 17:16:46','2024-01-06 17:16:55','in_stock',0,'Botble\\ACL\\Models\\User',NULL,'digital',NULL,NULL,0,NULL,0),(174,'Maxwell House Classic Roast Mocha (Digital)',NULL,NULL,'published','[\"products\\/45-1.jpg\"]','SW-166-A0-A1',0,18,0,1,0,1,1,0,857,NULL,NULL,NULL,11.00,16.00,13.00,652.00,NULL,0,'2024-01-06 17:16:46','2024-01-06 17:16:55','in_stock',0,'Botble\\ACL\\Models\\User',NULL,'digital',NULL,NULL,0,NULL,0),(175,'Maxwell House Classic Roast Mocha (Digital)',NULL,NULL,'published','[\"products\\/45.jpg\"]','SW-166-A0-A2',0,18,0,1,0,1,1,0,857,NULL,NULL,NULL,11.00,16.00,13.00,652.00,NULL,0,'2024-01-06 17:16:46','2024-01-06 17:16:55','in_stock',0,'Botble\\ACL\\Models\\User',NULL,'digital',NULL,NULL,0,NULL,0),(176,'Bottled Pure Water 500ml',NULL,NULL,'published','[\"products\\/46.jpg\"]','SW-191-A0',0,13,0,1,0,3,1,0,771,NULL,NULL,NULL,12.00,14.00,10.00,788.00,NULL,0,'2024-01-06 17:16:46','2024-01-06 17:16:55','in_stock',0,'Botble\\ACL\\Models\\User',NULL,'physical',NULL,NULL,0,NULL,0),(177,'Bottled Pure Water 500ml',NULL,NULL,'published','[\"products\\/46-1.jpg\"]','SW-191-A0-A1',0,13,0,1,0,3,1,0,771,NULL,NULL,NULL,12.00,14.00,10.00,788.00,NULL,0,'2024-01-06 17:16:46','2024-01-06 17:16:55','in_stock',0,'Botble\\ACL\\Models\\User',NULL,'physical',NULL,NULL,0,NULL,0),(178,'Bottled Pure Water 500ml',NULL,NULL,'published','[\"products\\/46.jpg\"]','SW-191-A0-A2',0,13,0,1,0,3,1,0,771,NULL,NULL,NULL,12.00,14.00,10.00,788.00,NULL,0,'2024-01-06 17:16:46','2024-01-06 17:16:55','in_stock',0,'Botble\\ACL\\Models\\User',NULL,'physical',NULL,NULL,0,NULL,0),(179,'Famart Farmhouse Soft White',NULL,NULL,'published','[\"products\\/47.jpg\"]','SW-173-A0',0,13,0,1,0,5,1,0,715,NULL,NULL,NULL,11.00,13.00,13.00,577.00,NULL,0,'2024-01-06 17:16:46','2024-01-06 17:16:55','in_stock',0,'Botble\\ACL\\Models\\User',NULL,'physical',NULL,NULL,0,NULL,0),(180,'Famart Farmhouse Soft White',NULL,NULL,'published','[\"products\\/47-1.jpg\"]','SW-173-A0-A1',0,13,0,1,0,5,1,0,715,NULL,NULL,NULL,11.00,13.00,13.00,577.00,NULL,0,'2024-01-06 17:16:46','2024-01-06 17:16:55','in_stock',0,'Botble\\ACL\\Models\\User',NULL,'physical',NULL,NULL,0,NULL,0),(181,'Coca-Cola Original Taste',NULL,NULL,'published','[\"products\\/48.jpg\"]','SW-179-A0',0,20,0,1,0,4,1,0,805,571.55,NULL,NULL,12.00,20.00,19.00,650.00,NULL,0,'2024-01-06 17:16:46','2024-01-06 17:16:55','in_stock',0,'Botble\\ACL\\Models\\User',NULL,'physical',NULL,NULL,0,NULL,0),(182,'Coca-Cola Original Taste',NULL,NULL,'published','[\"products\\/48-1.jpg\"]','SW-179-A0-A1',0,20,0,1,0,4,1,0,805,563.5,NULL,NULL,12.00,20.00,19.00,650.00,NULL,0,'2024-01-06 17:16:46','2024-01-06 17:16:55','in_stock',0,'Botble\\ACL\\Models\\User',NULL,'physical',NULL,NULL,0,NULL,0),(183,'Coca-Cola Original Taste',NULL,NULL,'published','[\"products\\/48-2.jpg\"]','SW-179-A0-A2',0,20,0,1,0,4,1,0,805,668.15,NULL,NULL,12.00,20.00,19.00,650.00,NULL,0,'2024-01-06 17:16:46','2024-01-06 17:16:55','in_stock',0,'Botble\\ACL\\Models\\User',NULL,'physical',NULL,NULL,0,NULL,0),(184,'Casillero Diablo Cabernet Sauvignon (Digital)',NULL,NULL,'published','[\"products\\/49.jpg\"]','SW-169-A0',0,10,0,1,0,2,1,0,1124,NULL,NULL,NULL,12.00,20.00,16.00,790.00,NULL,0,'2024-01-06 17:16:46','2024-01-06 17:16:55','in_stock',0,'Botble\\ACL\\Models\\User',NULL,'digital',NULL,NULL,0,NULL,0),(185,'Casillero Diablo Cabernet Sauvignon (Digital)',NULL,NULL,'published','[\"products\\/49-1.jpg\"]','SW-169-A0-A1',0,10,0,1,0,2,1,0,1124,NULL,NULL,NULL,12.00,20.00,16.00,790.00,NULL,0,'2024-01-06 17:16:46','2024-01-06 17:16:55','in_stock',0,'Botble\\ACL\\Models\\User',NULL,'digital',NULL,NULL,0,NULL,0),(186,'Arla Organic Free Range Milk',NULL,NULL,'published','[\"products\\/50.jpg\"]','SW-121-A0',0,15,0,1,0,4,1,0,1075,NULL,NULL,NULL,12.00,11.00,19.00,847.00,NULL,0,'2024-01-06 17:16:46','2024-01-06 17:16:55','in_stock',0,'Botble\\ACL\\Models\\User',NULL,'physical',NULL,NULL,0,NULL,0),(187,'Arla Organic Free Range Milk',NULL,NULL,'published','[\"products\\/50-1.jpg\"]','SW-121-A0-A1',0,15,0,1,0,4,1,0,1075,NULL,NULL,NULL,12.00,11.00,19.00,847.00,NULL,0,'2024-01-06 17:16:46','2024-01-06 17:16:55','in_stock',0,'Botble\\ACL\\Models\\User',NULL,'physical',NULL,NULL,0,NULL,0),(188,'Arla Organic Free Range Milk',NULL,NULL,'published','[\"products\\/50.jpg\"]','SW-121-A0-A2',0,15,0,1,0,4,1,0,1075,NULL,NULL,NULL,12.00,11.00,19.00,847.00,NULL,0,'2024-01-06 17:16:46','2024-01-06 17:16:55','in_stock',0,'Botble\\ACL\\Models\\User',NULL,'physical',NULL,NULL,0,NULL,0),(189,'Arla Organic Free Range Milk',NULL,NULL,'published','[\"products\\/50.jpg\"]','SW-121-A0-A3',0,15,0,1,0,4,1,0,1075,NULL,NULL,NULL,12.00,11.00,19.00,847.00,NULL,0,'2024-01-06 17:16:46','2024-01-06 17:16:55','in_stock',0,'Botble\\ACL\\Models\\User',NULL,'physical',NULL,NULL,0,NULL,0),(190,'Arla Organic Free Range Milk',NULL,NULL,'published','[\"products\\/50.jpg\"]','SW-121-A0-A4',0,15,0,1,0,4,1,0,1075,NULL,NULL,NULL,12.00,11.00,19.00,847.00,NULL,0,'2024-01-06 17:16:46','2024-01-06 17:16:55','in_stock',0,'Botble\\ACL\\Models\\User',NULL,'physical',NULL,NULL,0,NULL,0),(191,'Aptamil Follow On Baby Milk',NULL,NULL,'published','[\"products\\/51.jpg\"]','SW-189-A0',0,13,0,1,0,3,1,0,790,NULL,NULL,NULL,11.00,12.00,18.00,866.00,NULL,0,'2024-01-06 17:16:46','2024-01-06 17:16:55','in_stock',0,'Botble\\ACL\\Models\\User',NULL,'physical',NULL,NULL,0,NULL,0),(192,'Aptamil Follow On Baby Milk',NULL,NULL,'published','[\"products\\/51.jpg\"]','SW-189-A0-A1',0,13,0,1,0,3,1,0,790,NULL,NULL,NULL,11.00,12.00,18.00,866.00,NULL,0,'2024-01-06 17:16:46','2024-01-06 17:16:55','in_stock',0,'Botble\\ACL\\Models\\User',NULL,'physical',NULL,NULL,0,NULL,0),(193,'Cuisinart Chef’S Classic Hard-Anodized',NULL,NULL,'published','[\"products\\/52.jpg\"]','SW-186-A0',0,15,0,1,0,3,1,0,1071,867.51,NULL,NULL,20.00,14.00,17.00,782.00,NULL,0,'2024-01-06 17:16:46','2024-01-06 17:16:55','in_stock',0,'Botble\\ACL\\Models\\User',NULL,'physical',NULL,NULL,0,NULL,0),(194,'Corn, Yellow Sweet (Digital)',NULL,NULL,'published','[\"products\\/53.jpg\"]','SW-131-A0',0,12,0,1,0,5,1,0,1209,NULL,NULL,NULL,17.00,10.00,16.00,600.00,NULL,0,'2024-01-06 17:16:46','2024-01-06 17:16:55','in_stock',0,'Botble\\ACL\\Models\\User',NULL,'digital',NULL,NULL,0,NULL,0),(195,'Corn, Yellow Sweet (Digital)',NULL,NULL,'published','[\"products\\/53-1.jpg\"]','SW-131-A0-A1',0,12,0,1,0,5,1,0,1209,NULL,NULL,NULL,17.00,10.00,16.00,600.00,NULL,0,'2024-01-06 17:16:46','2024-01-06 17:16:55','in_stock',0,'Botble\\ACL\\Models\\User',NULL,'digital',NULL,NULL,0,NULL,0),(196,'Corn, Yellow Sweet (Digital)',NULL,NULL,'published','[\"products\\/53.jpg\"]','SW-131-A0-A2',0,12,0,1,0,5,1,0,1209,NULL,NULL,NULL,17.00,10.00,16.00,600.00,NULL,0,'2024-01-06 17:16:46','2024-01-06 17:16:55','in_stock',0,'Botble\\ACL\\Models\\User',NULL,'digital',NULL,NULL,0,NULL,0),(197,'Hobnobs The Nobbly Biscuit',NULL,NULL,'published','[\"products\\/54.jpg\"]','SW-132-A0',0,12,0,1,0,3,1,0,895,NULL,NULL,NULL,18.00,17.00,13.00,593.00,NULL,0,'2024-01-06 17:16:47','2024-01-06 17:16:55','in_stock',0,'Botble\\ACL\\Models\\User',NULL,'physical',NULL,NULL,0,NULL,0),(198,'Honest Organic Still Lemonade',NULL,NULL,'published','[\"products\\/55.jpg\"]','SW-176-A0',0,15,0,1,0,2,1,0,1091,NULL,NULL,NULL,19.00,14.00,20.00,608.00,NULL,0,'2024-01-06 17:16:47','2024-01-06 17:16:55','in_stock',0,'Botble\\ACL\\Models\\User',NULL,'physical',NULL,NULL,0,NULL,0),(199,'Ice Beck’s Beer 350ml x 24 Pieces',NULL,NULL,'published','[\"products\\/56.jpg\"]','SW-139-A0',0,13,0,1,0,5,1,0,650,565.5,NULL,NULL,16.00,18.00,12.00,587.00,NULL,0,'2024-01-06 17:16:47','2024-01-06 17:16:55','in_stock',0,'Botble\\ACL\\Models\\User',NULL,'physical',NULL,NULL,0,NULL,0),(200,'Iceland 6 Hot Cross Buns (Digital)',NULL,NULL,'published','[\"products\\/57.jpg\"]','SW-180-A0',0,11,0,1,0,4,1,0,1204,NULL,NULL,NULL,10.00,18.00,20.00,879.00,NULL,0,'2024-01-06 17:16:47','2024-01-06 17:16:55','in_stock',0,'Botble\\ACL\\Models\\User',NULL,'digital',NULL,NULL,0,NULL,0),(201,'Iceland Luxury 4 Panini Rolls',NULL,NULL,'published','[\"products\\/58.jpg\"]','SW-116-A0',0,14,0,1,0,1,1,0,668,NULL,NULL,NULL,15.00,17.00,11.00,657.00,NULL,0,'2024-01-06 17:16:47','2024-01-06 17:16:55','in_stock',0,'Botble\\ACL\\Models\\User',NULL,'physical',NULL,NULL,0,NULL,0),(202,'Iceland Luxury 4 Panini Rolls',NULL,NULL,'published','[\"products\\/58-1.jpg\"]','SW-116-A0-A1',0,14,0,1,0,1,1,0,668,NULL,NULL,NULL,15.00,17.00,11.00,657.00,NULL,0,'2024-01-06 17:16:47','2024-01-06 17:16:55','in_stock',0,'Botble\\ACL\\Models\\User',NULL,'physical',NULL,NULL,0,NULL,0),(203,'Iceland Luxury 4 Panini Rolls',NULL,NULL,'published','[\"products\\/58-2.jpg\"]','SW-116-A0-A2',0,14,0,1,0,1,1,0,668,NULL,NULL,NULL,15.00,17.00,11.00,657.00,NULL,0,'2024-01-06 17:16:47','2024-01-06 17:16:55','in_stock',0,'Botble\\ACL\\Models\\User',NULL,'physical',NULL,NULL,0,NULL,0),(204,'Iceland Soft Scoop Vanilla',NULL,NULL,'published','[\"products\\/59.jpg\"]','SW-104-A0',0,14,0,1,0,1,1,0,1154,NULL,NULL,NULL,19.00,16.00,14.00,506.00,NULL,0,'2024-01-06 17:16:47','2024-01-06 17:16:55','in_stock',0,'Botble\\ACL\\Models\\User',NULL,'physical',NULL,NULL,0,NULL,0),(205,'Iceland Soft Scoop Vanilla',NULL,NULL,'published','[\"products\\/59-1.jpg\"]','SW-104-A0-A1',0,14,0,1,0,1,1,0,1154,NULL,NULL,NULL,19.00,16.00,14.00,506.00,NULL,0,'2024-01-06 17:16:47','2024-01-06 17:16:55','in_stock',0,'Botble\\ACL\\Models\\User',NULL,'physical',NULL,NULL,0,NULL,0),(206,'Iceland Soft Scoop Vanilla',NULL,NULL,'published','[\"products\\/59-2.jpg\"]','SW-104-A0-A2',0,14,0,1,0,1,1,0,1154,NULL,NULL,NULL,19.00,16.00,14.00,506.00,NULL,0,'2024-01-06 17:16:47','2024-01-06 17:16:55','in_stock',0,'Botble\\ACL\\Models\\User',NULL,'physical',NULL,NULL,0,NULL,0),(207,'Iceland Spaghetti Bolognese',NULL,NULL,'published','[\"products\\/60.jpg\"]','SW-100-A0',0,11,0,1,0,3,1,0,644,521.64,NULL,NULL,14.00,19.00,13.00,814.00,NULL,0,'2024-01-06 17:16:47','2024-01-06 17:16:55','in_stock',0,'Botble\\ACL\\Models\\User',NULL,'physical',NULL,NULL,0,NULL,0),(208,'Iceland Spaghetti Bolognese',NULL,NULL,'published','[\"products\\/60-1.jpg\"]','SW-100-A0-A1',0,11,0,1,0,3,1,0,644,463.68,NULL,NULL,14.00,19.00,13.00,814.00,NULL,0,'2024-01-06 17:16:47','2024-01-06 17:16:55','in_stock',0,'Botble\\ACL\\Models\\User',NULL,'physical',NULL,NULL,0,NULL,0),(209,'Iceland Spaghetti Bolognese',NULL,NULL,'published','[\"products\\/60-2.jpg\"]','SW-100-A0-A2',0,11,0,1,0,3,1,0,644,528.08,NULL,NULL,14.00,19.00,13.00,814.00,NULL,0,'2024-01-06 17:16:47','2024-01-06 17:16:55','in_stock',0,'Botble\\ACL\\Models\\User',NULL,'physical',NULL,NULL,0,NULL,0),(210,'Kellogg’s Coco Pops Cereal (Digital)',NULL,NULL,'published','[\"products\\/61.jpg\"]','SW-198-A0',0,15,0,1,0,2,1,0,795,NULL,NULL,NULL,17.00,11.00,17.00,757.00,NULL,0,'2024-01-06 17:16:47','2024-01-06 17:16:55','in_stock',0,'Botble\\ACL\\Models\\User',NULL,'digital',NULL,NULL,0,NULL,0),(211,'Kellogg’s Coco Pops Cereal (Digital)',NULL,NULL,'published','[\"products\\/61-1.jpg\"]','SW-198-A0-A1',0,15,0,1,0,2,1,0,795,NULL,NULL,NULL,17.00,11.00,17.00,757.00,NULL,0,'2024-01-06 17:16:47','2024-01-06 17:16:55','in_stock',0,'Botble\\ACL\\Models\\User',NULL,'digital',NULL,NULL,0,NULL,0),(212,'Kit Kat Chunky Milk Chocolate',NULL,NULL,'published','[\"products\\/62.jpg\"]','SW-151-A0',0,13,0,1,0,5,1,0,621,NULL,NULL,NULL,17.00,18.00,18.00,576.00,NULL,0,'2024-01-06 17:16:47','2024-01-06 17:16:55','in_stock',0,'Botble\\ACL\\Models\\User',NULL,'physical',NULL,NULL,0,NULL,0),(213,'Large Green Bell Pepper',NULL,NULL,'published','[\"products\\/63.jpg\"]','SW-139-A0',0,20,0,1,0,4,1,0,1299,NULL,NULL,NULL,17.00,20.00,11.00,552.00,NULL,0,'2024-01-06 17:16:47','2024-01-06 17:16:55','in_stock',0,'Botble\\ACL\\Models\\User',NULL,'physical',NULL,NULL,0,NULL,0),(214,'Large Green Bell Pepper',NULL,NULL,'published','[\"products\\/63-1.jpg\"]','SW-139-A0-A1',0,20,0,1,0,4,1,0,1299,NULL,NULL,NULL,17.00,20.00,11.00,552.00,NULL,0,'2024-01-06 17:16:47','2024-01-06 17:16:55','in_stock',0,'Botble\\ACL\\Models\\User',NULL,'physical',NULL,NULL,0,NULL,0),(215,'Large Green Bell Pepper',NULL,NULL,'published','[\"products\\/63.jpg\"]','SW-139-A0-A2',0,20,0,1,0,4,1,0,1299,NULL,NULL,NULL,17.00,20.00,11.00,552.00,NULL,0,'2024-01-06 17:16:47','2024-01-06 17:16:55','in_stock',0,'Botble\\ACL\\Models\\User',NULL,'physical',NULL,NULL,0,NULL,0),(216,'Large Green Bell Pepper',NULL,NULL,'published','[\"products\\/63.jpg\"]','SW-139-A0-A3',0,20,0,1,0,4,1,0,1299,NULL,NULL,NULL,17.00,20.00,11.00,552.00,NULL,0,'2024-01-06 17:16:47','2024-01-06 17:16:55','in_stock',0,'Botble\\ACL\\Models\\User',NULL,'physical',NULL,NULL,0,NULL,0),(217,'Pice 94w Beasley Journal',NULL,NULL,'published','[\"products\\/64.jpg\"]','SW-125-A0',0,16,0,1,0,1,1,0,508,447.04,NULL,NULL,18.00,13.00,16.00,848.00,NULL,0,'2024-01-06 17:16:47','2024-01-06 17:16:55','in_stock',0,'Botble\\ACL\\Models\\User',NULL,'physical',NULL,NULL,0,NULL,0),(218,'Pice 94w Beasley Journal',NULL,NULL,'published','[\"products\\/64-1.jpg\"]','SW-125-A0-A1',0,16,0,1,0,1,1,0,508,447.04,NULL,NULL,18.00,13.00,16.00,848.00,NULL,0,'2024-01-06 17:16:47','2024-01-06 17:16:55','in_stock',0,'Botble\\ACL\\Models\\User',NULL,'physical',NULL,NULL,0,NULL,0),(219,'Province Piece Glass Drinking Glass (Digital)',NULL,NULL,'published','[\"products\\/65.jpg\"]','SW-187-A0',0,11,0,1,0,2,1,0,568,NULL,NULL,NULL,14.00,10.00,17.00,833.00,NULL,0,'2024-01-06 17:16:47','2024-01-06 17:16:55','in_stock',0,'Botble\\ACL\\Models\\User',NULL,'digital',NULL,NULL,0,NULL,0);
/*!40000 ALTER TABLE `ec_products` ENABLE KEYS */;
UNLOCK TABLES;

--
-- Table structure for table `ec_products_translations`
--

DROP TABLE IF EXISTS `ec_products_translations`;
/*!40101 SET @saved_cs_client     = @@character_set_client */;
/*!50503 SET character_set_client = utf8mb4 */;
CREATE TABLE `ec_products_translations` (
  `lang_code` varchar(191) COLLATE utf8mb4_unicode_ci NOT NULL,
  `ec_products_id` bigint unsigned NOT NULL,
  `name` varchar(191) COLLATE utf8mb4_unicode_ci DEFAULT NULL,
  `description` text COLLATE utf8mb4_unicode_ci,
  `content` text COLLATE utf8mb4_unicode_ci,
  PRIMARY KEY (`lang_code`,`ec_products_id`)
) ENGINE=InnoDB DEFAULT CHARSET=utf8mb4 COLLATE=utf8mb4_unicode_ci;
/*!40101 SET character_set_client = @saved_cs_client */;

--
-- Dumping data for table `ec_products_translations`
--

LOCK TABLES `ec_products_translations` WRITE;
/*!40000 ALTER TABLE `ec_products_translations` DISABLE KEYS */;
/*!40000 ALTER TABLE `ec_products_translations` ENABLE KEYS */;
UNLOCK TABLES;

--
-- Table structure for table `ec_review_replies`
--

DROP TABLE IF EXISTS `ec_review_replies`;
/*!40101 SET @saved_cs_client     = @@character_set_client */;
/*!50503 SET character_set_client = utf8mb4 */;
CREATE TABLE `ec_review_replies` (
  `id` bigint unsigned NOT NULL AUTO_INCREMENT,
  `user_id` bigint unsigned NOT NULL,
  `review_id` bigint unsigned NOT NULL,
  `message` text COLLATE utf8mb4_unicode_ci NOT NULL,
  `created_at` timestamp NULL DEFAULT NULL,
  `updated_at` timestamp NULL DEFAULT NULL,
  PRIMARY KEY (`id`),
  UNIQUE KEY `ec_review_replies_review_id_user_id_unique` (`review_id`,`user_id`)
) ENGINE=InnoDB DEFAULT CHARSET=utf8mb4 COLLATE=utf8mb4_unicode_ci;
/*!40101 SET character_set_client = @saved_cs_client */;

--
-- Dumping data for table `ec_review_replies`
--

LOCK TABLES `ec_review_replies` WRITE;
/*!40000 ALTER TABLE `ec_review_replies` DISABLE KEYS */;
/*!40000 ALTER TABLE `ec_review_replies` ENABLE KEYS */;
UNLOCK TABLES;

--
-- Table structure for table `ec_reviews`
--

DROP TABLE IF EXISTS `ec_reviews`;
/*!40101 SET @saved_cs_client     = @@character_set_client */;
/*!50503 SET character_set_client = utf8mb4 */;
CREATE TABLE `ec_reviews` (
  `id` bigint unsigned NOT NULL AUTO_INCREMENT,
  `customer_id` bigint unsigned NOT NULL,
  `product_id` bigint unsigned NOT NULL,
  `star` double(8,2) NOT NULL,
  `comment` text COLLATE utf8mb4_unicode_ci NOT NULL,
  `status` varchar(60) COLLATE utf8mb4_unicode_ci NOT NULL DEFAULT 'published',
  `created_at` timestamp NULL DEFAULT NULL,
  `updated_at` timestamp NULL DEFAULT NULL,
  `images` text COLLATE utf8mb4_unicode_ci,
  PRIMARY KEY (`id`),
  UNIQUE KEY `ec_reviews_product_id_customer_id_unique` (`product_id`,`customer_id`),
  KEY `ec_reviews_product_id_customer_id_status_created_at_index` (`product_id`,`customer_id`,`status`,`created_at`),
  KEY `review_relation_index` (`product_id`,`customer_id`,`status`)
) ENGINE=InnoDB AUTO_INCREMENT=1001 DEFAULT CHARSET=utf8mb4 COLLATE=utf8mb4_unicode_ci;
/*!40101 SET character_set_client = @saved_cs_client */;

--
-- Dumping data for table `ec_reviews`
--

LOCK TABLES `ec_reviews` WRITE;
/*!40000 ALTER TABLE `ec_reviews` DISABLE KEYS */;
INSERT INTO `ec_reviews` VALUES (1,9,22,2.00,'The best ecommerce CMS! Excellent coding! best support service! Thank you so much..... I really like your hard work.','published','2024-01-06 17:16:50','2024-01-06 17:16:50','[\"products\\/28.jpg\"]'),(2,10,29,5.00,'For me the best eCommerce script on Envato at this moment: modern, clean code, a lot of great features. The customer support is great too: I always get an answer within hours!','published','2024-01-06 17:16:50','2024-01-06 17:16:50','[\"products\\/26.jpg\",\"products\\/43-1.jpg\",\"products\\/59-1.jpg\",\"products\\/60.jpg\"]'),(4,6,23,4.00,'It\'s not my first experience here on Codecanyon and I can honestly tell you all that Botble puts a LOT of effort into the support. They answer so fast, they helped me tons of times. REALLY by far THE BEST EXPERIENCE on Codecanyon. Those guys at Botble are so good that they deserve 5 stars. I recommend them, I trust them and I can\'t wait to see what they will sell in a near future. Thank you Botble :)','published','2024-01-06 17:16:50','2024-01-06 17:16:50','[\"products\\/35.jpg\"]'),(5,10,16,4.00,'Good app, good backup service and support. Good documentation.','published','2024-01-06 17:16:50','2024-01-06 17:16:50','[\"products\\/6.jpg\"]'),(6,1,19,5.00,'Best ecommerce CMS online store!','published','2024-01-06 17:16:50','2024-01-06 17:16:50','[\"products\\/7.jpg\",\"products\\/58-2.jpg\"]'),(7,6,53,5.00,'Perfect +++++++++ i love it really also i get to fast ticket answers... Thanks Lot BOTBLE Teams','published','2024-01-06 17:16:50','2024-01-06 17:16:50','[\"products\\/10.jpg\",\"products\\/12.jpg\",\"products\\/21-2.jpg\",\"products\\/36-1.jpg\"]'),(8,3,65,5.00,'Good app, good backup service and support. Good documentation.','published','2024-01-06 17:16:50','2024-01-06 17:16:50','[\"products\\/43.jpg\"]'),(9,10,55,2.00,'We have received brilliant service support and will be expanding the features with the developer. Nice product!','published','2024-01-06 17:16:50','2024-01-06 17:16:50','[\"products\\/20-1.jpg\",\"products\\/26.jpg\",\"products\\/36-2.jpg\",\"products\\/65.jpg\"]'),(10,7,64,4.00,'The code is good, in general, if you like it, can you give it 5 stars?','published','2024-01-06 17:16:50','2024-01-06 17:16:50','[\"products\\/2-1.jpg\",\"products\\/17.jpg\",\"products\\/40-1.jpg\",\"products\\/47-1.jpg\"]'),(11,3,55,2.00,'Ok good product. I have some issues in customizations. But its not correct to blame the developer. The product is good. Good luck for your business.','published','2024-01-06 17:16:50','2024-01-06 17:16:50','[\"products\\/11.jpg\",\"products\\/22-2.jpg\"]'),(12,8,39,1.00,'Customer Support are grade (A*), however the code is a way too over engineered for it\'s purpose.','published','2024-01-06 17:16:50','2024-01-06 17:16:50','[\"products\\/8-1.jpg\",\"products\\/29-1.jpg\",\"products\\/39-1.jpg\"]'),(13,3,24,4.00,'Great system, great support, good job Botble. I\'m looking forward to more great functional plugins.','published','2024-01-06 17:16:50','2024-01-06 17:16:50','[\"products\\/8-2.jpg\",\"products\\/23-3.jpg\",\"products\\/60-1.jpg\"]'),(14,3,39,5.00,'It\'s not my first experience here on Codecanyon and I can honestly tell you all that Botble puts a LOT of effort into the support. They answer so fast, they helped me tons of times. REALLY by far THE BEST EXPERIENCE on Codecanyon. Those guys at Botble are so good that they deserve 5 stars. I recommend them, I trust them and I can\'t wait to see what they will sell in a near future. Thank you Botble :)','published','2024-01-06 17:16:50','2024-01-06 17:16:50','[\"products\\/2-2.jpg\",\"products\\/8.jpg\",\"products\\/54-1.jpg\",\"products\\/62.jpg\"]'),(15,8,13,2.00,'It\'s not my first experience here on Codecanyon and I can honestly tell you all that Botble puts a LOT of effort into the support. They answer so fast, they helped me tons of times. REALLY by far THE BEST EXPERIENCE on Codecanyon. Those guys at Botble are so good that they deserve 5 stars. I recommend them, I trust them and I can\'t wait to see what they will sell in a near future. Thank you Botble :)','published','2024-01-06 17:16:50','2024-01-06 17:16:50','[\"products\\/12-3.jpg\",\"products\\/38-3.jpg\",\"products\\/47.jpg\"]'),(16,10,48,2.00,'I Love this Script. I also found how to add other fees. Now I just wait the BIG update for the Marketplace with the Bulk Import. Just do not forget to make it to be Multi-language for us the Botble Fans.','published','2024-01-06 17:16:50','2024-01-06 17:16:50','[\"products\\/9-1.jpg\",\"products\\/20-2.jpg\",\"products\\/41-2.jpg\",\"products\\/54-1.jpg\"]'),(17,10,41,5.00,'I Love this Script. I also found how to add other fees. Now I just wait the BIG update for the Marketplace with the Bulk Import. Just do not forget to make it to be Multi-language for us the Botble Fans.','published','2024-01-06 17:16:50','2024-01-06 17:16:50','[\"products\\/11-3.jpg\",\"products\\/38-2.jpg\"]'),(18,6,36,1.00,'Great system, great support, good job Botble. I\'m looking forward to more great functional plugins.','published','2024-01-06 17:16:50','2024-01-06 17:16:50','[\"products\\/11-2.jpg\",\"products\\/17-2.jpg\",\"products\\/23-2.jpg\",\"products\\/48-2.jpg\"]'),(19,4,50,1.00,'This web app is really good in design, code quality & features. Besides, the customer support provided by the Botble team was really fast & helpful. You guys are awesome!','published','2024-01-06 17:16:50','2024-01-06 17:16:50','[\"products\\/2-2.jpg\",\"products\\/38.jpg\"]'),(20,8,7,1.00,'Second or third time that I buy a Botble product, happy with the products and support. You guys do a good job :)','published','2024-01-06 17:16:50','2024-01-06 17:16:50','[\"products\\/48.jpg\",\"products\\/57.jpg\"]'),(21,7,4,4.00,'I Love this Script. I also found how to add other fees. Now I just wait the BIG update for the Marketplace with the Bulk Import. Just do not forget to make it to be Multi-language for us the Botble Fans.','published','2024-01-06 17:16:50','2024-01-06 17:16:50','[\"products\\/33.jpg\",\"products\\/41.jpg\",\"products\\/56.jpg\"]'),(22,5,44,5.00,'It\'s not my first experience here on Codecanyon and I can honestly tell you all that Botble puts a LOT of effort into the support. They answer so fast, they helped me tons of times. REALLY by far THE BEST EXPERIENCE on Codecanyon. Those guys at Botble are so good that they deserve 5 stars. I recommend them, I trust them and I can\'t wait to see what they will sell in a near future. Thank you Botble :)','published','2024-01-06 17:16:50','2024-01-06 17:16:50','[\"products\\/8-3.jpg\",\"products\\/40.jpg\"]'),(23,6,37,3.00,'We have received brilliant service support and will be expanding the features with the developer. Nice product!','published','2024-01-06 17:16:50','2024-01-06 17:16:50','[\"products\\/2.jpg\",\"products\\/42-2.jpg\"]'),(24,6,2,2.00,'Clean & perfect source code','published','2024-01-06 17:16:50','2024-01-06 17:16:50','[\"products\\/37.jpg\",\"products\\/40.jpg\",\"products\\/41-2.jpg\"]'),(25,9,18,3.00,'Amazing code, amazing support. Overall, im really confident in Botble and im happy I made the right choice! Thank you so much guys for coding this masterpiece','published','2024-01-06 17:16:50','2024-01-06 17:16:50','[\"products\\/39-1.jpg\"]'),(26,3,50,4.00,'The best ecommerce CMS! Excellent coding! best support service! Thank you so much..... I really like your hard work.','published','2024-01-06 17:16:50','2024-01-06 17:16:50','[\"products\\/52-2.jpg\"]'),(27,4,47,5.00,'We have received brilliant service support and will be expanding the features with the developer. Nice product!','published','2024-01-06 17:16:50','2024-01-06 17:16:50','[\"products\\/10-2.jpg\",\"products\\/23-2.jpg\",\"products\\/32-2.jpg\"]'),(28,4,45,1.00,'This web app is really good in design, code quality & features. Besides, the customer support provided by the Botble team was really fast & helpful. You guys are awesome!','published','2024-01-06 17:16:50','2024-01-06 17:16:50','[\"products\\/4.jpg\",\"products\\/12-3.jpg\",\"products\\/43.jpg\",\"products\\/55.jpg\"]'),(29,2,50,3.00,'Best ecommerce CMS online store!','published','2024-01-06 17:16:50','2024-01-06 17:16:50','[\"products\\/11.jpg\",\"products\\/12-3.jpg\",\"products\\/29.jpg\"]'),(30,7,17,1.00,'Amazing code, amazing support. Overall, im really confident in Botble and im happy I made the right choice! Thank you so much guys for coding this masterpiece','published','2024-01-06 17:16:50','2024-01-06 17:16:50','[\"products\\/5-3.jpg\"]'),(31,1,6,1.00,'These guys are amazing! Responses immediately, amazing support and help... I immediately feel at ease after Purchasing..','published','2024-01-06 17:16:50','2024-01-06 17:16:50','[\"products\\/18-2.jpg\",\"products\\/65-1.jpg\"]'),(32,5,39,1.00,'The script is the best of its class, fast, easy to implement and work with , and the most important thing is the great support team , Recommend with no doubt.','published','2024-01-06 17:16:50','2024-01-06 17:16:50','[\"products\\/3.jpg\",\"products\\/17.jpg\",\"products\\/25-2.jpg\"]'),(33,6,29,2.00,'Second or third time that I buy a Botble product, happy with the products and support. You guys do a good job :)','published','2024-01-06 17:16:50','2024-01-06 17:16:50','[\"products\\/12-1.jpg\",\"products\\/17-2.jpg\"]'),(34,6,48,2.00,'Good app, good backup service and support. Good documentation.','published','2024-01-06 17:16:50','2024-01-06 17:16:50','[\"products\\/21-2.jpg\",\"products\\/23-3.jpg\",\"products\\/34-1.jpg\",\"products\\/34.jpg\"]'),(35,10,47,2.00,'The best ecommerce CMS! Excellent coding! best support service! Thank you so much..... I really like your hard work.','published','2024-01-06 17:16:50','2024-01-06 17:16:50','[\"products\\/11.jpg\",\"products\\/20-3.jpg\",\"products\\/42-1.jpg\",\"products\\/64-1.jpg\"]'),(36,3,27,5.00,'Very enthusiastic support! Excellent code is written. It\'s a true pleasure working with.','published','2024-01-06 17:16:50','2024-01-06 17:16:50','[\"products\\/8-2.jpg\",\"products\\/27.jpg\",\"products\\/49.jpg\"]'),(37,10,38,5.00,'Very enthusiastic support! Excellent code is written. It\'s a true pleasure working with.','published','2024-01-06 17:16:50','2024-01-06 17:16:50','[\"products\\/55-1.jpg\"]'),(38,8,40,2.00,'Cool template. Excellent code quality. The support responds very quickly, which is very rare on themeforest and codecanyon.net, I buy a lot of templates, and everyone will have a response from technical support for two or three days. Thanks to tech support. I recommend to buy.','published','2024-01-06 17:16:50','2024-01-06 17:16:50','[\"products\\/18-1.jpg\",\"products\\/21-1.jpg\",\"products\\/46.jpg\",\"products\\/53-1.jpg\"]'),(39,2,2,1.00,'The best store template! Excellent coding! Very good support! Thank you so much for all the help, I really appreciated.','published','2024-01-06 17:16:50','2024-01-06 17:16:50','[\"products\\/8-1.jpg\",\"products\\/19-1.jpg\",\"products\\/28.jpg\",\"products\\/41.jpg\"]'),(40,3,47,5.00,'This script is well coded and is super fast. The support is pretty quick. Very patient and helpful team. I strongly recommend it and they deserve more than 5 stars.','published','2024-01-06 17:16:50','2024-01-06 17:16:50','[\"products\\/25-2.jpg\",\"products\\/32-1.jpg\",\"products\\/35.jpg\",\"products\\/44-1.jpg\"]'),(41,8,49,3.00,'It\'s not my first experience here on Codecanyon and I can honestly tell you all that Botble puts a LOT of effort into the support. They answer so fast, they helped me tons of times. REALLY by far THE BEST EXPERIENCE on Codecanyon. Those guys at Botble are so good that they deserve 5 stars. I recommend them, I trust them and I can\'t wait to see what they will sell in a near future. Thank you Botble :)','published','2024-01-06 17:16:50','2024-01-06 17:16:50','[\"products\\/16.jpg\"]'),(42,9,10,4.00,'The best ecommerce CMS! Excellent coding! best support service! Thank you so much..... I really like your hard work.','published','2024-01-06 17:16:50','2024-01-06 17:16:50','[\"products\\/56-2.jpg\"]'),(43,6,7,3.00,'Second or third time that I buy a Botble product, happy with the products and support. You guys do a good job :)','published','2024-01-06 17:16:50','2024-01-06 17:16:50','[\"products\\/22-3.jpg\",\"products\\/33-2.jpg\",\"products\\/50-1.jpg\"]'),(44,3,38,2.00,'Those guys now what they are doing, the release such a good product that it\'s a pleasure to work with ! Even when I was stuck on the project, I created a ticket and the next day it was replied by the team. GOOD JOB guys. I love working with them :)','published','2024-01-06 17:16:50','2024-01-06 17:16:50','[\"products\\/10-1.jpg\"]'),(45,8,8,4.00,'Those guys now what they are doing, the release such a good product that it\'s a pleasure to work with ! Even when I was stuck on the project, I created a ticket and the next day it was replied by the team. GOOD JOB guys. I love working with them :)','published','2024-01-06 17:16:50','2024-01-06 17:16:50','[\"products\\/11-2.jpg\",\"products\\/39-1.jpg\",\"products\\/55.jpg\",\"products\\/56-2.jpg\"]'),(46,2,18,5.00,'The script is the best of its class, fast, easy to implement and work with , and the most important thing is the great support team , Recommend with no doubt.','published','2024-01-06 17:16:50','2024-01-06 17:16:50','[\"products\\/35-1.jpg\",\"products\\/59.jpg\"]'),(48,4,65,2.00,'The best store template! Excellent coding! Very good support! Thank you so much for all the help, I really appreciated.','published','2024-01-06 17:16:50','2024-01-06 17:16:50','[\"products\\/17.jpg\",\"products\\/39-2.jpg\"]'),(50,8,46,4.00,'As a developer I reviewed this script. This is really awesome ecommerce script. I have convinced when I noticed that it\'s built on fully WordPress concept.','published','2024-01-06 17:16:50','2024-01-06 17:16:50','[\"products\\/10-2.jpg\",\"products\\/23-2.jpg\",\"products\\/36-1.jpg\",\"products\\/47.jpg\"]'),(51,3,10,1.00,'Ok good product. I have some issues in customizations. But its not correct to blame the developer. The product is good. Good luck for your business.','published','2024-01-06 17:16:50','2024-01-06 17:16:50','[\"products\\/18-3.jpg\",\"products\\/49.jpg\"]'),(52,10,5,4.00,'Perfect +++++++++ i love it really also i get to fast ticket answers... Thanks Lot BOTBLE Teams','published','2024-01-06 17:16:50','2024-01-06 17:16:50','[\"products\\/5-1.jpg\"]'),(53,2,61,3.00,'The code is good, in general, if you like it, can you give it 5 stars?','published','2024-01-06 17:16:50','2024-01-06 17:16:50','[\"products\\/27.jpg\",\"products\\/41-1.jpg\"]'),(54,2,65,1.00,'As a developer I reviewed this script. This is really awesome ecommerce script. I have convinced when I noticed that it\'s built on fully WordPress concept.','published','2024-01-06 17:16:50','2024-01-06 17:16:50','[\"products\\/3.jpg\",\"products\\/4-3.jpg\",\"products\\/20.jpg\",\"products\\/22.jpg\"]'),(55,1,48,1.00,'Solution is too robust for our purpose so we didn\'t use it at the end. But I appreciate customer support during initial configuration.','published','2024-01-06 17:16:50','2024-01-06 17:16:50','[\"products\\/37-1.jpg\",\"products\\/48-1.jpg\",\"products\\/51.jpg\",\"products\\/53.jpg\"]'),(56,10,60,2.00,'Great system, great support, good job Botble. I\'m looking forward to more great functional plugins.','published','2024-01-06 17:16:50','2024-01-06 17:16:50','[\"products\\/44-2.jpg\"]'),(57,3,7,3.00,'Those guys now what they are doing, the release such a good product that it\'s a pleasure to work with ! Even when I was stuck on the project, I created a ticket and the next day it was replied by the team. GOOD JOB guys. I love working with them :)','published','2024-01-06 17:16:50','2024-01-06 17:16:50','[\"products\\/18.jpg\",\"products\\/39.jpg\",\"products\\/65.jpg\"]'),(58,8,19,5.00,'Great system, great support, good job Botble. I\'m looking forward to more great functional plugins.','published','2024-01-06 17:16:50','2024-01-06 17:16:50','[\"products\\/30-2.jpg\",\"products\\/30.jpg\",\"products\\/57.jpg\"]'),(59,10,45,4.00,'Solution is too robust for our purpose so we didn\'t use it at the end. But I appreciate customer support during initial configuration.','published','2024-01-06 17:16:50','2024-01-06 17:16:50','[\"products\\/44-2.jpg\"]'),(60,5,61,2.00,'Clean & perfect source code','published','2024-01-06 17:16:50','2024-01-06 17:16:50','[\"products\\/38.jpg\",\"products\\/62-1.jpg\"]'),(61,9,28,4.00,'The code is good, in general, if you like it, can you give it 5 stars?','published','2024-01-06 17:16:50','2024-01-06 17:16:50','[\"products\\/8-1.jpg\",\"products\\/64-1.jpg\"]'),(62,7,34,1.00,'This script is well coded and is super fast. The support is pretty quick. Very patient and helpful team. I strongly recommend it and they deserve more than 5 stars.','published','2024-01-06 17:16:50','2024-01-06 17:16:50','[\"products\\/43.jpg\"]'),(64,8,51,1.00,'As a developer I reviewed this script. This is really awesome ecommerce script. I have convinced when I noticed that it\'s built on fully WordPress concept.','published','2024-01-06 17:16:50','2024-01-06 17:16:50','[\"products\\/21.jpg\",\"products\\/28.jpg\"]'),(65,8,65,4.00,'Amazing code, amazing support. Overall, im really confident in Botble and im happy I made the right choice! Thank you so much guys for coding this masterpiece','published','2024-01-06 17:16:50','2024-01-06 17:16:50','[\"products\\/8-1.jpg\",\"products\\/37-1.jpg\",\"products\\/52-1.jpg\"]'),(66,2,54,5.00,'The best store template! Excellent coding! Very good support! Thank you so much for all the help, I really appreciated.','published','2024-01-06 17:16:50','2024-01-06 17:16:50','[\"products\\/36-1.jpg\",\"products\\/64-1.jpg\"]'),(67,2,11,3.00,'Amazing code, amazing support. Overall, im really confident in Botble and im happy I made the right choice! Thank you so much guys for coding this masterpiece','published','2024-01-06 17:16:50','2024-01-06 17:16:50','[\"products\\/8-3.jpg\",\"products\\/30-1.jpg\",\"products\\/33-1.jpg\",\"products\\/53-1.jpg\"]'),(68,9,8,4.00,'The script is the best of its class, fast, easy to implement and work with , and the most important thing is the great support team , Recommend with no doubt.','published','2024-01-06 17:16:50','2024-01-06 17:16:50','[\"products\\/5-2.jpg\",\"products\\/27-1.jpg\",\"products\\/38-2.jpg\",\"products\\/61-1.jpg\"]'),(69,10,25,5.00,'It\'s not my first experience here on Codecanyon and I can honestly tell you all that Botble puts a LOT of effort into the support. They answer so fast, they helped me tons of times. REALLY by far THE BEST EXPERIENCE on Codecanyon. Those guys at Botble are so good that they deserve 5 stars. I recommend them, I trust them and I can\'t wait to see what they will sell in a near future. Thank you Botble :)','published','2024-01-06 17:16:50','2024-01-06 17:16:50','[\"products\\/2-2.jpg\"]'),(70,6,4,4.00,'Ok good product. I have some issues in customizations. But its not correct to blame the developer. The product is good. Good luck for your business.','published','2024-01-06 17:16:50','2024-01-06 17:16:50','[\"products\\/25.jpg\",\"products\\/63.jpg\"]'),(71,9,24,4.00,'As a developer I reviewed this script. This is really awesome ecommerce script. I have convinced when I noticed that it\'s built on fully WordPress concept.','published','2024-01-06 17:16:50','2024-01-06 17:16:50','[\"products\\/22-1.jpg\",\"products\\/29-2.jpg\",\"products\\/52-1.jpg\"]'),(75,9,21,2.00,'Best ecommerce CMS online store!','published','2024-01-06 17:16:50','2024-01-06 17:16:50','[\"products\\/11.jpg\",\"products\\/18-3.jpg\",\"products\\/48-1.jpg\"]'),(77,5,31,4.00,'Clean & perfect source code','published','2024-01-06 17:16:50','2024-01-06 17:16:50','[\"products\\/19.jpg\"]'),(79,10,51,2.00,'Second or third time that I buy a Botble product, happy with the products and support. You guys do a good job :)','published','2024-01-06 17:16:50','2024-01-06 17:16:50','[\"products\\/29-1.jpg\"]'),(80,2,55,4.00,'Perfect +++++++++ i love it really also i get to fast ticket answers... Thanks Lot BOTBLE Teams','published','2024-01-06 17:16:50','2024-01-06 17:16:50','[\"products\\/6.jpg\",\"products\\/44-1.jpg\",\"products\\/51.jpg\",\"products\\/58-1.jpg\"]'),(81,4,24,4.00,'We have received brilliant service support and will be expanding the features with the developer. Nice product!','published','2024-01-06 17:16:50','2024-01-06 17:16:50','[\"products\\/19-1.jpg\",\"products\\/64-1.jpg\"]'),(82,3,29,4.00,'The best store template! Excellent coding! Very good support! Thank you so much for all the help, I really appreciated.','published','2024-01-06 17:16:50','2024-01-06 17:16:50','[\"products\\/5.jpg\",\"products\\/23-1.jpg\",\"products\\/33-2.jpg\",\"products\\/42-2.jpg\"]'),(83,2,53,2.00,'Customer Support are grade (A*), however the code is a way too over engineered for it\'s purpose.','published','2024-01-06 17:16:50','2024-01-06 17:16:50','[\"products\\/13.jpg\"]'),(84,8,43,1.00,'These guys are amazing! Responses immediately, amazing support and help... I immediately feel at ease after Purchasing..','published','2024-01-06 17:16:50','2024-01-06 17:16:50','[\"products\\/8-3.jpg\",\"products\\/22-3.jpg\",\"products\\/58.jpg\"]'),(85,6,1,3.00,'Great E-commerce system. And much more : Wonderful Customer Support.','published','2024-01-06 17:16:50','2024-01-06 17:16:50','[\"products\\/21-1.jpg\",\"products\\/33-2.jpg\",\"products\\/47.jpg\",\"products\\/55-2.jpg\"]'),(86,3,58,5.00,'Amazing code, amazing support. Overall, im really confident in Botble and im happy I made the right choice! Thank you so much guys for coding this masterpiece','published','2024-01-06 17:16:50','2024-01-06 17:16:50','[\"products\\/13-1.jpg\",\"products\\/38-1.jpg\"]'),(87,1,45,2.00,'This script is well coded and is super fast. The support is pretty quick. Very patient and helpful team. I strongly recommend it and they deserve more than 5 stars.','published','2024-01-06 17:16:50','2024-01-06 17:16:50','[\"products\\/33-1.jpg\"]'),(88,4,64,3.00,'Amazing code, amazing support. Overall, im really confident in Botble and im happy I made the right choice! Thank you so much guys for coding this masterpiece','published','2024-01-06 17:16:50','2024-01-06 17:16:50','[\"products\\/22-1.jpg\",\"products\\/44.jpg\"]'),(89,2,36,3.00,'Great E-commerce system. And much more : Wonderful Customer Support.','published','2024-01-06 17:16:50','2024-01-06 17:16:50','[\"products\\/30.jpg\",\"products\\/31.jpg\",\"products\\/38-2.jpg\",\"products\\/50.jpg\"]'),(91,2,16,1.00,'Best ecommerce CMS online store!','published','2024-01-06 17:16:50','2024-01-06 17:16:50','[\"products\\/11-3.jpg\",\"products\\/11.jpg\",\"products\\/39.jpg\"]'),(93,7,53,5.00,'Ok good product. I have some issues in customizations. But its not correct to blame the developer. The product is good. Good luck for your business.','published','2024-01-06 17:16:50','2024-01-06 17:16:50','[\"products\\/1.jpg\",\"products\\/37.jpg\",\"products\\/53.jpg\"]'),(94,3,25,4.00,'These guys are amazing! Responses immediately, amazing support and help... I immediately feel at ease after Purchasing..','published','2024-01-06 17:16:50','2024-01-06 17:16:50','[\"products\\/2-1.jpg\",\"products\\/43-1.jpg\",\"products\\/63-1.jpg\"]'),(96,7,20,2.00,'It\'s not my first experience here on Codecanyon and I can honestly tell you all that Botble puts a LOT of effort into the support. They answer so fast, they helped me tons of times. REALLY by far THE BEST EXPERIENCE on Codecanyon. Those guys at Botble are so good that they deserve 5 stars. I recommend them, I trust them and I can\'t wait to see what they will sell in a near future. Thank you Botble :)','published','2024-01-06 17:16:50','2024-01-06 17:16:50','[\"products\\/31-1.jpg\",\"products\\/45-1.jpg\",\"products\\/49.jpg\"]'),(97,1,22,5.00,'For me the best eCommerce script on Envato at this moment: modern, clean code, a lot of great features. The customer support is great too: I always get an answer within hours!','published','2024-01-06 17:16:50','2024-01-06 17:16:50','[\"products\\/15.jpg\"]'),(98,7,52,4.00,'Very enthusiastic support! Excellent code is written. It\'s a true pleasure working with.','published','2024-01-06 17:16:50','2024-01-06 17:16:50','[\"products\\/15.jpg\",\"products\\/32.jpg\",\"products\\/48-2.jpg\",\"products\\/62.jpg\"]'),(99,3,52,3.00,'We have received brilliant service support and will be expanding the features with the developer. Nice product!','published','2024-01-06 17:16:50','2024-01-06 17:16:50','[\"products\\/24-1.jpg\",\"products\\/41-1.jpg\"]'),(100,8,21,1.00,'Customer Support are grade (A*), however the code is a way too over engineered for it\'s purpose.','published','2024-01-06 17:16:50','2024-01-06 17:16:50','[\"products\\/13.jpg\",\"products\\/45.jpg\"]'),(101,2,37,3.00,'Solution is too robust for our purpose so we didn\'t use it at the end. But I appreciate customer support during initial configuration.','published','2024-01-06 17:16:50','2024-01-06 17:16:50','[\"products\\/14.jpg\",\"products\\/17-2.jpg\",\"products\\/29.jpg\",\"products\\/56.jpg\"]'),(102,1,41,1.00,'This script is well coded and is super fast. The support is pretty quick. Very patient and helpful team. I strongly recommend it and they deserve more than 5 stars.','published','2024-01-06 17:16:50','2024-01-06 17:16:50','[\"products\\/24-2.jpg\",\"products\\/55.jpg\",\"products\\/56.jpg\"]'),(103,1,33,4.00,'Those guys now what they are doing, the release such a good product that it\'s a pleasure to work with ! Even when I was stuck on the project, I created a ticket and the next day it was replied by the team. GOOD JOB guys. I love working with them :)','published','2024-01-06 17:16:50','2024-01-06 17:16:50','[\"products\\/28-2.jpg\"]'),(104,3,43,1.00,'Clean & perfect source code','published','2024-01-06 17:16:50','2024-01-06 17:16:50','[\"products\\/2.jpg\",\"products\\/14.jpg\",\"products\\/17-1.jpg\",\"products\\/41-2.jpg\"]'),(105,2,42,3.00,'The script is the best of its class, fast, easy to implement and work with , and the most important thing is the great support team , Recommend with no doubt.','published','2024-01-06 17:16:50','2024-01-06 17:16:50','[\"products\\/23-1.jpg\",\"products\\/25-2.jpg\",\"products\\/45.jpg\"]'),(106,5,51,3.00,'As a developer I reviewed this script. This is really awesome ecommerce script. I have convinced when I noticed that it\'s built on fully WordPress concept.','published','2024-01-06 17:16:50','2024-01-06 17:16:50','[\"products\\/26.jpg\",\"products\\/29.jpg\",\"products\\/34-1.jpg\",\"products\\/48-1.jpg\"]'),(107,6,60,1.00,'As a developer I reviewed this script. This is really awesome ecommerce script. I have convinced when I noticed that it\'s built on fully WordPress concept.','published','2024-01-06 17:16:50','2024-01-06 17:16:50','[\"products\\/2-2.jpg\",\"products\\/50-1.jpg\"]'),(109,10,31,3.00,'Cool template. Excellent code quality. The support responds very quickly, which is very rare on themeforest and codecanyon.net, I buy a lot of templates, and everyone will have a response from technical support for two or three days. Thanks to tech support. I recommend to buy.','published','2024-01-06 17:16:50','2024-01-06 17:16:50','[\"products\\/12-2.jpg\"]'),(110,9,20,3.00,'The best store template! Excellent coding! Very good support! Thank you so much for all the help, I really appreciated.','published','2024-01-06 17:16:50','2024-01-06 17:16:50','[\"products\\/23.jpg\",\"products\\/59-3.jpg\"]'),(111,9,19,5.00,'As a developer I reviewed this script. This is really awesome ecommerce script. I have convinced when I noticed that it\'s built on fully WordPress concept.','published','2024-01-06 17:16:50','2024-01-06 17:16:50','[\"products\\/2-1.jpg\",\"products\\/5-1.jpg\"]'),(112,7,65,4.00,'Clean & perfect source code','published','2024-01-06 17:16:50','2024-01-06 17:16:50','[\"products\\/13-1.jpg\"]'),(113,8,57,1.00,'Ok good product. I have some issues in customizations. But its not correct to blame the developer. The product is good. Good luck for your business.','published','2024-01-06 17:16:50','2024-01-06 17:16:50','[\"products\\/21-2.jpg\",\"products\\/23.jpg\",\"products\\/64.jpg\"]'),(114,4,57,1.00,'It\'s not my first experience here on Codecanyon and I can honestly tell you all that Botble puts a LOT of effort into the support. They answer so fast, they helped me tons of times. REALLY by far THE BEST EXPERIENCE on Codecanyon. Those guys at Botble are so good that they deserve 5 stars. I recommend them, I trust them and I can\'t wait to see what they will sell in a near future. Thank you Botble :)','published','2024-01-06 17:16:50','2024-01-06 17:16:50','[\"products\\/12.jpg\"]'),(115,10,44,5.00,'Very enthusiastic support! Excellent code is written. It\'s a true pleasure working with.','published','2024-01-06 17:16:50','2024-01-06 17:16:50','[\"products\\/12.jpg\"]'),(116,7,38,3.00,'The best ecommerce CMS! Excellent coding! best support service! Thank you so much..... I really like your hard work.','published','2024-01-06 17:16:50','2024-01-06 17:16:50','[\"products\\/29.jpg\"]'),(117,2,27,1.00,'Very enthusiastic support! Excellent code is written. It\'s a true pleasure working with.','published','2024-01-06 17:16:50','2024-01-06 17:16:50','[\"products\\/4.jpg\",\"products\\/13-1.jpg\",\"products\\/23.jpg\",\"products\\/62.jpg\"]'),(118,6,55,3.00,'For me the best eCommerce script on Envato at this moment: modern, clean code, a lot of great features. The customer support is great too: I always get an answer within hours!','published','2024-01-06 17:16:50','2024-01-06 17:16:50','[\"products\\/25-1.jpg\",\"products\\/25-2.jpg\"]'),(119,3,13,3.00,'For me the best eCommerce script on Envato at this moment: modern, clean code, a lot of great features. The customer support is great too: I always get an answer within hours!','published','2024-01-06 17:16:50','2024-01-06 17:16:50','[\"products\\/13-1.jpg\",\"products\\/21.jpg\"]'),(120,10,12,2.00,'The best store template! Excellent coding! Very good support! Thank you so much for all the help, I really appreciated.','published','2024-01-06 17:16:50','2024-01-06 17:16:50','[\"products\\/13-1.jpg\",\"products\\/64.jpg\"]'),(121,3,53,1.00,'We have received brilliant service support and will be expanding the features with the developer. Nice product!','published','2024-01-06 17:16:50','2024-01-06 17:16:50','[\"products\\/5-2.jpg\",\"products\\/38-3.jpg\"]'),(122,6,63,5.00,'Best ecommerce CMS online store!','published','2024-01-06 17:16:50','2024-01-06 17:16:50','[\"products\\/6.jpg\",\"products\\/12.jpg\",\"products\\/34-1.jpg\",\"products\\/45.jpg\"]'),(123,5,35,5.00,'Ok good product. I have some issues in customizations. But its not correct to blame the developer. The product is good. Good luck for your business.','published','2024-01-06 17:16:50','2024-01-06 17:16:50','[\"products\\/35-1.jpg\",\"products\\/37-1.jpg\"]'),(125,7,59,4.00,'This script is well coded and is super fast. The support is pretty quick. Very patient and helpful team. I strongly recommend it and they deserve more than 5 stars.','published','2024-01-06 17:16:50','2024-01-06 17:16:50','[\"products\\/38-2.jpg\",\"products\\/49-2.jpg\"]'),(126,5,43,1.00,'Amazing code, amazing support. Overall, im really confident in Botble and im happy I made the right choice! Thank you so much guys for coding this masterpiece','published','2024-01-06 17:16:50','2024-01-06 17:16:50','[\"products\\/42-2.jpg\",\"products\\/61.jpg\"]'),(127,2,14,2.00,'It\'s not my first experience here on Codecanyon and I can honestly tell you all that Botble puts a LOT of effort into the support. They answer so fast, they helped me tons of times. REALLY by far THE BEST EXPERIENCE on Codecanyon. Those guys at Botble are so good that they deserve 5 stars. I recommend them, I trust them and I can\'t wait to see what they will sell in a near future. Thank you Botble :)','published','2024-01-06 17:16:50','2024-01-06 17:16:50','[\"products\\/20-1.jpg\"]'),(128,5,22,2.00,'The best store template! Excellent coding! Very good support! Thank you so much for all the help, I really appreciated.','published','2024-01-06 17:16:50','2024-01-06 17:16:50','[\"products\\/9-2.jpg\",\"products\\/20-3.jpg\",\"products\\/32-2.jpg\",\"products\\/47.jpg\"]'),(129,7,8,5.00,'This script is well coded and is super fast. The support is pretty quick. Very patient and helpful team. I strongly recommend it and they deserve more than 5 stars.','published','2024-01-06 17:16:50','2024-01-06 17:16:50','[\"products\\/24-2.jpg\",\"products\\/31-1.jpg\"]'),(130,6,16,1.00,'Those guys now what they are doing, the release such a good product that it\'s a pleasure to work with ! Even when I was stuck on the project, I created a ticket and the next day it was replied by the team. GOOD JOB guys. I love working with them :)','published','2024-01-06 17:16:50','2024-01-06 17:16:50','[\"products\\/17.jpg\",\"products\\/62-1.jpg\"]'),(131,3,60,3.00,'Very enthusiastic support! Excellent code is written. It\'s a true pleasure working with.','published','2024-01-06 17:16:50','2024-01-06 17:16:50','[\"products\\/46-1.jpg\"]'),(132,3,37,2.00,'The best ecommerce CMS! Excellent coding! best support service! Thank you so much..... I really like your hard work.','published','2024-01-06 17:16:50','2024-01-06 17:16:50','[\"products\\/27.jpg\"]'),(133,6,21,5.00,'This script is well coded and is super fast. The support is pretty quick. Very patient and helpful team. I strongly recommend it and they deserve more than 5 stars.','published','2024-01-06 17:16:50','2024-01-06 17:16:50','[\"products\\/10.jpg\",\"products\\/39-2.jpg\",\"products\\/54.jpg\",\"products\\/56.jpg\"]'),(134,7,3,1.00,'Great E-commerce system. And much more : Wonderful Customer Support.','published','2024-01-06 17:16:50','2024-01-06 17:16:50','[\"products\\/19-1.jpg\",\"products\\/22-1.jpg\",\"products\\/31-1.jpg\"]'),(136,7,13,2.00,'Cool template. Excellent code quality. The support responds very quickly, which is very rare on themeforest and codecanyon.net, I buy a lot of templates, and everyone will have a response from technical support for two or three days. Thanks to tech support. I recommend to buy.','published','2024-01-06 17:16:50','2024-01-06 17:16:50','[\"products\\/11-3.jpg\",\"products\\/25-1.jpg\",\"products\\/61-1.jpg\"]'),(138,5,49,3.00,'These guys are amazing! Responses immediately, amazing support and help... I immediately feel at ease after Purchasing..','published','2024-01-06 17:16:50','2024-01-06 17:16:50','[\"products\\/2.jpg\",\"products\\/21-1.jpg\",\"products\\/38-1.jpg\",\"products\\/53.jpg\"]'),(139,9,11,1.00,'Second or third time that I buy a Botble product, happy with the products and support. You guys do a good job :)','published','2024-01-06 17:16:50','2024-01-06 17:16:50','[\"products\\/8-2.jpg\",\"products\\/20-3.jpg\",\"products\\/35.jpg\",\"products\\/58-2.jpg\"]'),(141,7,41,4.00,'Those guys now what they are doing, the release such a good product that it\'s a pleasure to work with ! Even when I was stuck on the project, I created a ticket and the next day it was replied by the team. GOOD JOB guys. I love working with them :)','published','2024-01-06 17:16:50','2024-01-06 17:16:50','[\"products\\/12.jpg\",\"products\\/20-2.jpg\"]'),(143,3,54,5.00,'Cool template. Excellent code quality. The support responds very quickly, which is very rare on themeforest and codecanyon.net, I buy a lot of templates, and everyone will have a response from technical support for two or three days. Thanks to tech support. I recommend to buy.','published','2024-01-06 17:16:50','2024-01-06 17:16:50','[\"products\\/44-2.jpg\",\"products\\/53.jpg\"]'),(144,10,1,3.00,'Ok good product. I have some issues in customizations. But its not correct to blame the developer. The product is good. Good luck for your business.','published','2024-01-06 17:16:50','2024-01-06 17:16:50','[\"products\\/1.jpg\",\"products\\/6.jpg\",\"products\\/25-2.jpg\",\"products\\/44-2.jpg\"]'),(145,7,18,3.00,'Best ecommerce CMS online store!','published','2024-01-06 17:16:50','2024-01-06 17:16:50','[\"products\\/11.jpg\",\"products\\/17.jpg\",\"products\\/20.jpg\",\"products\\/46.jpg\"]'),(146,6,20,3.00,'Great E-commerce system. And much more : Wonderful Customer Support.','published','2024-01-06 17:16:50','2024-01-06 17:16:50','[\"products\\/5-1.jpg\",\"products\\/8-2.jpg\",\"products\\/17-1.jpg\",\"products\\/17-3.jpg\"]'),(147,3,2,3.00,'Customer Support are grade (A*), however the code is a way too over engineered for it\'s purpose.','published','2024-01-06 17:16:50','2024-01-06 17:16:50','[\"products\\/15-1.jpg\"]'),(148,8,16,1.00,'Ok good product. I have some issues in customizations. But its not correct to blame the developer. The product is good. Good luck for your business.','published','2024-01-06 17:16:50','2024-01-06 17:16:50','[\"products\\/11-1.jpg\",\"products\\/36-2.jpg\"]'),(150,9,15,3.00,'Those guys now what they are doing, the release such a good product that it\'s a pleasure to work with ! Even when I was stuck on the project, I created a ticket and the next day it was replied by the team. GOOD JOB guys. I love working with them :)','published','2024-01-06 17:16:50','2024-01-06 17:16:50','[\"products\\/26-1.jpg\"]'),(151,4,46,5.00,'Ok good product. I have some issues in customizations. But its not correct to blame the developer. The product is good. Good luck for your business.','published','2024-01-06 17:16:50','2024-01-06 17:16:50','[\"products\\/12-2.jpg\",\"products\\/24-1.jpg\",\"products\\/24.jpg\"]'),(152,4,51,1.00,'We have received brilliant service support and will be expanding the features with the developer. Nice product!','published','2024-01-06 17:16:50','2024-01-06 17:16:50','[\"products\\/18-2.jpg\",\"products\\/22-1.jpg\",\"products\\/49-2.jpg\",\"products\\/51.jpg\"]'),(153,4,61,4.00,'Great system, great support, good job Botble. I\'m looking forward to more great functional plugins.','published','2024-01-06 17:16:50','2024-01-06 17:16:50','[\"products\\/12-1.jpg\",\"products\\/31.jpg\",\"products\\/54.jpg\",\"products\\/62-1.jpg\"]'),(155,2,24,5.00,'These guys are amazing! Responses immediately, amazing support and help... I immediately feel at ease after Purchasing..','published','2024-01-06 17:16:50','2024-01-06 17:16:50','[\"products\\/43.jpg\"]'),(156,5,29,1.00,'Customer Support are grade (A*), however the code is a way too over engineered for it\'s purpose.','published','2024-01-06 17:16:50','2024-01-06 17:16:50','[\"products\\/8-2.jpg\",\"products\\/21-2.jpg\",\"products\\/33.jpg\",\"products\\/60-1.jpg\"]'),(158,10,40,4.00,'This web app is really good in design, code quality & features. Besides, the customer support provided by the Botble team was really fast & helpful. You guys are awesome!','published','2024-01-06 17:16:50','2024-01-06 17:16:50','[\"products\\/5.jpg\",\"products\\/35-1.jpg\",\"products\\/55.jpg\"]'),(159,9,41,5.00,'The best store template! Excellent coding! Very good support! Thank you so much for all the help, I really appreciated.','published','2024-01-06 17:16:50','2024-01-06 17:16:50','[\"products\\/24-2.jpg\",\"products\\/56.jpg\"]'),(160,5,50,1.00,'The best store template! Excellent coding! Very good support! Thank you so much for all the help, I really appreciated.','published','2024-01-06 17:16:50','2024-01-06 17:16:50','[\"products\\/15-1.jpg\",\"products\\/62-1.jpg\"]'),(161,3,22,1.00,'The best store template! Excellent coding! Very good support! Thank you so much for all the help, I really appreciated.','published','2024-01-06 17:16:50','2024-01-06 17:16:50','[\"products\\/11.jpg\",\"products\\/60.jpg\"]'),(162,10,62,3.00,'The code is good, in general, if you like it, can you give it 5 stars?','published','2024-01-06 17:16:50','2024-01-06 17:16:50','[\"products\\/21-1.jpg\",\"products\\/27-1.jpg\",\"products\\/54.jpg\",\"products\\/59-2.jpg\"]'),(163,9,58,2.00,'Great system, great support, good job Botble. I\'m looking forward to more great functional plugins.','published','2024-01-06 17:16:50','2024-01-06 17:16:50','[\"products\\/42-1.jpg\",\"products\\/58.jpg\"]'),(164,5,54,5.00,'Customer Support are grade (A*), however the code is a way too over engineered for it\'s purpose.','published','2024-01-06 17:16:50','2024-01-06 17:16:50','[\"products\\/19-2.jpg\",\"products\\/24-1.jpg\",\"products\\/24-2.jpg\",\"products\\/60.jpg\"]'),(165,5,47,4.00,'Great E-commerce system. And much more : Wonderful Customer Support.','published','2024-01-06 17:16:50','2024-01-06 17:16:50','[\"products\\/44-1.jpg\"]'),(167,1,60,3.00,'Ok good product. I have some issues in customizations. But its not correct to blame the developer. The product is good. Good luck for your business.','published','2024-01-06 17:16:50','2024-01-06 17:16:50','[\"products\\/3.jpg\",\"products\\/12.jpg\",\"products\\/24-1.jpg\"]'),(168,2,15,3.00,'The script is the best of its class, fast, easy to implement and work with , and the most important thing is the great support team , Recommend with no doubt.','published','2024-01-06 17:16:50','2024-01-06 17:16:50','[\"products\\/19.jpg\",\"products\\/24.jpg\",\"products\\/59.jpg\",\"products\\/62.jpg\"]'),(169,6,51,2.00,'The best store template! Excellent coding! Very good support! Thank you so much for all the help, I really appreciated.','published','2024-01-06 17:16:50','2024-01-06 17:16:50','[\"products\\/5-3.jpg\",\"products\\/31-1.jpg\",\"products\\/45.jpg\",\"products\\/50-1.jpg\"]'),(170,10,28,5.00,'It\'s not my first experience here on Codecanyon and I can honestly tell you all that Botble puts a LOT of effort into the support. They answer so fast, they helped me tons of times. REALLY by far THE BEST EXPERIENCE on Codecanyon. Those guys at Botble are so good that they deserve 5 stars. I recommend them, I trust them and I can\'t wait to see what they will sell in a near future. Thank you Botble :)','published','2024-01-06 17:16:50','2024-01-06 17:16:50','[\"products\\/55.jpg\"]'),(171,10,30,4.00,'Best ecommerce CMS online store!','published','2024-01-06 17:16:50','2024-01-06 17:16:50','[\"products\\/27.jpg\",\"products\\/29-1.jpg\",\"products\\/48-2.jpg\",\"products\\/58-1.jpg\"]'),(172,10,7,4.00,'Second or third time that I buy a Botble product, happy with the products and support. You guys do a good job :)','published','2024-01-06 17:16:50','2024-01-06 17:16:50','[\"products\\/5-2.jpg\",\"products\\/8.jpg\",\"products\\/44.jpg\"]'),(174,9,5,3.00,'I Love this Script. I also found how to add other fees. Now I just wait the BIG update for the Marketplace with the Bulk Import. Just do not forget to make it to be Multi-language for us the Botble Fans.','published','2024-01-06 17:16:50','2024-01-06 17:16:50','[\"products\\/42-1.jpg\",\"products\\/43-1.jpg\",\"products\\/58-2.jpg\"]'),(175,4,31,4.00,'Good app, good backup service and support. Good documentation.','published','2024-01-06 17:16:50','2024-01-06 17:16:50','[\"products\\/7.jpg\",\"products\\/19-2.jpg\",\"products\\/42-1.jpg\"]'),(176,6,34,5.00,'The code is good, in general, if you like it, can you give it 5 stars?','published','2024-01-06 17:16:50','2024-01-06 17:16:50','[\"products\\/20-2.jpg\",\"products\\/52-2.jpg\"]'),(177,1,31,2.00,'Best ecommerce CMS online store!','published','2024-01-06 17:16:50','2024-01-06 17:16:50','[\"products\\/17-2.jpg\",\"products\\/18-2.jpg\",\"products\\/50.jpg\",\"products\\/65-2.jpg\"]'),(178,2,21,5.00,'Great E-commerce system. And much more : Wonderful Customer Support.','published','2024-01-06 17:16:50','2024-01-06 17:16:50','[\"products\\/34.jpg\",\"products\\/59-2.jpg\"]'),(180,8,41,4.00,'Those guys now what they are doing, the release such a good product that it\'s a pleasure to work with ! Even when I was stuck on the project, I created a ticket and the next day it was replied by the team. GOOD JOB guys. I love working with them :)','published','2024-01-06 17:16:50','2024-01-06 17:16:50','[\"products\\/52.jpg\"]'),(181,4,54,3.00,'Great system, great support, good job Botble. I\'m looking forward to more great functional plugins.','published','2024-01-06 17:16:50','2024-01-06 17:16:50','[\"products\\/17-2.jpg\"]'),(182,2,59,1.00,'The best store template! Excellent coding! Very good support! Thank you so much for all the help, I really appreciated.','published','2024-01-06 17:16:50','2024-01-06 17:16:50','[\"products\\/39-2.jpg\",\"products\\/44-1.jpg\"]'),(185,4,15,3.00,'Very enthusiastic support! Excellent code is written. It\'s a true pleasure working with.','published','2024-01-06 17:16:50','2024-01-06 17:16:50','[\"products\\/19-1.jpg\"]'),(186,7,10,3.00,'The script is the best of its class, fast, easy to implement and work with , and the most important thing is the great support team , Recommend with no doubt.','published','2024-01-06 17:16:50','2024-01-06 17:16:50','[\"products\\/21.jpg\"]'),(187,7,57,5.00,'Amazing code, amazing support. Overall, im really confident in Botble and im happy I made the right choice! Thank you so much guys for coding this masterpiece','published','2024-01-06 17:16:50','2024-01-06 17:16:50','[\"products\\/4-2.jpg\",\"products\\/11.jpg\",\"products\\/57-1.jpg\"]'),(189,4,4,5.00,'Amazing code, amazing support. Overall, im really confident in Botble and im happy I made the right choice! Thank you so much guys for coding this masterpiece','published','2024-01-06 17:16:50','2024-01-06 17:16:50','[\"products\\/4-3.jpg\",\"products\\/8.jpg\",\"products\\/33-1.jpg\",\"products\\/33.jpg\"]'),(190,4,7,5.00,'Ok good product. I have some issues in customizations. But its not correct to blame the developer. The product is good. Good luck for your business.','published','2024-01-06 17:16:50','2024-01-06 17:16:50','[\"products\\/37-2.jpg\"]'),(191,3,42,4.00,'For me the best eCommerce script on Envato at this moment: modern, clean code, a lot of great features. The customer support is great too: I always get an answer within hours!','published','2024-01-06 17:16:50','2024-01-06 17:16:50','[\"products\\/8.jpg\",\"products\\/31.jpg\",\"products\\/38-1.jpg\",\"products\\/60-2.jpg\"]'),(192,8,24,5.00,'We have received brilliant service support and will be expanding the features with the developer. Nice product!','published','2024-01-06 17:16:50','2024-01-06 17:16:50','[\"products\\/30-2.jpg\",\"products\\/47.jpg\"]'),(193,1,42,3.00,'Clean & perfect source code','published','2024-01-06 17:16:50','2024-01-06 17:16:50','[\"products\\/20.jpg\"]'),(194,4,27,5.00,'I Love this Script. I also found how to add other fees. Now I just wait the BIG update for the Marketplace with the Bulk Import. Just do not forget to make it to be Multi-language for us the Botble Fans.','published','2024-01-06 17:16:50','2024-01-06 17:16:50','[\"products\\/11-2.jpg\",\"products\\/62.jpg\"]'),(196,6,17,5.00,'It\'s not my first experience here on Codecanyon and I can honestly tell you all that Botble puts a LOT of effort into the support. They answer so fast, they helped me tons of times. REALLY by far THE BEST EXPERIENCE on Codecanyon. Those guys at Botble are so good that they deserve 5 stars. I recommend them, I trust them and I can\'t wait to see what they will sell in a near future. Thank you Botble :)','published','2024-01-06 17:16:50','2024-01-06 17:16:50','[\"products\\/25-2.jpg\"]'),(197,6,32,4.00,'Clean & perfect source code','published','2024-01-06 17:16:50','2024-01-06 17:16:50','[\"products\\/11-3.jpg\",\"products\\/13-1.jpg\",\"products\\/26-1.jpg\",\"products\\/31-1.jpg\"]'),(198,10,58,3.00,'Amazing code, amazing support. Overall, im really confident in Botble and im happy I made the right choice! Thank you so much guys for coding this masterpiece','published','2024-01-06 17:16:50','2024-01-06 17:16:50','[\"products\\/15.jpg\",\"products\\/25-1.jpg\",\"products\\/40.jpg\"]'),(199,5,63,2.00,'Solution is too robust for our purpose so we didn\'t use it at the end. But I appreciate customer support during initial configuration.','published','2024-01-06 17:16:50','2024-01-06 17:16:50','[\"products\\/9-2.jpg\",\"products\\/9.jpg\",\"products\\/65.jpg\"]'),(202,5,9,2.00,'This script is well coded and is super fast. The support is pretty quick. Very patient and helpful team. I strongly recommend it and they deserve more than 5 stars.','published','2024-01-06 17:16:50','2024-01-06 17:16:50','[\"products\\/4.jpg\",\"products\\/17.jpg\",\"products\\/34-1.jpg\",\"products\\/58.jpg\"]'),(204,8,53,3.00,'The script is the best of its class, fast, easy to implement and work with , and the most important thing is the great support team , Recommend with no doubt.','published','2024-01-06 17:16:50','2024-01-06 17:16:50','[\"products\\/52-1.jpg\",\"products\\/56-2.jpg\"]'),(205,6,13,3.00,'Ok good product. I have some issues in customizations. But its not correct to blame the developer. The product is good. Good luck for your business.','published','2024-01-06 17:16:50','2024-01-06 17:16:50','[\"products\\/37.jpg\",\"products\\/47.jpg\",\"products\\/48.jpg\"]'),(206,7,37,5.00,'For me the best eCommerce script on Envato at this moment: modern, clean code, a lot of great features. The customer support is great too: I always get an answer within hours!','published','2024-01-06 17:16:50','2024-01-06 17:16:50','[\"products\\/2-1.jpg\",\"products\\/5-1.jpg\",\"products\\/5.jpg\",\"products\\/13-1.jpg\"]'),(208,3,28,5.00,'Customer Support are grade (A*), however the code is a way too over engineered for it\'s purpose.','published','2024-01-06 17:16:50','2024-01-06 17:16:50','[\"products\\/28-2.jpg\"]'),(211,10,54,1.00,'This script is well coded and is super fast. The support is pretty quick. Very patient and helpful team. I strongly recommend it and they deserve more than 5 stars.','published','2024-01-06 17:16:50','2024-01-06 17:16:50','[\"products\\/8-1.jpg\",\"products\\/33-2.jpg\",\"products\\/46-1.jpg\",\"products\\/49-2.jpg\"]'),(213,2,8,3.00,'Great E-commerce system. And much more : Wonderful Customer Support.','published','2024-01-06 17:16:50','2024-01-06 17:16:50','[\"products\\/30.jpg\"]'),(214,10,17,1.00,'The code is good, in general, if you like it, can you give it 5 stars?','published','2024-01-06 17:16:50','2024-01-06 17:16:50','[\"products\\/17-3.jpg\",\"products\\/47-1.jpg\"]'),(215,4,49,4.00,'The script is the best of its class, fast, easy to implement and work with , and the most important thing is the great support team , Recommend with no doubt.','published','2024-01-06 17:16:50','2024-01-06 17:16:50','[\"products\\/13.jpg\",\"products\\/19-3.jpg\",\"products\\/28-2.jpg\",\"products\\/48-2.jpg\"]'),(216,9,60,4.00,'Amazing code, amazing support. Overall, im really confident in Botble and im happy I made the right choice! Thank you so much guys for coding this masterpiece','published','2024-01-06 17:16:50','2024-01-06 17:16:50','[\"products\\/16.jpg\",\"products\\/19.jpg\",\"products\\/40-1.jpg\"]'),(217,8,48,3.00,'Second or third time that I buy a Botble product, happy with the products and support. You guys do a good job :)','published','2024-01-06 17:16:50','2024-01-06 17:16:50','[\"products\\/13-1.jpg\",\"products\\/22-3.jpg\",\"products\\/55-1.jpg\"]'),(218,4,14,4.00,'Good app, good backup service and support. Good documentation.','published','2024-01-06 17:16:50','2024-01-06 17:16:50','[\"products\\/59.jpg\",\"products\\/61-1.jpg\"]'),(220,4,40,5.00,'Cool template. Excellent code quality. The support responds very quickly, which is very rare on themeforest and codecanyon.net, I buy a lot of templates, and everyone will have a response from technical support for two or three days. Thanks to tech support. I recommend to buy.','published','2024-01-06 17:16:50','2024-01-06 17:16:50','[\"products\\/24-2.jpg\",\"products\\/49-2.jpg\",\"products\\/53.jpg\"]'),(222,10,3,1.00,'Amazing code, amazing support. Overall, im really confident in Botble and im happy I made the right choice! Thank you so much guys for coding this masterpiece','published','2024-01-06 17:16:50','2024-01-06 17:16:50','[\"products\\/38-2.jpg\",\"products\\/64-1.jpg\"]'),(224,6,42,4.00,'Perfect +++++++++ i love it really also i get to fast ticket answers... Thanks Lot BOTBLE Teams','published','2024-01-06 17:16:50','2024-01-06 17:16:50','[\"products\\/41-2.jpg\"]'),(228,4,2,4.00,'Those guys now what they are doing, the release such a good product that it\'s a pleasure to work with ! Even when I was stuck on the project, I created a ticket and the next day it was replied by the team. GOOD JOB guys. I love working with them :)','published','2024-01-06 17:16:50','2024-01-06 17:16:50','[\"products\\/10-1.jpg\",\"products\\/17.jpg\",\"products\\/38-2.jpg\",\"products\\/65-2.jpg\"]'),(229,6,12,1.00,'We have received brilliant service support and will be expanding the features with the developer. Nice product!','published','2024-01-06 17:16:50','2024-01-06 17:16:50','[\"products\\/8.jpg\",\"products\\/28-1.jpg\",\"products\\/40.jpg\",\"products\\/53.jpg\"]'),(230,1,1,2.00,'The best store template! Excellent coding! Very good support! Thank you so much for all the help, I really appreciated.','published','2024-01-06 17:16:50','2024-01-06 17:16:50','[\"products\\/62.jpg\"]'),(232,3,12,4.00,'The best store template! Excellent coding! Very good support! Thank you so much for all the help, I really appreciated.','published','2024-01-06 17:16:50','2024-01-06 17:16:50','[\"products\\/5-3.jpg\",\"products\\/33-2.jpg\",\"products\\/34-1.jpg\",\"products\\/37.jpg\"]'),(233,7,62,4.00,'The best store template! Excellent coding! Very good support! Thank you so much for all the help, I really appreciated.','published','2024-01-06 17:16:50','2024-01-06 17:16:50','[\"products\\/39.jpg\"]'),(235,10,11,5.00,'Those guys now what they are doing, the release such a good product that it\'s a pleasure to work with ! Even when I was stuck on the project, I created a ticket and the next day it was replied by the team. GOOD JOB guys. I love working with them :)','published','2024-01-06 17:16:50','2024-01-06 17:16:50','[\"products\\/21.jpg\",\"products\\/32-1.jpg\",\"products\\/42-1.jpg\",\"products\\/60-2.jpg\"]'),(236,1,61,2.00,'This web app is really good in design, code quality & features. Besides, the customer support provided by the Botble team was really fast & helpful. You guys are awesome!','published','2024-01-06 17:16:50','2024-01-06 17:16:50','[\"products\\/4-1.jpg\",\"products\\/4-2.jpg\",\"products\\/53-1.jpg\",\"products\\/56-1.jpg\"]'),(237,7,1,3.00,'The best store template! Excellent coding! Very good support! Thank you so much for all the help, I really appreciated.','published','2024-01-06 17:16:50','2024-01-06 17:16:50','[\"products\\/2-3.jpg\",\"products\\/27.jpg\",\"products\\/30-1.jpg\"]'),(238,10,27,4.00,'Customer Support are grade (A*), however the code is a way too over engineered for it\'s purpose.','published','2024-01-06 17:16:50','2024-01-06 17:16:50','[\"products\\/28-1.jpg\"]'),(240,1,8,2.00,'The best ecommerce CMS! Excellent coding! best support service! Thank you so much..... I really like your hard work.','published','2024-01-06 17:16:50','2024-01-06 17:16:50','[\"products\\/63-1.jpg\"]'),(241,7,61,1.00,'This web app is really good in design, code quality & features. Besides, the customer support provided by the Botble team was really fast & helpful. You guys are awesome!','published','2024-01-06 17:16:50','2024-01-06 17:16:50','[\"products\\/20.jpg\",\"products\\/21-1.jpg\",\"products\\/39-2.jpg\"]'),(245,4,3,1.00,'This web app is really good in design, code quality & features. Besides, the customer support provided by the Botble team was really fast & helpful. You guys are awesome!','published','2024-01-06 17:16:50','2024-01-06 17:16:50','[\"products\\/43-2.jpg\",\"products\\/48-2.jpg\"]'),(246,4,13,4.00,'This web app is really good in design, code quality & features. Besides, the customer support provided by the Botble team was really fast & helpful. You guys are awesome!','published','2024-01-06 17:16:50','2024-01-06 17:16:50','[\"products\\/13-1.jpg\"]'),(247,10,43,1.00,'Ok good product. I have some issues in customizations. But its not correct to blame the developer. The product is good. Good luck for your business.','published','2024-01-06 17:16:50','2024-01-06 17:16:50','[\"products\\/28.jpg\",\"products\\/56-2.jpg\",\"products\\/61-1.jpg\"]'),(248,6,30,2.00,'It\'s not my first experience here on Codecanyon and I can honestly tell you all that Botble puts a LOT of effort into the support. They answer so fast, they helped me tons of times. REALLY by far THE BEST EXPERIENCE on Codecanyon. Those guys at Botble are so good that they deserve 5 stars. I recommend them, I trust them and I can\'t wait to see what they will sell in a near future. Thank you Botble :)','published','2024-01-06 17:16:50','2024-01-06 17:16:50','[\"products\\/51.jpg\"]'),(249,8,32,1.00,'For me the best eCommerce script on Envato at this moment: modern, clean code, a lot of great features. The customer support is great too: I always get an answer within hours!','published','2024-01-06 17:16:50','2024-01-06 17:16:50','[\"products\\/20-1.jpg\",\"products\\/29-2.jpg\",\"products\\/43-2.jpg\",\"products\\/44-2.jpg\"]'),(250,7,60,3.00,'Great E-commerce system. And much more : Wonderful Customer Support.','published','2024-01-06 17:16:50','2024-01-06 17:16:50','[\"products\\/52-1.jpg\"]'),(251,9,31,3.00,'Second or third time that I buy a Botble product, happy with the products and support. You guys do a good job :)','published','2024-01-06 17:16:50','2024-01-06 17:16:50','[\"products\\/20.jpg\",\"products\\/21-2.jpg\",\"products\\/30-1.jpg\",\"products\\/31-1.jpg\"]'),(252,2,43,1.00,'Best ecommerce CMS online store!','published','2024-01-06 17:16:50','2024-01-06 17:16:50','[\"products\\/5.jpg\",\"products\\/10-2.jpg\",\"products\\/52.jpg\",\"products\\/59-2.jpg\"]'),(253,4,1,5.00,'Very enthusiastic support! Excellent code is written. It\'s a true pleasure working with.','published','2024-01-06 17:16:50','2024-01-06 17:16:50','[\"products\\/21.jpg\",\"products\\/49-2.jpg\"]'),(254,9,37,3.00,'Clean & perfect source code','published','2024-01-06 17:16:50','2024-01-06 17:16:50','[\"products\\/19-3.jpg\"]'),(255,4,29,3.00,'Good app, good backup service and support. Good documentation.','published','2024-01-06 17:16:50','2024-01-06 17:16:50','[\"products\\/17-3.jpg\",\"products\\/29-2.jpg\",\"products\\/42.jpg\"]'),(256,6,35,5.00,'The best store template! Excellent coding! Very good support! Thank you so much for all the help, I really appreciated.','published','2024-01-06 17:16:50','2024-01-06 17:16:50','[\"products\\/49-1.jpg\"]'),(257,9,47,5.00,'For me the best eCommerce script on Envato at this moment: modern, clean code, a lot of great features. The customer support is great too: I always get an answer within hours!','published','2024-01-06 17:16:50','2024-01-06 17:16:50','[\"products\\/45.jpg\"]'),(258,2,5,5.00,'This web app is really good in design, code quality & features. Besides, the customer support provided by the Botble team was really fast & helpful. You guys are awesome!','published','2024-01-06 17:16:50','2024-01-06 17:16:50','[\"products\\/48.jpg\",\"products\\/60-2.jpg\",\"products\\/63.jpg\"]'),(259,7,36,1.00,'Good app, good backup service and support. Good documentation.','published','2024-01-06 17:16:50','2024-01-06 17:16:50','[\"products\\/21-2.jpg\",\"products\\/57.jpg\"]'),(260,8,27,1.00,'We have received brilliant service support and will be expanding the features with the developer. Nice product!','published','2024-01-06 17:16:50','2024-01-06 17:16:50','[\"products\\/17-3.jpg\",\"products\\/42.jpg\",\"products\\/61-1.jpg\"]'),(261,8,45,2.00,'Those guys now what they are doing, the release such a good product that it\'s a pleasure to work with ! Even when I was stuck on the project, I created a ticket and the next day it was replied by the team. GOOD JOB guys. I love working with them :)','published','2024-01-06 17:16:50','2024-01-06 17:16:50','[\"products\\/22-2.jpg\",\"products\\/39-2.jpg\"]'),(262,5,12,3.00,'Great system, great support, good job Botble. I\'m looking forward to more great functional plugins.','published','2024-01-06 17:16:50','2024-01-06 17:16:50','[\"products\\/36-1.jpg\"]'),(263,1,39,2.00,'Those guys now what they are doing, the release such a good product that it\'s a pleasure to work with ! Even when I was stuck on the project, I created a ticket and the next day it was replied by the team. GOOD JOB guys. I love working with them :)','published','2024-01-06 17:16:50','2024-01-06 17:16:50','[\"products\\/54.jpg\"]'),(265,5,3,1.00,'The script is the best of its class, fast, easy to implement and work with , and the most important thing is the great support team , Recommend with no doubt.','published','2024-01-06 17:16:50','2024-01-06 17:16:50','[\"products\\/2-1.jpg\",\"products\\/11-1.jpg\"]'),(266,5,23,4.00,'As a developer I reviewed this script. This is really awesome ecommerce script. I have convinced when I noticed that it\'s built on fully WordPress concept.','published','2024-01-06 17:16:50','2024-01-06 17:16:50','[\"products\\/7.jpg\",\"products\\/45.jpg\",\"products\\/48-2.jpg\"]'),(267,7,55,2.00,'For me the best eCommerce script on Envato at this moment: modern, clean code, a lot of great features. The customer support is great too: I always get an answer within hours!','published','2024-01-06 17:16:50','2024-01-06 17:16:50','[\"products\\/37-1.jpg\"]'),(269,9,53,2.00,'Customer Support are grade (A*), however the code is a way too over engineered for it\'s purpose.','published','2024-01-06 17:16:50','2024-01-06 17:16:50','[\"products\\/13-1.jpg\",\"products\\/14.jpg\",\"products\\/49-2.jpg\",\"products\\/58-2.jpg\"]'),(275,1,64,1.00,'The best ecommerce CMS! Excellent coding! best support service! Thank you so much..... I really like your hard work.','published','2024-01-06 17:16:50','2024-01-06 17:16:50','[\"products\\/38.jpg\",\"products\\/50.jpg\",\"products\\/51.jpg\",\"products\\/56.jpg\"]'),(276,2,44,3.00,'For me the best eCommerce script on Envato at this moment: modern, clean code, a lot of great features. The customer support is great too: I always get an answer within hours!','published','2024-01-06 17:16:50','2024-01-06 17:16:50','[\"products\\/19-2.jpg\"]'),(277,4,35,5.00,'Best ecommerce CMS online store!','published','2024-01-06 17:16:50','2024-01-06 17:16:50','[\"products\\/15-1.jpg\",\"products\\/19.jpg\"]'),(278,5,37,1.00,'Amazing code, amazing support. Overall, im really confident in Botble and im happy I made the right choice! Thank you so much guys for coding this masterpiece','published','2024-01-06 17:16:50','2024-01-06 17:16:50','[\"products\\/11.jpg\",\"products\\/21.jpg\"]'),(279,4,60,5.00,'As a developer I reviewed this script. This is really awesome ecommerce script. I have convinced when I noticed that it\'s built on fully WordPress concept.','published','2024-01-06 17:16:50','2024-01-06 17:16:50','[\"products\\/8-3.jpg\",\"products\\/56-1.jpg\",\"products\\/60.jpg\"]'),(280,10,42,1.00,'Clean & perfect source code','published','2024-01-06 17:16:50','2024-01-06 17:16:50','[\"products\\/20-2.jpg\",\"products\\/27.jpg\"]'),(281,3,51,4.00,'Perfect +++++++++ i love it really also i get to fast ticket answers... Thanks Lot BOTBLE Teams','published','2024-01-06 17:16:50','2024-01-06 17:16:50','[\"products\\/17-1.jpg\",\"products\\/23-1.jpg\",\"products\\/57-1.jpg\"]'),(284,3,57,1.00,'Those guys now what they are doing, the release such a good product that it\'s a pleasure to work with ! Even when I was stuck on the project, I created a ticket and the next day it was replied by the team. GOOD JOB guys. I love working with them :)','published','2024-01-06 17:16:50','2024-01-06 17:16:50','[\"products\\/4-3.jpg\",\"products\\/30.jpg\"]'),(285,4,42,3.00,'This script is well coded and is super fast. The support is pretty quick. Very patient and helpful team. I strongly recommend it and they deserve more than 5 stars.','published','2024-01-06 17:16:50','2024-01-06 17:16:50','[\"products\\/22-2.jpg\",\"products\\/25-1.jpg\",\"products\\/56.jpg\",\"products\\/62-1.jpg\"]'),(286,2,23,4.00,'This web app is really good in design, code quality & features. Besides, the customer support provided by the Botble team was really fast & helpful. You guys are awesome!','published','2024-01-06 17:16:50','2024-01-06 17:16:50','[\"products\\/53.jpg\"]'),(287,6,61,1.00,'This script is well coded and is super fast. The support is pretty quick. Very patient and helpful team. I strongly recommend it and they deserve more than 5 stars.','published','2024-01-06 17:16:50','2024-01-06 17:16:50','[\"products\\/1.jpg\",\"products\\/31.jpg\",\"products\\/35.jpg\",\"products\\/40.jpg\"]'),(288,10,18,3.00,'As a developer I reviewed this script. This is really awesome ecommerce script. I have convinced when I noticed that it\'s built on fully WordPress concept.','published','2024-01-06 17:16:50','2024-01-06 17:16:50','[\"products\\/27.jpg\",\"products\\/35.jpg\",\"products\\/42-1.jpg\",\"products\\/62.jpg\"]'),(289,2,29,4.00,'Second or third time that I buy a Botble product, happy with the products and support. You guys do a good job :)','published','2024-01-06 17:16:50','2024-01-06 17:16:50','[\"products\\/27.jpg\",\"products\\/30-1.jpg\",\"products\\/43.jpg\",\"products\\/57.jpg\"]'),(290,8,63,2.00,'The script is the best of its class, fast, easy to implement and work with , and the most important thing is the great support team , Recommend with no doubt.','published','2024-01-06 17:16:50','2024-01-06 17:16:50','[\"products\\/9-1.jpg\",\"products\\/35.jpg\"]'),(294,5,20,2.00,'Great system, great support, good job Botble. I\'m looking forward to more great functional plugins.','published','2024-01-06 17:16:50','2024-01-06 17:16:50','[\"products\\/12.jpg\",\"products\\/53.jpg\",\"products\\/61-1.jpg\"]'),(297,2,63,5.00,'Ok good product. I have some issues in customizations. But its not correct to blame the developer. The product is good. Good luck for your business.','published','2024-01-06 17:16:50','2024-01-06 17:16:50','[\"products\\/59.jpg\"]'),(298,9,29,2.00,'These guys are amazing! Responses immediately, amazing support and help... I immediately feel at ease after Purchasing..','published','2024-01-06 17:16:50','2024-01-06 17:16:50','[\"products\\/2-2.jpg\"]'),(299,2,57,1.00,'Customer Support are grade (A*), however the code is a way too over engineered for it\'s purpose.','published','2024-01-06 17:16:50','2024-01-06 17:16:50','[\"products\\/5.jpg\",\"products\\/8-1.jpg\",\"products\\/59.jpg\"]'),(300,5,25,5.00,'For me the best eCommerce script on Envato at this moment: modern, clean code, a lot of great features. The customer support is great too: I always get an answer within hours!','published','2024-01-06 17:16:50','2024-01-06 17:16:50','[\"products\\/7.jpg\",\"products\\/27.jpg\",\"products\\/38-3.jpg\"]'),(302,5,8,2.00,'Ok good product. I have some issues in customizations. But its not correct to blame the developer. The product is good. Good luck for your business.','published','2024-01-06 17:16:50','2024-01-06 17:16:50','[\"products\\/9-1.jpg\",\"products\\/41-1.jpg\",\"products\\/49-2.jpg\"]'),(303,5,62,5.00,'Those guys now what they are doing, the release such a good product that it\'s a pleasure to work with ! Even when I was stuck on the project, I created a ticket and the next day it was replied by the team. GOOD JOB guys. I love working with them :)','published','2024-01-06 17:16:50','2024-01-06 17:16:50','[\"products\\/2-2.jpg\",\"products\\/52-1.jpg\"]'),(304,7,16,1.00,'It\'s not my first experience here on Codecanyon and I can honestly tell you all that Botble puts a LOT of effort into the support. They answer so fast, they helped me tons of times. REALLY by far THE BEST EXPERIENCE on Codecanyon. Those guys at Botble are so good that they deserve 5 stars. I recommend them, I trust them and I can\'t wait to see what they will sell in a near future. Thank you Botble :)','published','2024-01-06 17:16:50','2024-01-06 17:16:50','[\"products\\/42.jpg\",\"products\\/47-1.jpg\",\"products\\/60-1.jpg\"]'),(305,4,63,4.00,'Clean & perfect source code','published','2024-01-06 17:16:50','2024-01-06 17:16:50','[\"products\\/19-1.jpg\",\"products\\/22-3.jpg\",\"products\\/51.jpg\",\"products\\/58.jpg\"]'),(307,7,21,3.00,'Great E-commerce system. And much more : Wonderful Customer Support.','published','2024-01-06 17:16:50','2024-01-06 17:16:50','[\"products\\/29-2.jpg\",\"products\\/35.jpg\",\"products\\/55.jpg\",\"products\\/58-2.jpg\"]'),(308,7,44,4.00,'The code is good, in general, if you like it, can you give it 5 stars?','published','2024-01-06 17:16:50','2024-01-06 17:16:50','[\"products\\/37-2.jpg\"]'),(309,5,21,5.00,'Good app, good backup service and support. Good documentation.','published','2024-01-06 17:16:50','2024-01-06 17:16:50','[\"products\\/6.jpg\",\"products\\/11-2.jpg\",\"products\\/41.jpg\",\"products\\/45.jpg\"]'),(312,7,42,5.00,'Cool template. Excellent code quality. The support responds very quickly, which is very rare on themeforest and codecanyon.net, I buy a lot of templates, and everyone will have a response from technical support for two or three days. Thanks to tech support. I recommend to buy.','published','2024-01-06 17:16:50','2024-01-06 17:16:50','[\"products\\/36.jpg\",\"products\\/39-1.jpg\"]'),(313,4,41,1.00,'The script is the best of its class, fast, easy to implement and work with , and the most important thing is the great support team , Recommend with no doubt.','published','2024-01-06 17:16:50','2024-01-06 17:16:50','[\"products\\/2-1.jpg\",\"products\\/7.jpg\",\"products\\/22-3.jpg\"]'),(318,6,41,1.00,'The code is good, in general, if you like it, can you give it 5 stars?','published','2024-01-06 17:16:50','2024-01-06 17:16:50','[\"products\\/5-1.jpg\",\"products\\/53-1.jpg\",\"products\\/60-1.jpg\"]'),(319,10,13,3.00,'Solution is too robust for our purpose so we didn\'t use it at the end. But I appreciate customer support during initial configuration.','published','2024-01-06 17:16:50','2024-01-06 17:16:50','[\"products\\/12-1.jpg\",\"products\\/52-1.jpg\",\"products\\/52.jpg\"]'),(321,8,37,4.00,'Those guys now what they are doing, the release such a good product that it\'s a pleasure to work with ! Even when I was stuck on the project, I created a ticket and the next day it was replied by the team. GOOD JOB guys. I love working with them :)','published','2024-01-06 17:16:50','2024-01-06 17:16:50','[\"products\\/5-1.jpg\",\"products\\/19-2.jpg\",\"products\\/43-1.jpg\",\"products\\/52-1.jpg\"]'),(322,5,48,1.00,'The code is good, in general, if you like it, can you give it 5 stars?','published','2024-01-06 17:16:50','2024-01-06 17:16:50','[\"products\\/4-2.jpg\",\"products\\/17-1.jpg\",\"products\\/38-1.jpg\",\"products\\/61.jpg\"]'),(325,1,11,4.00,'These guys are amazing! Responses immediately, amazing support and help... I immediately feel at ease after Purchasing..','published','2024-01-06 17:16:50','2024-01-06 17:16:50','[\"products\\/60-1.jpg\"]'),(326,3,59,1.00,'This web app is really good in design, code quality & features. Besides, the customer support provided by the Botble team was really fast & helpful. You guys are awesome!','published','2024-01-06 17:16:50','2024-01-06 17:16:50','[\"products\\/12-1.jpg\"]'),(327,5,59,3.00,'Customer Support are grade (A*), however the code is a way too over engineered for it\'s purpose.','published','2024-01-06 17:16:50','2024-01-06 17:16:50','[\"products\\/33-1.jpg\",\"products\\/49-2.jpg\"]'),(331,10,64,3.00,'This script is well coded and is super fast. The support is pretty quick. Very patient and helpful team. I strongly recommend it and they deserve more than 5 stars.','published','2024-01-06 17:16:50','2024-01-06 17:16:50','[\"products\\/24-2.jpg\",\"products\\/51.jpg\",\"products\\/58-2.jpg\"]'),(332,10,20,5.00,'Best ecommerce CMS online store!','published','2024-01-06 17:16:50','2024-01-06 17:16:50','[\"products\\/44-1.jpg\",\"products\\/62.jpg\"]'),(334,1,9,1.00,'Solution is too robust for our purpose so we didn\'t use it at the end. But I appreciate customer support during initial configuration.','published','2024-01-06 17:16:50','2024-01-06 17:16:50','[\"products\\/44-2.jpg\",\"products\\/55.jpg\"]'),(335,3,30,2.00,'We have received brilliant service support and will be expanding the features with the developer. Nice product!','published','2024-01-06 17:16:50','2024-01-06 17:16:50','[\"products\\/23.jpg\",\"products\\/43-2.jpg\",\"products\\/60-1.jpg\"]'),(336,10,34,5.00,'The script is the best of its class, fast, easy to implement and work with , and the most important thing is the great support team , Recommend with no doubt.','published','2024-01-06 17:16:50','2024-01-06 17:16:50','[\"products\\/13-1.jpg\",\"products\\/22-2.jpg\",\"products\\/50-1.jpg\"]'),(337,3,64,5.00,'Cool template. Excellent code quality. The support responds very quickly, which is very rare on themeforest and codecanyon.net, I buy a lot of templates, and everyone will have a response from technical support for two or three days. Thanks to tech support. I recommend to buy.','published','2024-01-06 17:16:50','2024-01-06 17:16:50','[\"products\\/19.jpg\",\"products\\/39-1.jpg\"]'),(338,2,47,5.00,'The best store template! Excellent coding! Very good support! Thank you so much for all the help, I really appreciated.','published','2024-01-06 17:16:50','2024-01-06 17:16:50','[\"products\\/20-3.jpg\",\"products\\/40-1.jpg\",\"products\\/52.jpg\"]'),(339,6,50,4.00,'For me the best eCommerce script on Envato at this moment: modern, clean code, a lot of great features. The customer support is great too: I always get an answer within hours!','published','2024-01-06 17:16:50','2024-01-06 17:16:50','[\"products\\/12-3.jpg\",\"products\\/19.jpg\",\"products\\/26-1.jpg\",\"products\\/55.jpg\"]'),(340,2,12,1.00,'For me the best eCommerce script on Envato at this moment: modern, clean code, a lot of great features. The customer support is great too: I always get an answer within hours!','published','2024-01-06 17:16:50','2024-01-06 17:16:50','[\"products\\/22-3.jpg\",\"products\\/40-1.jpg\",\"products\\/45-1.jpg\",\"products\\/47-1.jpg\"]'),(341,9,39,4.00,'Best ecommerce CMS online store!','published','2024-01-06 17:16:50','2024-01-06 17:16:50','[\"products\\/4-3.jpg\",\"products\\/30-1.jpg\",\"products\\/49-2.jpg\",\"products\\/51.jpg\"]'),(342,3,26,1.00,'Second or third time that I buy a Botble product, happy with the products and support. You guys do a good job :)','published','2024-01-06 17:16:50','2024-01-06 17:16:50','[\"products\\/50.jpg\",\"products\\/55-1.jpg\"]'),(346,5,11,4.00,'Great system, great support, good job Botble. I\'m looking forward to more great functional plugins.','published','2024-01-06 17:16:50','2024-01-06 17:16:50','[\"products\\/11-1.jpg\"]'),(348,6,64,2.00,'It\'s not my first experience here on Codecanyon and I can honestly tell you all that Botble puts a LOT of effort into the support. They answer so fast, they helped me tons of times. REALLY by far THE BEST EXPERIENCE on Codecanyon. Those guys at Botble are so good that they deserve 5 stars. I recommend them, I trust them and I can\'t wait to see what they will sell in a near future. Thank you Botble :)','published','2024-01-06 17:16:50','2024-01-06 17:16:50','[\"products\\/12.jpg\",\"products\\/20.jpg\",\"products\\/47.jpg\",\"products\\/65.jpg\"]'),(351,4,32,5.00,'Good app, good backup service and support. Good documentation.','published','2024-01-06 17:16:50','2024-01-06 17:16:50','[\"products\\/55-1.jpg\"]'),(353,10,37,2.00,'Clean & perfect source code','published','2024-01-06 17:16:50','2024-01-06 17:16:50','[\"products\\/11.jpg\",\"products\\/19-3.jpg\",\"products\\/39-1.jpg\",\"products\\/59-3.jpg\"]'),(354,1,36,3.00,'The code is good, in general, if you like it, can you give it 5 stars?','published','2024-01-06 17:16:50','2024-01-06 17:16:50','[\"products\\/42.jpg\",\"products\\/60.jpg\"]'),(357,1,47,2.00,'Best ecommerce CMS online store!','published','2024-01-06 17:16:50','2024-01-06 17:16:50','[\"products\\/4-1.jpg\",\"products\\/5.jpg\",\"products\\/54.jpg\",\"products\\/63.jpg\"]'),(359,9,38,2.00,'Solution is too robust for our purpose so we didn\'t use it at the end. But I appreciate customer support during initial configuration.','published','2024-01-06 17:16:50','2024-01-06 17:16:50','[\"products\\/2-3.jpg\",\"products\\/15-1.jpg\",\"products\\/56-2.jpg\"]'),(360,10,10,5.00,'The script is the best of its class, fast, easy to implement and work with , and the most important thing is the great support team , Recommend with no doubt.','published','2024-01-06 17:16:50','2024-01-06 17:16:50','[\"products\\/35.jpg\",\"products\\/46.jpg\"]'),(361,8,30,1.00,'Good app, good backup service and support. Good documentation.','published','2024-01-06 17:16:50','2024-01-06 17:16:50','[\"products\\/18-2.jpg\"]'),(363,3,56,3.00,'Good app, good backup service and support. Good documentation.','published','2024-01-06 17:16:50','2024-01-06 17:16:50','[\"products\\/2-2.jpg\",\"products\\/43-2.jpg\",\"products\\/52.jpg\",\"products\\/63.jpg\"]'),(364,1,35,3.00,'Best ecommerce CMS online store!','published','2024-01-06 17:16:50','2024-01-06 17:16:50','[\"products\\/9-1.jpg\",\"products\\/31-1.jpg\",\"products\\/36-1.jpg\",\"products\\/44.jpg\"]'),(368,10,39,2.00,'Good app, good backup service and support. Good documentation.','published','2024-01-06 17:16:50','2024-01-06 17:16:50','[\"products\\/36-2.jpg\",\"products\\/46-1.jpg\"]'),(369,3,62,1.00,'Great system, great support, good job Botble. I\'m looking forward to more great functional plugins.','published','2024-01-06 17:16:50','2024-01-06 17:16:50','[\"products\\/63-1.jpg\"]'),(370,6,43,1.00,'Clean & perfect source code','published','2024-01-06 17:16:50','2024-01-06 17:16:50','[\"products\\/4-2.jpg\",\"products\\/32-1.jpg\",\"products\\/60-2.jpg\"]'),(372,6,45,1.00,'Second or third time that I buy a Botble product, happy with the products and support. You guys do a good job :)','published','2024-01-06 17:16:50','2024-01-06 17:16:50','[\"products\\/41-1.jpg\",\"products\\/57.jpg\"]'),(373,8,29,2.00,'The code is good, in general, if you like it, can you give it 5 stars?','published','2024-01-06 17:16:50','2024-01-06 17:16:50','[\"products\\/5-3.jpg\",\"products\\/34-1.jpg\"]'),(374,5,13,3.00,'Cool template. Excellent code quality. The support responds very quickly, which is very rare on themeforest and codecanyon.net, I buy a lot of templates, and everyone will have a response from technical support for two or three days. Thanks to tech support. I recommend to buy.','published','2024-01-06 17:16:50','2024-01-06 17:16:50','[\"products\\/18-3.jpg\",\"products\\/29-2.jpg\",\"products\\/41-2.jpg\",\"products\\/47-1.jpg\"]'),(375,2,51,5.00,'The code is good, in general, if you like it, can you give it 5 stars?','published','2024-01-06 17:16:50','2024-01-06 17:16:50','[\"products\\/62.jpg\"]'),(376,1,40,5.00,'Great system, great support, good job Botble. I\'m looking forward to more great functional plugins.','published','2024-01-06 17:16:50','2024-01-06 17:16:50','[\"products\\/14.jpg\",\"products\\/44.jpg\",\"products\\/48.jpg\"]'),(381,8,34,3.00,'The best store template! Excellent coding! Very good support! Thank you so much for all the help, I really appreciated.','published','2024-01-06 17:16:50','2024-01-06 17:16:50','[\"products\\/15.jpg\"]'),(386,4,53,1.00,'Those guys now what they are doing, the release such a good product that it\'s a pleasure to work with ! Even when I was stuck on the project, I created a ticket and the next day it was replied by the team. GOOD JOB guys. I love working with them :)','published','2024-01-06 17:16:50','2024-01-06 17:16:50','[\"products\\/8-3.jpg\",\"products\\/25-1.jpg\",\"products\\/27.jpg\",\"products\\/36.jpg\"]'),(390,1,25,3.00,'Clean & perfect source code','published','2024-01-06 17:16:50','2024-01-06 17:16:50','[\"products\\/21-2.jpg\",\"products\\/22-1.jpg\",\"products\\/22-3.jpg\",\"products\\/30-1.jpg\"]'),(395,8,4,4.00,'I Love this Script. I also found how to add other fees. Now I just wait the BIG update for the Marketplace with the Bulk Import. Just do not forget to make it to be Multi-language for us the Botble Fans.','published','2024-01-06 17:16:50','2024-01-06 17:16:50','[\"products\\/23.jpg\",\"products\\/49-2.jpg\",\"products\\/63-1.jpg\"]'),(401,3,44,4.00,'Customer Support are grade (A*), however the code is a way too over engineered for it\'s purpose.','published','2024-01-06 17:16:50','2024-01-06 17:16:50','[\"products\\/8-1.jpg\"]'),(402,8,52,1.00,'This script is well coded and is super fast. The support is pretty quick. Very patient and helpful team. I strongly recommend it and they deserve more than 5 stars.','published','2024-01-06 17:16:50','2024-01-06 17:16:50','[\"products\\/2-3.jpg\",\"products\\/56-2.jpg\",\"products\\/61-1.jpg\",\"products\\/62-1.jpg\"]'),(403,7,27,2.00,'For me the best eCommerce script on Envato at this moment: modern, clean code, a lot of great features. The customer support is great too: I always get an answer within hours!','published','2024-01-06 17:16:50','2024-01-06 17:16:50','[\"products\\/50.jpg\"]'),(404,9,23,1.00,'The script is the best of its class, fast, easy to implement and work with , and the most important thing is the great support team , Recommend with no doubt.','published','2024-01-06 17:16:50','2024-01-06 17:16:50','[\"products\\/4-2.jpg\"]'),(406,8,2,1.00,'Very enthusiastic support! Excellent code is written. It\'s a true pleasure working with.','published','2024-01-06 17:16:50','2024-01-06 17:16:50','[\"products\\/63.jpg\"]'),(407,2,46,3.00,'This script is well coded and is super fast. The support is pretty quick. Very patient and helpful team. I strongly recommend it and they deserve more than 5 stars.','published','2024-01-06 17:16:50','2024-01-06 17:16:50','[\"products\\/5-1.jpg\",\"products\\/5-3.jpg\",\"products\\/23.jpg\",\"products\\/55.jpg\"]'),(409,4,59,4.00,'The best store template! Excellent coding! Very good support! Thank you so much for all the help, I really appreciated.','published','2024-01-06 17:16:50','2024-01-06 17:16:50','[\"products\\/10-2.jpg\"]'),(411,1,38,1.00,'This script is well coded and is super fast. The support is pretty quick. Very patient and helpful team. I strongly recommend it and they deserve more than 5 stars.','published','2024-01-06 17:16:50','2024-01-06 17:16:50','[\"products\\/8-3.jpg\",\"products\\/52-1.jpg\"]'),(413,9,54,3.00,'Ok good product. I have some issues in customizations. But its not correct to blame the developer. The product is good. Good luck for your business.','published','2024-01-06 17:16:50','2024-01-06 17:16:50','[\"products\\/18.jpg\",\"products\\/33.jpg\",\"products\\/39-1.jpg\",\"products\\/44-2.jpg\"]'),(414,4,25,1.00,'Great E-commerce system. And much more : Wonderful Customer Support.','published','2024-01-06 17:16:50','2024-01-06 17:16:50','[\"products\\/4-3.jpg\",\"products\\/30.jpg\",\"products\\/42-1.jpg\",\"products\\/56-1.jpg\"]'),(415,10,53,2.00,'Cool template. Excellent code quality. The support responds very quickly, which is very rare on themeforest and codecanyon.net, I buy a lot of templates, and everyone will have a response from technical support for two or three days. Thanks to tech support. I recommend to buy.','published','2024-01-06 17:16:50','2024-01-06 17:16:50','[\"products\\/1.jpg\",\"products\\/8-2.jpg\",\"products\\/52.jpg\"]'),(416,8,61,3.00,'Very enthusiastic support! Excellent code is written. It\'s a true pleasure working with.','published','2024-01-06 17:16:50','2024-01-06 17:16:50','[\"products\\/25-2.jpg\",\"products\\/56-2.jpg\",\"products\\/58-2.jpg\"]'),(417,8,47,5.00,'For me the best eCommerce script on Envato at this moment: modern, clean code, a lot of great features. The customer support is great too: I always get an answer within hours!','published','2024-01-06 17:16:50','2024-01-06 17:16:50','[\"products\\/20-2.jpg\",\"products\\/44-1.jpg\",\"products\\/59.jpg\"]'),(418,5,26,4.00,'Clean & perfect source code','published','2024-01-06 17:16:50','2024-01-06 17:16:50','[\"products\\/5.jpg\",\"products\\/50-1.jpg\",\"products\\/56.jpg\"]'),(420,6,44,5.00,'These guys are amazing! Responses immediately, amazing support and help... I immediately feel at ease after Purchasing..','published','2024-01-06 17:16:50','2024-01-06 17:16:50','[\"products\\/20-3.jpg\"]'),(422,4,16,3.00,'I Love this Script. I also found how to add other fees. Now I just wait the BIG update for the Marketplace with the Bulk Import. Just do not forget to make it to be Multi-language for us the Botble Fans.','published','2024-01-06 17:16:50','2024-01-06 17:16:50','[\"products\\/32-2.jpg\",\"products\\/36-2.jpg\",\"products\\/38-3.jpg\"]'),(423,3,33,3.00,'Amazing code, amazing support. Overall, im really confident in Botble and im happy I made the right choice! Thank you so much guys for coding this masterpiece','published','2024-01-06 17:16:50','2024-01-06 17:16:50','[\"products\\/4-1.jpg\",\"products\\/40.jpg\"]'),(424,2,40,1.00,'Very enthusiastic support! Excellent code is written. It\'s a true pleasure working with.','published','2024-01-06 17:16:50','2024-01-06 17:16:50','[\"products\\/40.jpg\"]'),(427,6,14,3.00,'For me the best eCommerce script on Envato at this moment: modern, clean code, a lot of great features. The customer support is great too: I always get an answer within hours!','published','2024-01-06 17:16:50','2024-01-06 17:16:50','[\"products\\/2.jpg\",\"products\\/53-1.jpg\",\"products\\/64-1.jpg\"]'),(435,7,51,4.00,'For me the best eCommerce script on Envato at this moment: modern, clean code, a lot of great features. The customer support is great too: I always get an answer within hours!','published','2024-01-06 17:16:50','2024-01-06 17:16:50','[\"products\\/9-1.jpg\"]'),(437,7,15,5.00,'The script is the best of its class, fast, easy to implement and work with , and the most important thing is the great support team , Recommend with no doubt.','published','2024-01-06 17:16:50','2024-01-06 17:16:50','[\"products\\/21.jpg\",\"products\\/36-2.jpg\"]'),(441,6,52,1.00,'Second or third time that I buy a Botble product, happy with the products and support. You guys do a good job :)','published','2024-01-06 17:16:50','2024-01-06 17:16:50','[\"products\\/47.jpg\"]'),(443,10,61,5.00,'Clean & perfect source code','published','2024-01-06 17:16:50','2024-01-06 17:16:50','[\"products\\/48-1.jpg\"]'),(444,1,2,3.00,'The script is the best of its class, fast, easy to implement and work with , and the most important thing is the great support team , Recommend with no doubt.','published','2024-01-06 17:16:50','2024-01-06 17:16:50','[\"products\\/1.jpg\",\"products\\/4-3.jpg\",\"products\\/10-1.jpg\",\"products\\/56-1.jpg\"]'),(446,3,36,3.00,'Great system, great support, good job Botble. I\'m looking forward to more great functional plugins.','published','2024-01-06 17:16:50','2024-01-06 17:16:50','[\"products\\/46-1.jpg\",\"products\\/59-3.jpg\"]'),(447,1,5,4.00,'Best ecommerce CMS online store!','published','2024-01-06 17:16:50','2024-01-06 17:16:50','[\"products\\/34.jpg\",\"products\\/49-2.jpg\",\"products\\/52-2.jpg\"]'),(448,3,16,1.00,'Customer Support are grade (A*), however the code is a way too over engineered for it\'s purpose.','published','2024-01-06 17:16:50','2024-01-06 17:16:50','[\"products\\/30-2.jpg\",\"products\\/41.jpg\",\"products\\/56-1.jpg\"]'),(451,8,54,1.00,'Very enthusiastic support! Excellent code is written. It\'s a true pleasure working with.','published','2024-01-06 17:16:50','2024-01-06 17:16:50','[\"products\\/4-3.jpg\",\"products\\/12-2.jpg\",\"products\\/25.jpg\"]'),(452,9,12,4.00,'Customer Support are grade (A*), however the code is a way too over engineered for it\'s purpose.','published','2024-01-06 17:16:50','2024-01-06 17:16:50','[\"products\\/18-1.jpg\",\"products\\/25-1.jpg\",\"products\\/58-1.jpg\"]'),(453,7,7,1.00,'Best ecommerce CMS online store!','published','2024-01-06 17:16:50','2024-01-06 17:16:50','[\"products\\/4.jpg\",\"products\\/36-2.jpg\"]'),(454,5,40,1.00,'The code is good, in general, if you like it, can you give it 5 stars?','published','2024-01-06 17:16:50','2024-01-06 17:16:50','[\"products\\/33.jpg\"]'),(459,6,47,1.00,'Second or third time that I buy a Botble product, happy with the products and support. You guys do a good job :)','published','2024-01-06 17:16:50','2024-01-06 17:16:50','[\"products\\/4-2.jpg\",\"products\\/28.jpg\",\"products\\/44.jpg\"]'),(461,5,2,4.00,'Perfect +++++++++ i love it really also i get to fast ticket answers... Thanks Lot BOTBLE Teams','published','2024-01-06 17:16:50','2024-01-06 17:16:50','[\"products\\/35-1.jpg\"]'),(464,6,11,2.00,'Good app, good backup service and support. Good documentation.','published','2024-01-06 17:16:50','2024-01-06 17:16:50','[\"products\\/10-2.jpg\",\"products\\/23.jpg\",\"products\\/53-1.jpg\",\"products\\/62.jpg\"]'),(466,9,63,2.00,'This script is well coded and is super fast. The support is pretty quick. Very patient and helpful team. I strongly recommend it and they deserve more than 5 stars.','published','2024-01-06 17:16:50','2024-01-06 17:16:50','[\"products\\/49-1.jpg\"]'),(467,8,42,3.00,'I Love this Script. I also found how to add other fees. Now I just wait the BIG update for the Marketplace with the Bulk Import. Just do not forget to make it to be Multi-language for us the Botble Fans.','published','2024-01-06 17:16:50','2024-01-06 17:16:50','[\"products\\/4.jpg\",\"products\\/32.jpg\"]'),(471,10,56,1.00,'Good app, good backup service and support. Good documentation.','published','2024-01-06 17:16:50','2024-01-06 17:16:50','[\"products\\/12-2.jpg\",\"products\\/18-2.jpg\",\"products\\/39-1.jpg\"]'),(474,8,26,1.00,'Amazing code, amazing support. Overall, im really confident in Botble and im happy I made the right choice! Thank you so much guys for coding this masterpiece','published','2024-01-06 17:16:50','2024-01-06 17:16:50','[\"products\\/26-1.jpg\"]'),(475,9,2,5.00,'Great system, great support, good job Botble. I\'m looking forward to more great functional plugins.','published','2024-01-06 17:16:50','2024-01-06 17:16:50','[\"products\\/11.jpg\",\"products\\/28.jpg\"]'),(477,1,56,4.00,'We have received brilliant service support and will be expanding the features with the developer. Nice product!','published','2024-01-06 17:16:50','2024-01-06 17:16:50','[\"products\\/17.jpg\",\"products\\/21.jpg\",\"products\\/38-3.jpg\",\"products\\/44-2.jpg\"]'),(479,10,4,4.00,'This script is well coded and is super fast. The support is pretty quick. Very patient and helpful team. I strongly recommend it and they deserve more than 5 stars.','published','2024-01-06 17:16:50','2024-01-06 17:16:50','[\"products\\/2-3.jpg\",\"products\\/19-2.jpg\",\"products\\/43-1.jpg\"]'),(480,7,24,5.00,'Those guys now what they are doing, the release such a good product that it\'s a pleasure to work with ! Even when I was stuck on the project, I created a ticket and the next day it was replied by the team. GOOD JOB guys. I love working with them :)','published','2024-01-06 17:16:50','2024-01-06 17:16:50','[\"products\\/20.jpg\"]'),(484,5,18,5.00,'Best ecommerce CMS online store!','published','2024-01-06 17:16:50','2024-01-06 17:16:50','[\"products\\/12-3.jpg\",\"products\\/36-1.jpg\",\"products\\/39-2.jpg\"]'),(485,6,62,1.00,'Those guys now what they are doing, the release such a good product that it\'s a pleasure to work with ! Even when I was stuck on the project, I created a ticket and the next day it was replied by the team. GOOD JOB guys. I love working with them :)','published','2024-01-06 17:16:50','2024-01-06 17:16:50','[\"products\\/45-1.jpg\",\"products\\/45.jpg\",\"products\\/54-1.jpg\",\"products\\/57.jpg\"]'),(488,8,50,3.00,'The best ecommerce CMS! Excellent coding! best support service! Thank you so much..... I really like your hard work.','published','2024-01-06 17:16:50','2024-01-06 17:16:50','[\"products\\/7.jpg\",\"products\\/8-1.jpg\",\"products\\/60-2.jpg\"]'),(489,1,30,3.00,'This web app is really good in design, code quality & features. Besides, the customer support provided by the Botble team was really fast & helpful. You guys are awesome!','published','2024-01-06 17:16:50','2024-01-06 17:16:50','[\"products\\/20-3.jpg\",\"products\\/43.jpg\"]'),(492,10,63,3.00,'As a developer I reviewed this script. This is really awesome ecommerce script. I have convinced when I noticed that it\'s built on fully WordPress concept.','published','2024-01-06 17:16:50','2024-01-06 17:16:50','[\"products\\/30-2.jpg\",\"products\\/43-2.jpg\",\"products\\/56.jpg\"]'),(495,2,22,3.00,'I Love this Script. I also found how to add other fees. Now I just wait the BIG update for the Marketplace with the Bulk Import. Just do not forget to make it to be Multi-language for us the Botble Fans.','published','2024-01-06 17:16:50','2024-01-06 17:16:50','[\"products\\/12-3.jpg\",\"products\\/24-2.jpg\"]'),(501,3,21,1.00,'The code is good, in general, if you like it, can you give it 5 stars?','published','2024-01-06 17:16:50','2024-01-06 17:16:50','[\"products\\/20-3.jpg\",\"products\\/41.jpg\",\"products\\/52.jpg\",\"products\\/60-1.jpg\"]'),(503,7,2,2.00,'Great system, great support, good job Botble. I\'m looking forward to more great functional plugins.','published','2024-01-06 17:16:50','2024-01-06 17:16:50','[\"products\\/5-1.jpg\",\"products\\/13-1.jpg\"]'),(507,1,13,4.00,'The code is good, in general, if you like it, can you give it 5 stars?','published','2024-01-06 17:16:50','2024-01-06 17:16:50','[\"products\\/27-1.jpg\",\"products\\/36.jpg\",\"products\\/38-1.jpg\"]'),(508,9,43,2.00,'This web app is really good in design, code quality & features. Besides, the customer support provided by the Botble team was really fast & helpful. You guys are awesome!','published','2024-01-06 17:16:50','2024-01-06 17:16:50','[\"products\\/17.jpg\",\"products\\/21-1.jpg\"]'),(512,9,61,4.00,'Great E-commerce system. And much more : Wonderful Customer Support.','published','2024-01-06 17:16:50','2024-01-06 17:16:50','[\"products\\/5-2.jpg\",\"products\\/38.jpg\"]'),(513,5,38,3.00,'It\'s not my first experience here on Codecanyon and I can honestly tell you all that Botble puts a LOT of effort into the support. They answer so fast, they helped me tons of times. REALLY by far THE BEST EXPERIENCE on Codecanyon. Those guys at Botble are so good that they deserve 5 stars. I recommend them, I trust them and I can\'t wait to see what they will sell in a near future. Thank you Botble :)','published','2024-01-06 17:16:50','2024-01-06 17:16:50','[\"products\\/28.jpg\",\"products\\/60.jpg\"]'),(515,6,27,5.00,'Ok good product. I have some issues in customizations. But its not correct to blame the developer. The product is good. Good luck for your business.','published','2024-01-06 17:16:50','2024-01-06 17:16:50','[\"products\\/42-1.jpg\"]'),(516,1,12,1.00,'Perfect +++++++++ i love it really also i get to fast ticket answers... Thanks Lot BOTBLE Teams','published','2024-01-06 17:16:50','2024-01-06 17:16:50','[\"products\\/38.jpg\",\"products\\/59-2.jpg\"]'),(517,8,38,4.00,'Cool template. Excellent code quality. The support responds very quickly, which is very rare on themeforest and codecanyon.net, I buy a lot of templates, and everyone will have a response from technical support for two or three days. Thanks to tech support. I recommend to buy.','published','2024-01-06 17:16:50','2024-01-06 17:16:50','[\"products\\/21.jpg\",\"products\\/25.jpg\"]'),(522,1,29,3.00,'Very enthusiastic support! Excellent code is written. It\'s a true pleasure working with.','published','2024-01-06 17:16:50','2024-01-06 17:16:50','[\"products\\/52.jpg\",\"products\\/54.jpg\",\"products\\/58-2.jpg\"]'),(524,2,25,2.00,'Best ecommerce CMS online store!','published','2024-01-06 17:16:50','2024-01-06 17:16:50','[\"products\\/36-2.jpg\",\"products\\/46-1.jpg\"]'),(526,1,65,3.00,'Those guys now what they are doing, the release such a good product that it\'s a pleasure to work with ! Even when I was stuck on the project, I created a ticket and the next day it was replied by the team. GOOD JOB guys. I love working with them :)','published','2024-01-06 17:16:50','2024-01-06 17:16:50','[\"products\\/17-2.jpg\",\"products\\/36-1.jpg\",\"products\\/49-2.jpg\"]'),(527,2,35,1.00,'This script is well coded and is super fast. The support is pretty quick. Very patient and helpful team. I strongly recommend it and they deserve more than 5 stars.','published','2024-01-06 17:16:50','2024-01-06 17:16:50','[\"products\\/8.jpg\",\"products\\/63-1.jpg\"]'),(534,9,16,3.00,'Perfect +++++++++ i love it really also i get to fast ticket answers... Thanks Lot BOTBLE Teams','published','2024-01-06 17:16:50','2024-01-06 17:16:50','[\"products\\/10.jpg\",\"products\\/49-1.jpg\",\"products\\/59-1.jpg\"]'),(535,4,12,5.00,'Cool template. Excellent code quality. The support responds very quickly, which is very rare on themeforest and codecanyon.net, I buy a lot of templates, and everyone will have a response from technical support for two or three days. Thanks to tech support. I recommend to buy.','published','2024-01-06 17:16:50','2024-01-06 17:16:50','[\"products\\/4-1.jpg\",\"products\\/28.jpg\",\"products\\/35.jpg\",\"products\\/62-1.jpg\"]'),(539,7,48,3.00,'Great system, great support, good job Botble. I\'m looking forward to more great functional plugins.','published','2024-01-06 17:16:50','2024-01-06 17:16:50','[\"products\\/48.jpg\"]'),(542,9,50,1.00,'For me the best eCommerce script on Envato at this moment: modern, clean code, a lot of great features. The customer support is great too: I always get an answer within hours!','published','2024-01-06 17:16:50','2024-01-06 17:16:50','[\"products\\/10.jpg\",\"products\\/11-2.jpg\",\"products\\/15-1.jpg\",\"products\\/29-1.jpg\"]'),(543,9,9,1.00,'Great E-commerce system. And much more : Wonderful Customer Support.','published','2024-01-06 17:16:50','2024-01-06 17:16:50','[\"products\\/7.jpg\",\"products\\/35.jpg\",\"products\\/53.jpg\",\"products\\/65-1.jpg\"]'),(545,3,35,4.00,'Cool template. Excellent code quality. The support responds very quickly, which is very rare on themeforest and codecanyon.net, I buy a lot of templates, and everyone will have a response from technical support for two or three days. Thanks to tech support. I recommend to buy.','published','2024-01-06 17:16:50','2024-01-06 17:16:50','[\"products\\/65-1.jpg\"]'),(550,4,10,2.00,'As a developer I reviewed this script. This is really awesome ecommerce script. I have convinced when I noticed that it\'s built on fully WordPress concept.','published','2024-01-06 17:16:50','2024-01-06 17:16:50','[\"products\\/12-1.jpg\",\"products\\/13.jpg\",\"products\\/23-2.jpg\",\"products\\/23-3.jpg\"]'),(552,10,15,5.00,'Customer Support are grade (A*), however the code is a way too over engineered for it\'s purpose.','published','2024-01-06 17:16:50','2024-01-06 17:16:50','[\"products\\/10-2.jpg\",\"products\\/25.jpg\",\"products\\/39-2.jpg\"]'),(553,1,3,3.00,'Best ecommerce CMS online store!','published','2024-01-06 17:16:50','2024-01-06 17:16:50','[\"products\\/18.jpg\",\"products\\/28.jpg\",\"products\\/30-1.jpg\",\"products\\/40.jpg\"]'),(554,8,35,5.00,'Those guys now what they are doing, the release such a good product that it\'s a pleasure to work with ! Even when I was stuck on the project, I created a ticket and the next day it was replied by the team. GOOD JOB guys. I love working with them :)','published','2024-01-06 17:16:50','2024-01-06 17:16:50','[\"products\\/53.jpg\"]'),(555,5,33,2.00,'It\'s not my first experience here on Codecanyon and I can honestly tell you all that Botble puts a LOT of effort into the support. They answer so fast, they helped me tons of times. REALLY by far THE BEST EXPERIENCE on Codecanyon. Those guys at Botble are so good that they deserve 5 stars. I recommend them, I trust them and I can\'t wait to see what they will sell in a near future. Thank you Botble :)','published','2024-01-06 17:16:50','2024-01-06 17:16:50','[\"products\\/12-2.jpg\",\"products\\/17-1.jpg\",\"products\\/64.jpg\"]'),(558,8,31,5.00,'This script is well coded and is super fast. The support is pretty quick. Very patient and helpful team. I strongly recommend it and they deserve more than 5 stars.','published','2024-01-06 17:16:50','2024-01-06 17:16:50','[\"products\\/5-1.jpg\",\"products\\/23.jpg\"]'),(560,4,6,3.00,'Solution is too robust for our purpose so we didn\'t use it at the end. But I appreciate customer support during initial configuration.','published','2024-01-06 17:16:50','2024-01-06 17:16:50','[\"products\\/24-1.jpg\",\"products\\/31.jpg\",\"products\\/53-1.jpg\"]'),(562,5,28,2.00,'Those guys now what they are doing, the release such a good product that it\'s a pleasure to work with ! Even when I was stuck on the project, I created a ticket and the next day it was replied by the team. GOOD JOB guys. I love working with them :)','published','2024-01-06 17:16:50','2024-01-06 17:16:50','[\"products\\/11-1.jpg\",\"products\\/18-3.jpg\",\"products\\/29-1.jpg\"]'),(570,10,36,2.00,'Good app, good backup service and support. Good documentation.','published','2024-01-06 17:16:50','2024-01-06 17:16:50','[\"products\\/33-2.jpg\",\"products\\/38-1.jpg\",\"products\\/43-1.jpg\"]'),(572,7,32,2.00,'Solution is too robust for our purpose so we didn\'t use it at the end. But I appreciate customer support during initial configuration.','published','2024-01-06 17:16:50','2024-01-06 17:16:50','[\"products\\/15.jpg\",\"products\\/19.jpg\",\"products\\/20-2.jpg\",\"products\\/52-2.jpg\"]'),(573,7,5,5.00,'This script is well coded and is super fast. The support is pretty quick. Very patient and helpful team. I strongly recommend it and they deserve more than 5 stars.','published','2024-01-06 17:16:50','2024-01-06 17:16:50','[\"products\\/19-1.jpg\",\"products\\/19.jpg\",\"products\\/64.jpg\"]'),(577,2,52,3.00,'Ok good product. I have some issues in customizations. But its not correct to blame the developer. The product is good. Good luck for your business.','published','2024-01-06 17:16:50','2024-01-06 17:16:50','[\"products\\/3.jpg\",\"products\\/30-1.jpg\",\"products\\/56-1.jpg\"]'),(587,10,65,2.00,'Perfect +++++++++ i love it really also i get to fast ticket answers... Thanks Lot BOTBLE Teams','published','2024-01-06 17:16:50','2024-01-06 17:16:50','[\"products\\/47-1.jpg\",\"products\\/52-1.jpg\",\"products\\/60-2.jpg\"]'),(591,6,6,1.00,'I Love this Script. I also found how to add other fees. Now I just wait the BIG update for the Marketplace with the Bulk Import. Just do not forget to make it to be Multi-language for us the Botble Fans.','published','2024-01-06 17:16:50','2024-01-06 17:16:50','[\"products\\/45-1.jpg\",\"products\\/56.jpg\"]'),(597,8,17,1.00,'It\'s not my first experience here on Codecanyon and I can honestly tell you all that Botble puts a LOT of effort into the support. They answer so fast, they helped me tons of times. REALLY by far THE BEST EXPERIENCE on Codecanyon. Those guys at Botble are so good that they deserve 5 stars. I recommend them, I trust them and I can\'t wait to see what they will sell in a near future. Thank you Botble :)','published','2024-01-06 17:16:50','2024-01-06 17:16:50','[\"products\\/10-2.jpg\",\"products\\/27.jpg\"]'),(598,6,54,3.00,'Second or third time that I buy a Botble product, happy with the products and support. You guys do a good job :)','published','2024-01-06 17:16:50','2024-01-06 17:16:50','[\"products\\/33-1.jpg\",\"products\\/50.jpg\"]'),(600,10,49,2.00,'This web app is really good in design, code quality & features. Besides, the customer support provided by the Botble team was really fast & helpful. You guys are awesome!','published','2024-01-06 17:16:50','2024-01-06 17:16:50','[\"products\\/17.jpg\",\"products\\/30-1.jpg\",\"products\\/41-1.jpg\"]'),(601,7,40,3.00,'Perfect +++++++++ i love it really also i get to fast ticket answers... Thanks Lot BOTBLE Teams','published','2024-01-06 17:16:50','2024-01-06 17:16:50','[\"products\\/29.jpg\"]'),(604,6,3,3.00,'Good app, good backup service and support. Good documentation.','published','2024-01-06 17:16:50','2024-01-06 17:16:50','[\"products\\/15-1.jpg\",\"products\\/25-1.jpg\",\"products\\/38-1.jpg\"]'),(605,10,21,4.00,'As a developer I reviewed this script. This is really awesome ecommerce script. I have convinced when I noticed that it\'s built on fully WordPress concept.','published','2024-01-06 17:16:50','2024-01-06 17:16:50','[\"products\\/9-1.jpg\",\"products\\/15-1.jpg\",\"products\\/28-2.jpg\",\"products\\/40-1.jpg\"]'),(606,8,15,2.00,'These guys are amazing! Responses immediately, amazing support and help... I immediately feel at ease after Purchasing..','published','2024-01-06 17:16:50','2024-01-06 17:16:50','[\"products\\/32-1.jpg\",\"products\\/33.jpg\"]'),(619,3,46,5.00,'Perfect +++++++++ i love it really also i get to fast ticket answers... Thanks Lot BOTBLE Teams','published','2024-01-06 17:16:50','2024-01-06 17:16:50','[\"products\\/30.jpg\",\"products\\/60.jpg\"]'),(624,3,45,4.00,'This web app is really good in design, code quality & features. Besides, the customer support provided by the Botble team was really fast & helpful. You guys are awesome!','published','2024-01-06 17:16:50','2024-01-06 17:16:50','[\"products\\/11-1.jpg\",\"products\\/21-2.jpg\"]'),(627,6,8,4.00,'The code is good, in general, if you like it, can you give it 5 stars?','published','2024-01-06 17:16:50','2024-01-06 17:16:50','[\"products\\/7.jpg\"]'),(629,3,11,3.00,'Best ecommerce CMS online store!','published','2024-01-06 17:16:50','2024-01-06 17:16:50','[\"products\\/4-3.jpg\",\"products\\/16.jpg\"]'),(630,1,50,5.00,'Amazing code, amazing support. Overall, im really confident in Botble and im happy I made the right choice! Thank you so much guys for coding this masterpiece','published','2024-01-06 17:16:50','2024-01-06 17:16:50','[\"products\\/33-2.jpg\",\"products\\/38-2.jpg\",\"products\\/39.jpg\",\"products\\/57-1.jpg\"]'),(632,7,23,5.00,'This web app is really good in design, code quality & features. Besides, the customer support provided by the Botble team was really fast & helpful. You guys are awesome!','published','2024-01-06 17:16:50','2024-01-06 17:16:50','[\"products\\/2-2.jpg\",\"products\\/6.jpg\",\"products\\/36-1.jpg\"]'),(637,2,20,4.00,'The script is the best of its class, fast, easy to implement and work with , and the most important thing is the great support team , Recommend with no doubt.','published','2024-01-06 17:16:50','2024-01-06 17:16:50','[\"products\\/4-3.jpg\",\"products\\/36-2.jpg\"]'),(638,5,57,5.00,'Solution is too robust for our purpose so we didn\'t use it at the end. But I appreciate customer support during initial configuration.','published','2024-01-06 17:16:50','2024-01-06 17:16:50','[\"products\\/9-1.jpg\",\"products\\/23-1.jpg\",\"products\\/50-1.jpg\"]'),(639,3,1,4.00,'The best ecommerce CMS! Excellent coding! best support service! Thank you so much..... I really like your hard work.','published','2024-01-06 17:16:50','2024-01-06 17:16:50','[\"products\\/12-1.jpg\",\"products\\/20-3.jpg\",\"products\\/21.jpg\"]'),(643,1,51,4.00,'Cool template. Excellent code quality. The support responds very quickly, which is very rare on themeforest and codecanyon.net, I buy a lot of templates, and everyone will have a response from technical support for two or three days. Thanks to tech support. I recommend to buy.','published','2024-01-06 17:16:50','2024-01-06 17:16:50','[\"products\\/11-3.jpg\"]'),(646,4,37,1.00,'It\'s not my first experience here on Codecanyon and I can honestly tell you all that Botble puts a LOT of effort into the support. They answer so fast, they helped me tons of times. REALLY by far THE BEST EXPERIENCE on Codecanyon. Those guys at Botble are so good that they deserve 5 stars. I recommend them, I trust them and I can\'t wait to see what they will sell in a near future. Thank you Botble :)','published','2024-01-06 17:16:50','2024-01-06 17:16:50','[\"products\\/18-2.jpg\",\"products\\/63-1.jpg\"]'),(649,1,52,5.00,'It\'s not my first experience here on Codecanyon and I can honestly tell you all that Botble puts a LOT of effort into the support. They answer so fast, they helped me tons of times. REALLY by far THE BEST EXPERIENCE on Codecanyon. Those guys at Botble are so good that they deserve 5 stars. I recommend them, I trust them and I can\'t wait to see what they will sell in a near future. Thank you Botble :)','published','2024-01-06 17:16:50','2024-01-06 17:16:50','[\"products\\/11-3.jpg\",\"products\\/22-2.jpg\",\"products\\/22-3.jpg\",\"products\\/52.jpg\"]'),(650,8,18,5.00,'The best store template! Excellent coding! Very good support! Thank you so much for all the help, I really appreciated.','published','2024-01-06 17:16:50','2024-01-06 17:16:50','[\"products\\/2.jpg\",\"products\\/22.jpg\",\"products\\/60-1.jpg\"]'),(662,3,48,2.00,'Those guys now what they are doing, the release such a good product that it\'s a pleasure to work with ! Even when I was stuck on the project, I created a ticket and the next day it was replied by the team. GOOD JOB guys. I love working with them :)','published','2024-01-06 17:16:50','2024-01-06 17:16:50','[\"products\\/8-2.jpg\"]'),(666,2,6,2.00,'I Love this Script. I also found how to add other fees. Now I just wait the BIG update for the Marketplace with the Bulk Import. Just do not forget to make it to be Multi-language for us the Botble Fans.','published','2024-01-06 17:16:50','2024-01-06 17:16:50','[\"products\\/12-3.jpg\",\"products\\/19-2.jpg\",\"products\\/24.jpg\",\"products\\/65-2.jpg\"]'),(669,7,63,3.00,'Those guys now what they are doing, the release such a good product that it\'s a pleasure to work with ! Even when I was stuck on the project, I created a ticket and the next day it was replied by the team. GOOD JOB guys. I love working with them :)','published','2024-01-06 17:16:50','2024-01-06 17:16:50','[\"products\\/7.jpg\",\"products\\/41-1.jpg\",\"products\\/48-1.jpg\"]'),(672,4,23,3.00,'The code is good, in general, if you like it, can you give it 5 stars?','published','2024-01-06 17:16:50','2024-01-06 17:16:50','[\"products\\/24.jpg\",\"products\\/30-2.jpg\",\"products\\/46.jpg\",\"products\\/52-2.jpg\"]'),(673,2,60,4.00,'Cool template. Excellent code quality. The support responds very quickly, which is very rare on themeforest and codecanyon.net, I buy a lot of templates, and everyone will have a response from technical support for two or three days. Thanks to tech support. I recommend to buy.','published','2024-01-06 17:16:50','2024-01-06 17:16:50','[\"products\\/10-2.jpg\",\"products\\/57.jpg\",\"products\\/61.jpg\"]'),(674,9,4,4.00,'Clean & perfect source code','published','2024-01-06 17:16:50','2024-01-06 17:16:50','[\"products\\/28-1.jpg\",\"products\\/56.jpg\",\"products\\/59-2.jpg\",\"products\\/65.jpg\"]'),(676,4,34,3.00,'Great E-commerce system. And much more : Wonderful Customer Support.','published','2024-01-06 17:16:50','2024-01-06 17:16:50','[\"products\\/19-2.jpg\",\"products\\/36-1.jpg\",\"products\\/59.jpg\"]'),(677,8,59,3.00,'Perfect +++++++++ i love it really also i get to fast ticket answers... Thanks Lot BOTBLE Teams','published','2024-01-06 17:16:50','2024-01-06 17:16:50','[\"products\\/28-1.jpg\",\"products\\/30-2.jpg\",\"products\\/44-2.jpg\"]'),(679,6,5,1.00,'Great system, great support, good job Botble. I\'m looking forward to more great functional plugins.','published','2024-01-06 17:16:50','2024-01-06 17:16:50','[\"products\\/23.jpg\"]'),(680,9,52,5.00,'Second or third time that I buy a Botble product, happy with the products and support. You guys do a good job :)','published','2024-01-06 17:16:50','2024-01-06 17:16:50','[\"products\\/23-3.jpg\",\"products\\/32-2.jpg\",\"products\\/38-3.jpg\"]'),(681,8,44,2.00,'Amazing code, amazing support. Overall, im really confident in Botble and im happy I made the right choice! Thank you so much guys for coding this masterpiece','published','2024-01-06 17:16:50','2024-01-06 17:16:50','[\"products\\/22.jpg\"]'),(684,5,10,1.00,'The best ecommerce CMS! Excellent coding! best support service! Thank you so much..... I really like your hard work.','published','2024-01-06 17:16:50','2024-01-06 17:16:50','[\"products\\/40.jpg\",\"products\\/58-1.jpg\"]'),(687,8,62,2.00,'As a developer I reviewed this script. This is really awesome ecommerce script. I have convinced when I noticed that it\'s built on fully WordPress concept.','published','2024-01-06 17:16:50','2024-01-06 17:16:50','[\"products\\/52.jpg\"]'),(688,9,40,2.00,'Those guys now what they are doing, the release such a good product that it\'s a pleasure to work with ! Even when I was stuck on the project, I created a ticket and the next day it was replied by the team. GOOD JOB guys. I love working with them :)','published','2024-01-06 17:16:50','2024-01-06 17:16:50','[\"products\\/14.jpg\",\"products\\/31-1.jpg\"]'),(689,10,2,2.00,'We have received brilliant service support and will be expanding the features with the developer. Nice product!','published','2024-01-06 17:16:50','2024-01-06 17:16:50','[\"products\\/6.jpg\",\"products\\/12-1.jpg\",\"products\\/26-1.jpg\",\"products\\/38-1.jpg\"]'),(692,2,38,2.00,'This web app is really good in design, code quality & features. Besides, the customer support provided by the Botble team was really fast & helpful. You guys are awesome!','published','2024-01-06 17:16:50','2024-01-06 17:16:50','[\"products\\/37.jpg\",\"products\\/52.jpg\",\"products\\/65-1.jpg\"]'),(694,7,50,4.00,'These guys are amazing! Responses immediately, amazing support and help... I immediately feel at ease after Purchasing..','published','2024-01-06 17:16:50','2024-01-06 17:16:50','[\"products\\/15-1.jpg\",\"products\\/28.jpg\",\"products\\/42-1.jpg\",\"products\\/43-1.jpg\"]'),(697,7,54,2.00,'Amazing code, amazing support. Overall, im really confident in Botble and im happy I made the right choice! Thank you so much guys for coding this masterpiece','published','2024-01-06 17:16:50','2024-01-06 17:16:50','[\"products\\/18.jpg\",\"products\\/31-1.jpg\"]'),(700,6,31,5.00,'The best ecommerce CMS! Excellent coding! best support service! Thank you so much..... I really like your hard work.','published','2024-01-06 17:16:50','2024-01-06 17:16:50','[\"products\\/4.jpg\",\"products\\/24-1.jpg\",\"products\\/36.jpg\",\"products\\/65-2.jpg\"]'),(701,1,43,3.00,'Best ecommerce CMS online store!','published','2024-01-06 17:16:50','2024-01-06 17:16:50','[\"products\\/2-3.jpg\",\"products\\/44-2.jpg\"]'),(706,1,62,2.00,'It\'s not my first experience here on Codecanyon and I can honestly tell you all that Botble puts a LOT of effort into the support. They answer so fast, they helped me tons of times. REALLY by far THE BEST EXPERIENCE on Codecanyon. Those guys at Botble are so good that they deserve 5 stars. I recommend them, I trust them and I can\'t wait to see what they will sell in a near future. Thank you Botble :)','published','2024-01-06 17:16:50','2024-01-06 17:16:50','[\"products\\/19-3.jpg\",\"products\\/27.jpg\",\"products\\/46-1.jpg\"]'),(710,4,52,1.00,'The code is good, in general, if you like it, can you give it 5 stars?','published','2024-01-06 17:16:50','2024-01-06 17:16:50','[\"products\\/35.jpg\",\"products\\/43-2.jpg\"]'),(711,7,33,2.00,'We have received brilliant service support and will be expanding the features with the developer. Nice product!','published','2024-01-06 17:16:50','2024-01-06 17:16:50','[\"products\\/25-2.jpg\",\"products\\/31.jpg\",\"products\\/33.jpg\",\"products\\/59-1.jpg\"]'),(713,2,62,2.00,'The best ecommerce CMS! Excellent coding! best support service! Thank you so much..... I really like your hard work.','published','2024-01-06 17:16:50','2024-01-06 17:16:50','[\"products\\/5-3.jpg\",\"products\\/47.jpg\",\"products\\/65-1.jpg\"]'),(714,9,46,2.00,'Amazing code, amazing support. Overall, im really confident in Botble and im happy I made the right choice! Thank you so much guys for coding this masterpiece','published','2024-01-06 17:16:50','2024-01-06 17:16:50','[\"products\\/65.jpg\"]'),(717,5,65,4.00,'Second or third time that I buy a Botble product, happy with the products and support. You guys do a good job :)','published','2024-01-06 17:16:50','2024-01-06 17:16:50','[\"products\\/11-3.jpg\",\"products\\/17-2.jpg\",\"products\\/54-1.jpg\"]'),(720,8,64,2.00,'Good app, good backup service and support. Good documentation.','published','2024-01-06 17:16:50','2024-01-06 17:16:50','[\"products\\/16.jpg\",\"products\\/42.jpg\",\"products\\/45.jpg\"]'),(724,6,56,5.00,'Great system, great support, good job Botble. I\'m looking forward to more great functional plugins.','published','2024-01-06 17:16:50','2024-01-06 17:16:50','[\"products\\/39-1.jpg\"]'),(726,10,35,2.00,'Best ecommerce CMS online store!','published','2024-01-06 17:16:50','2024-01-06 17:16:50','[\"products\\/28.jpg\",\"products\\/36.jpg\"]'),(730,3,3,1.00,'The script is the best of its class, fast, easy to implement and work with , and the most important thing is the great support team , Recommend with no doubt.','published','2024-01-06 17:16:50','2024-01-06 17:16:50','[\"products\\/34-1.jpg\"]'),(732,7,45,2.00,'This web app is really good in design, code quality & features. Besides, the customer support provided by the Botble team was really fast & helpful. You guys are awesome!','published','2024-01-06 17:16:50','2024-01-06 17:16:50','[\"products\\/23-1.jpg\",\"products\\/60.jpg\"]'),(737,2,9,2.00,'Those guys now what they are doing, the release such a good product that it\'s a pleasure to work with ! Even when I was stuck on the project, I created a ticket and the next day it was replied by the team. GOOD JOB guys. I love working with them :)','published','2024-01-06 17:16:50','2024-01-06 17:16:50','[\"products\\/10-1.jpg\",\"products\\/22-3.jpg\",\"products\\/37.jpg\"]'),(745,7,11,4.00,'We have received brilliant service support and will be expanding the features with the developer. Nice product!','published','2024-01-06 17:16:50','2024-01-06 17:16:50','[\"products\\/48-2.jpg\",\"products\\/55.jpg\"]'),(746,2,26,5.00,'Cool template. Excellent code quality. The support responds very quickly, which is very rare on themeforest and codecanyon.net, I buy a lot of templates, and everyone will have a response from technical support for two or three days. Thanks to tech support. I recommend to buy.','published','2024-01-06 17:16:50','2024-01-06 17:16:50','[\"products\\/12.jpg\",\"products\\/20-3.jpg\",\"products\\/25-2.jpg\",\"products\\/31-1.jpg\"]'),(750,5,52,4.00,'Perfect +++++++++ i love it really also i get to fast ticket answers... Thanks Lot BOTBLE Teams','published','2024-01-06 17:16:50','2024-01-06 17:16:50','[\"products\\/23-3.jpg\"]'),(752,10,59,1.00,'The code is good, in general, if you like it, can you give it 5 stars?','published','2024-01-06 17:16:50','2024-01-06 17:16:50','[\"products\\/23.jpg\"]'),(753,9,27,3.00,'Second or third time that I buy a Botble product, happy with the products and support. You guys do a good job :)','published','2024-01-06 17:16:50','2024-01-06 17:16:50','[\"products\\/35.jpg\"]'),(761,8,58,4.00,'The best store template! Excellent coding! Very good support! Thank you so much for all the help, I really appreciated.','published','2024-01-06 17:16:50','2024-01-06 17:16:50','[\"products\\/21-1.jpg\",\"products\\/36-1.jpg\",\"products\\/49-1.jpg\"]'),(763,7,6,1.00,'Amazing code, amazing support. Overall, im really confident in Botble and im happy I made the right choice! Thank you so much guys for coding this masterpiece','published','2024-01-06 17:16:50','2024-01-06 17:16:50','[\"products\\/25-1.jpg\",\"products\\/39.jpg\"]'),(768,5,5,4.00,'I Love this Script. I also found how to add other fees. Now I just wait the BIG update for the Marketplace with the Bulk Import. Just do not forget to make it to be Multi-language for us the Botble Fans.','published','2024-01-06 17:16:50','2024-01-06 17:16:50','[\"products\\/19-3.jpg\",\"products\\/20.jpg\",\"products\\/35-1.jpg\",\"products\\/36-1.jpg\"]'),(771,10,9,4.00,'I Love this Script. I also found how to add other fees. Now I just wait the BIG update for the Marketplace with the Bulk Import. Just do not forget to make it to be Multi-language for us the Botble Fans.','published','2024-01-06 17:16:50','2024-01-06 17:16:50','[\"products\\/19.jpg\",\"products\\/35.jpg\"]'),(776,1,58,2.00,'Second or third time that I buy a Botble product, happy with the products and support. You guys do a good job :)','published','2024-01-06 17:16:50','2024-01-06 17:16:50','[\"products\\/2-3.jpg\",\"products\\/7.jpg\",\"products\\/19-1.jpg\",\"products\\/41.jpg\"]'),(777,6,25,5.00,'Second or third time that I buy a Botble product, happy with the products and support. You guys do a good job :)','published','2024-01-06 17:16:50','2024-01-06 17:16:50','[\"products\\/8.jpg\",\"products\\/25-2.jpg\",\"products\\/55-1.jpg\"]'),(781,3,15,1.00,'Customer Support are grade (A*), however the code is a way too over engineered for it\'s purpose.','published','2024-01-06 17:16:50','2024-01-06 17:16:50','[\"products\\/44-2.jpg\",\"products\\/60-2.jpg\"]'),(782,1,53,4.00,'The code is good, in general, if you like it, can you give it 5 stars?','published','2024-01-06 17:16:50','2024-01-06 17:16:50','[\"products\\/56-1.jpg\",\"products\\/61.jpg\"]'),(785,6,40,1.00,'Those guys now what they are doing, the release such a good product that it\'s a pleasure to work with ! Even when I was stuck on the project, I created a ticket and the next day it was replied by the team. GOOD JOB guys. I love working with them :)','published','2024-01-06 17:16:50','2024-01-06 17:16:50','[\"products\\/33-2.jpg\"]'),(787,8,9,5.00,'These guys are amazing! Responses immediately, amazing support and help... I immediately feel at ease after Purchasing..','published','2024-01-06 17:16:50','2024-01-06 17:16:50','[\"products\\/36-1.jpg\"]'),(788,10,32,1.00,'Solution is too robust for our purpose so we didn\'t use it at the end. But I appreciate customer support during initial configuration.','published','2024-01-06 17:16:50','2024-01-06 17:16:50','[\"products\\/10-2.jpg\",\"products\\/14.jpg\",\"products\\/58-1.jpg\"]'),(794,4,21,2.00,'Cool template. Excellent code quality. The support responds very quickly, which is very rare on themeforest and codecanyon.net, I buy a lot of templates, and everyone will have a response from technical support for two or three days. Thanks to tech support. I recommend to buy.','published','2024-01-06 17:16:50','2024-01-06 17:16:50','[\"products\\/31.jpg\",\"products\\/37-2.jpg\",\"products\\/39-1.jpg\",\"products\\/45-1.jpg\"]'),(795,3,31,2.00,'Amazing code, amazing support. Overall, im really confident in Botble and im happy I made the right choice! Thank you so much guys for coding this masterpiece','published','2024-01-06 17:16:50','2024-01-06 17:16:50','[\"products\\/19-1.jpg\"]'),(797,8,6,3.00,'The script is the best of its class, fast, easy to implement and work with , and the most important thing is the great support team , Recommend with no doubt.','published','2024-01-06 17:16:50','2024-01-06 17:16:50','[\"products\\/37-2.jpg\",\"products\\/56-1.jpg\"]'),(801,4,62,3.00,'These guys are amazing! Responses immediately, amazing support and help... I immediately feel at ease after Purchasing..','published','2024-01-06 17:16:50','2024-01-06 17:16:50','[\"products\\/8-2.jpg\",\"products\\/15-1.jpg\",\"products\\/18-3.jpg\",\"products\\/38.jpg\"]'),(803,9,45,2.00,'I Love this Script. I also found how to add other fees. Now I just wait the BIG update for the Marketplace with the Bulk Import. Just do not forget to make it to be Multi-language for us the Botble Fans.','published','2024-01-06 17:16:50','2024-01-06 17:16:50','[\"products\\/11.jpg\",\"products\\/21-1.jpg\",\"products\\/51.jpg\"]'),(810,7,26,2.00,'Best ecommerce CMS online store!','published','2024-01-06 17:16:50','2024-01-06 17:16:50','[\"products\\/13.jpg\",\"products\\/29-1.jpg\",\"products\\/30-2.jpg\"]'),(811,3,40,1.00,'Good app, good backup service and support. Good documentation.','published','2024-01-06 17:16:50','2024-01-06 17:16:50','[\"products\\/2-1.jpg\",\"products\\/18-3.jpg\",\"products\\/21-1.jpg\",\"products\\/23-1.jpg\"]'),(820,9,33,2.00,'This web app is really good in design, code quality & features. Besides, the customer support provided by the Botble team was really fast & helpful. You guys are awesome!','published','2024-01-06 17:16:50','2024-01-06 17:16:50','[\"products\\/65-1.jpg\"]'),(828,5,64,2.00,'Great E-commerce system. And much more : Wonderful Customer Support.','published','2024-01-06 17:16:50','2024-01-06 17:16:50','[\"products\\/38-3.jpg\"]'),(829,2,17,1.00,'The code is good, in general, if you like it, can you give it 5 stars?','published','2024-01-06 17:16:50','2024-01-06 17:16:50','[\"products\\/11.jpg\",\"products\\/46-1.jpg\"]'),(830,3,5,4.00,'Great system, great support, good job Botble. I\'m looking forward to more great functional plugins.','published','2024-01-06 17:16:50','2024-01-06 17:16:50','[\"products\\/5-1.jpg\",\"products\\/5-3.jpg\",\"products\\/50.jpg\",\"products\\/55.jpg\"]'),(831,1,55,3.00,'The code is good, in general, if you like it, can you give it 5 stars?','published','2024-01-06 17:16:50','2024-01-06 17:16:50','[\"products\\/17-1.jpg\",\"products\\/48-2.jpg\"]'),(832,6,65,2.00,'The best store template! Excellent coding! Very good support! Thank you so much for all the help, I really appreciated.','published','2024-01-06 17:16:50','2024-01-06 17:16:50','[\"products\\/15-1.jpg\",\"products\\/20-2.jpg\",\"products\\/43-2.jpg\",\"products\\/59-2.jpg\"]'),(844,3,32,1.00,'As a developer I reviewed this script. This is really awesome ecommerce script. I have convinced when I noticed that it\'s built on fully WordPress concept.','published','2024-01-06 17:16:50','2024-01-06 17:16:50','[\"products\\/32-1.jpg\",\"products\\/35-1.jpg\",\"products\\/35.jpg\"]'),(849,1,26,5.00,'Great E-commerce system. And much more : Wonderful Customer Support.','published','2024-01-06 17:16:50','2024-01-06 17:16:50','[\"products\\/12.jpg\",\"products\\/41.jpg\",\"products\\/58-2.jpg\",\"products\\/63-1.jpg\"]'),(850,5,58,1.00,'This web app is really good in design, code quality & features. Besides, the customer support provided by the Botble team was really fast & helpful. You guys are awesome!','published','2024-01-06 17:16:50','2024-01-06 17:16:50','[\"products\\/39-1.jpg\"]'),(851,2,30,3.00,'Very enthusiastic support! Excellent code is written. It\'s a true pleasure working with.','published','2024-01-06 17:16:50','2024-01-06 17:16:50','[\"products\\/45.jpg\"]'),(854,1,10,1.00,'Great system, great support, good job Botble. I\'m looking forward to more great functional plugins.','published','2024-01-06 17:16:50','2024-01-06 17:16:50','[\"products\\/4-1.jpg\",\"products\\/10-2.jpg\",\"products\\/47.jpg\"]'),(856,10,6,1.00,'Amazing code, amazing support. Overall, im really confident in Botble and im happy I made the right choice! Thank you so much guys for coding this masterpiece','published','2024-01-06 17:16:50','2024-01-06 17:16:50','[\"products\\/9-1.jpg\"]'),(857,5,36,4.00,'Good app, good backup service and support. Good documentation.','published','2024-01-06 17:16:50','2024-01-06 17:16:50','[\"products\\/37-1.jpg\"]'),(858,3,34,3.00,'It\'s not my first experience here on Codecanyon and I can honestly tell you all that Botble puts a LOT of effort into the support. They answer so fast, they helped me tons of times. REALLY by far THE BEST EXPERIENCE on Codecanyon. Those guys at Botble are so good that they deserve 5 stars. I recommend them, I trust them and I can\'t wait to see what they will sell in a near future. Thank you Botble :)','published','2024-01-06 17:16:50','2024-01-06 17:16:50','[\"products\\/12-3.jpg\",\"products\\/20-1.jpg\",\"products\\/22-2.jpg\",\"products\\/23-1.jpg\"]'),(859,6,39,4.00,'This web app is really good in design, code quality & features. Besides, the customer support provided by the Botble team was really fast & helpful. You guys are awesome!','published','2024-01-06 17:16:50','2024-01-06 17:16:50','[\"products\\/5-3.jpg\",\"products\\/15.jpg\",\"products\\/18-2.jpg\",\"products\\/42.jpg\"]'),(865,10,22,3.00,'This script is well coded and is super fast. The support is pretty quick. Very patient and helpful team. I strongly recommend it and they deserve more than 5 stars.','published','2024-01-06 17:16:50','2024-01-06 17:16:50','[\"products\\/2-3.jpg\",\"products\\/8-1.jpg\",\"products\\/18-2.jpg\",\"products\\/22.jpg\"]'),(869,10,26,4.00,'Great system, great support, good job Botble. I\'m looking forward to more great functional plugins.','published','2024-01-06 17:16:50','2024-01-06 17:16:50','[\"products\\/19-1.jpg\",\"products\\/34.jpg\"]'),(880,1,20,4.00,'The best store template! Excellent coding! Very good support! Thank you so much for all the help, I really appreciated.','published','2024-01-06 17:16:50','2024-01-06 17:16:50','[\"products\\/15-1.jpg\",\"products\\/64.jpg\"]'),(882,1,14,5.00,'I Love this Script. I also found how to add other fees. Now I just wait the BIG update for the Marketplace with the Bulk Import. Just do not forget to make it to be Multi-language for us the Botble Fans.','published','2024-01-06 17:16:50','2024-01-06 17:16:50','[\"products\\/19-1.jpg\",\"products\\/41-2.jpg\"]'),(887,1,57,1.00,'Great E-commerce system. And much more : Wonderful Customer Support.','published','2024-01-06 17:16:50','2024-01-06 17:16:50','[\"products\\/45.jpg\",\"products\\/54-1.jpg\"]'),(888,1,49,4.00,'We have received brilliant service support and will be expanding the features with the developer. Nice product!','published','2024-01-06 17:16:50','2024-01-06 17:16:50','[\"products\\/18.jpg\",\"products\\/47-1.jpg\"]'),(896,7,49,1.00,'Those guys now what they are doing, the release such a good product that it\'s a pleasure to work with ! Even when I was stuck on the project, I created a ticket and the next day it was replied by the team. GOOD JOB guys. I love working with them :)','published','2024-01-06 17:16:50','2024-01-06 17:16:50','[\"products\\/45-1.jpg\",\"products\\/54-1.jpg\",\"products\\/57.jpg\"]'),(903,7,47,1.00,'These guys are amazing! Responses immediately, amazing support and help... I immediately feel at ease after Purchasing..','published','2024-01-06 17:16:50','2024-01-06 17:16:50','[\"products\\/4-3.jpg\"]'),(904,5,17,5.00,'As a developer I reviewed this script. This is really awesome ecommerce script. I have convinced when I noticed that it\'s built on fully WordPress concept.','published','2024-01-06 17:16:50','2024-01-06 17:16:50','[\"products\\/24-1.jpg\"]'),(909,1,59,2.00,'Customer Support are grade (A*), however the code is a way too over engineered for it\'s purpose.','published','2024-01-06 17:16:50','2024-01-06 17:16:50','[\"products\\/49-2.jpg\",\"products\\/56.jpg\",\"products\\/62-1.jpg\"]'),(911,1,17,5.00,'Second or third time that I buy a Botble product, happy with the products and support. You guys do a good job :)','published','2024-01-06 17:16:50','2024-01-06 17:16:50','[\"products\\/9.jpg\",\"products\\/20-1.jpg\",\"products\\/35.jpg\",\"products\\/59.jpg\"]'),(921,2,28,2.00,'This web app is really good in design, code quality & features. Besides, the customer support provided by the Botble team was really fast & helpful. You guys are awesome!','published','2024-01-06 17:16:50','2024-01-06 17:16:50','[\"products\\/4.jpg\",\"products\\/23-3.jpg\",\"products\\/34.jpg\",\"products\\/62-1.jpg\"]'),(922,1,32,1.00,'Great E-commerce system. And much more : Wonderful Customer Support.','published','2024-01-06 17:16:50','2024-01-06 17:16:50','[\"products\\/5-1.jpg\",\"products\\/12.jpg\",\"products\\/65.jpg\"]'),(924,8,10,3.00,'It\'s not my first experience here on Codecanyon and I can honestly tell you all that Botble puts a LOT of effort into the support. They answer so fast, they helped me tons of times. REALLY by far THE BEST EXPERIENCE on Codecanyon. Those guys at Botble are so good that they deserve 5 stars. I recommend them, I trust them and I can\'t wait to see what they will sell in a near future. Thank you Botble :)','published','2024-01-06 17:16:50','2024-01-06 17:16:50','[\"products\\/38-2.jpg\",\"products\\/65.jpg\"]'),(928,5,42,1.00,'The script is the best of its class, fast, easy to implement and work with , and the most important thing is the great support team , Recommend with no doubt.','published','2024-01-06 17:16:50','2024-01-06 17:16:50','[\"products\\/19-3.jpg\",\"products\\/29.jpg\"]'),(930,4,33,4.00,'For me the best eCommerce script on Envato at this moment: modern, clean code, a lot of great features. The customer support is great too: I always get an answer within hours!','published','2024-01-06 17:16:50','2024-01-06 17:16:50','[\"products\\/50-1.jpg\",\"products\\/61-1.jpg\"]'),(933,7,12,4.00,'Second or third time that I buy a Botble product, happy with the products and support. You guys do a good job :)','published','2024-01-06 17:16:50','2024-01-06 17:16:50','[\"products\\/10.jpg\",\"products\\/17.jpg\",\"products\\/64.jpg\"]'),(937,2,45,3.00,'The best ecommerce CMS! Excellent coding! best support service! Thank you so much..... I really like your hard work.','published','2024-01-06 17:16:50','2024-01-06 17:16:50','[\"products\\/4.jpg\",\"products\\/17-3.jpg\"]'),(939,5,6,3.00,'This script is well coded and is super fast. The support is pretty quick. Very patient and helpful team. I strongly recommend it and they deserve more than 5 stars.','published','2024-01-06 17:16:50','2024-01-06 17:16:50','[\"products\\/12-1.jpg\",\"products\\/48-2.jpg\"]'),(940,3,41,3.00,'Clean & perfect source code','published','2024-01-06 17:16:50','2024-01-06 17:16:50','[\"products\\/2-2.jpg\",\"products\\/15.jpg\",\"products\\/22-3.jpg\",\"products\\/39-1.jpg\"]'),(948,9,62,1.00,'Great system, great support, good job Botble. I\'m looking forward to more great functional plugins.','published','2024-01-06 17:16:50','2024-01-06 17:16:50','[\"products\\/33-2.jpg\"]'),(950,1,27,2.00,'Good app, good backup service and support. Good documentation.','published','2024-01-06 17:16:50','2024-01-06 17:16:50','[\"products\\/10-2.jpg\",\"products\\/38-2.jpg\"]'),(955,10,19,5.00,'As a developer I reviewed this script. This is really awesome ecommerce script. I have convinced when I noticed that it\'s built on fully WordPress concept.','published','2024-01-06 17:16:50','2024-01-06 17:16:50','[\"products\\/28-2.jpg\",\"products\\/49.jpg\"]'),(957,6,19,5.00,'Best ecommerce CMS online store!','published','2024-01-06 17:16:50','2024-01-06 17:16:50','[\"products\\/8-3.jpg\",\"products\\/19.jpg\",\"products\\/34.jpg\",\"products\\/57.jpg\"]'),(966,5,32,1.00,'We have received brilliant service support and will be expanding the features with the developer. Nice product!','published','2024-01-06 17:16:50','2024-01-06 17:16:50','[\"products\\/20-2.jpg\",\"products\\/35.jpg\",\"products\\/36-1.jpg\"]'),(970,7,56,4.00,'This script is well coded and is super fast. The support is pretty quick. Very patient and helpful team. I strongly recommend it and they deserve more than 5 stars.','published','2024-01-06 17:16:50','2024-01-06 17:16:50','[\"products\\/9-1.jpg\",\"products\\/21-2.jpg\",\"products\\/25-1.jpg\",\"products\\/42.jpg\"]'),(988,1,18,2.00,'Second or third time that I buy a Botble product, happy with the products and support. You guys do a good job :)','published','2024-01-06 17:16:50','2024-01-06 17:16:50','[\"products\\/30-2.jpg\",\"products\\/58-2.jpg\"]'),(992,3,49,1.00,'Very enthusiastic support! Excellent code is written. It\'s a true pleasure working with.','published','2024-01-06 17:16:50','2024-01-06 17:16:50','[\"products\\/7.jpg\",\"products\\/25.jpg\",\"products\\/55-1.jpg\",\"products\\/55-2.jpg\"]'),(993,8,55,5.00,'For me the best eCommerce script on Envato at this moment: modern, clean code, a lot of great features. The customer support is great too: I always get an answer within hours!','published','2024-01-06 17:16:50','2024-01-06 17:16:50','[\"products\\/1.jpg\",\"products\\/2-2.jpg\"]'),(995,2,32,2.00,'This script is well coded and is super fast. The support is pretty quick. Very patient and helpful team. I strongly recommend it and they deserve more than 5 stars.','published','2024-01-06 17:16:50','2024-01-06 17:16:50','[\"products\\/61.jpg\"]'),(1000,9,6,2.00,'Perfect +++++++++ i love it really also i get to fast ticket answers... Thanks Lot BOTBLE Teams','published','2024-01-06 17:16:50','2024-01-06 17:16:50','[\"products\\/32.jpg\",\"products\\/45.jpg\"]');
/*!40000 ALTER TABLE `ec_reviews` ENABLE KEYS */;
UNLOCK TABLES;

--
-- Table structure for table `ec_shipment_histories`
--

DROP TABLE IF EXISTS `ec_shipment_histories`;
/*!40101 SET @saved_cs_client     = @@character_set_client */;
/*!50503 SET character_set_client = utf8mb4 */;
CREATE TABLE `ec_shipment_histories` (
  `id` bigint unsigned NOT NULL AUTO_INCREMENT,
  `action` varchar(120) COLLATE utf8mb4_unicode_ci NOT NULL,
  `description` varchar(255) COLLATE utf8mb4_unicode_ci NOT NULL,
  `user_id` bigint unsigned DEFAULT NULL,
  `shipment_id` bigint unsigned NOT NULL,
  `order_id` bigint unsigned NOT NULL,
  `created_at` timestamp NULL DEFAULT NULL,
  `updated_at` timestamp NULL DEFAULT NULL,
  `user_type` varchar(255) COLLATE utf8mb4_unicode_ci NOT NULL DEFAULT 'Botble\\ACL\\Models\\User',
  PRIMARY KEY (`id`)
) ENGINE=InnoDB AUTO_INCREMENT=113 DEFAULT CHARSET=utf8mb4 COLLATE=utf8mb4_unicode_ci;
/*!40101 SET character_set_client = @saved_cs_client */;

--
-- Dumping data for table `ec_shipment_histories`
--

LOCK TABLES `ec_shipment_histories` WRITE;
/*!40000 ALTER TABLE `ec_shipment_histories` DISABLE KEYS */;
INSERT INTO `ec_shipment_histories` VALUES (1,'create_from_order','Shipping was created from order %order_id%',0,1,1,'2023-12-29 09:16:55','2023-12-29 09:16:55','Botble\\ACL\\Models\\User'),(2,'update_status','Changed status of shipping to: Approved. Updated by: %user_name%',0,1,1,'2024-01-05 01:16:56','2024-01-06 17:16:56','Botble\\ACL\\Models\\User'),(3,'update_status','Changed status of shipping to: Delivered. Updated by: %user_name%',0,1,1,'2024-01-06 17:16:56','2024-01-06 17:16:56','Botble\\ACL\\Models\\User'),(4,'create_from_order','Shipping was created from order %order_id%',0,2,2,'2023-12-22 17:16:56','2023-12-22 17:16:56','Botble\\ACL\\Models\\User'),(5,'update_status','Changed status of shipping to: Approved. Updated by: %user_name%',0,2,2,'2024-01-05 01:16:56','2024-01-06 17:16:56','Botble\\ACL\\Models\\User'),(6,'update_status','Changed status of shipping to: Delivered. Updated by: %user_name%',0,2,2,'2024-01-06 17:16:56','2024-01-06 17:16:56','Botble\\ACL\\Models\\User'),(7,'create_from_order','Shipping was created from order %order_id%',0,3,3,'2024-01-03 13:16:56','2024-01-03 13:16:56','Botble\\ACL\\Models\\User'),(8,'update_status','Changed status of shipping to: Approved. Updated by: %user_name%',0,3,3,'2024-01-05 03:16:56','2024-01-06 17:16:56','Botble\\ACL\\Models\\User'),(9,'update_status','Changed status of shipping to: Delivered. Updated by: %user_name%',0,3,3,'2024-01-06 17:16:56','2024-01-06 17:16:56','Botble\\ACL\\Models\\User'),(10,'create_from_order','Shipping was created from order %order_id%',0,4,4,'2024-01-03 13:16:56','2024-01-03 13:16:56','Botble\\ACL\\Models\\User'),(11,'update_status','Changed status of shipping to: Approved. Updated by: %user_name%',0,4,4,'2024-01-05 03:16:56','2024-01-06 17:16:56','Botble\\ACL\\Models\\User'),(12,'create_from_order','Shipping was created from order %order_id%',0,5,5,'2024-01-01 23:16:56','2024-01-01 23:16:56','Botble\\ACL\\Models\\User'),(13,'update_status','Changed status of shipping to: Approved. Updated by: %user_name%',0,5,5,'2024-01-05 03:16:56','2024-01-06 17:16:56','Botble\\ACL\\Models\\User'),(14,'create_from_order','Shipping was created from order %order_id%',0,6,6,'2023-12-22 17:16:56','2023-12-22 17:16:56','Botble\\ACL\\Models\\User'),(15,'update_status','Changed status of shipping to: Approved. Updated by: %user_name%',0,6,6,'2024-01-05 05:16:57','2024-01-06 17:16:57','Botble\\ACL\\Models\\User'),(16,'update_status','Changed status of shipping to: Delivered. Updated by: %user_name%',0,6,6,'2024-01-06 17:16:57','2024-01-06 17:16:57','Botble\\ACL\\Models\\User'),(17,'create_from_order','Shipping was created from order %order_id%',0,7,7,'2023-12-28 17:16:57','2023-12-28 17:16:57','Botble\\ACL\\Models\\User'),(18,'update_status','Changed status of shipping to: Approved. Updated by: %user_name%',0,7,7,'2024-01-05 05:16:57','2024-01-06 17:16:57','Botble\\ACL\\Models\\User'),(19,'update_status','Changed status of shipping to: Delivered. Updated by: %user_name%',0,7,7,'2024-01-06 17:16:57','2024-01-06 17:16:57','Botble\\ACL\\Models\\User'),(20,'create_from_order','Shipping was created from order %order_id%',0,8,9,'2024-01-01 01:16:57','2024-01-01 01:16:57','Botble\\ACL\\Models\\User'),(21,'update_status','Changed status of shipping to: Approved. Updated by: %user_name%',0,8,9,'2024-01-05 07:16:57','2024-01-06 17:16:57','Botble\\ACL\\Models\\User'),(22,'update_status','Changed status of shipping to: Delivered. Updated by: %user_name%',0,8,9,'2024-01-06 17:16:57','2024-01-06 17:16:57','Botble\\ACL\\Models\\User'),(23,'create_from_order','Shipping was created from order %order_id%',0,9,11,'2024-01-01 09:16:57','2024-01-01 09:16:57','Botble\\ACL\\Models\\User'),(24,'update_status','Changed status of shipping to: Approved. Updated by: %user_name%',0,9,11,'2024-01-05 09:16:57','2024-01-06 17:16:57','Botble\\ACL\\Models\\User'),(25,'update_status','Changed status of shipping to: Delivered. Updated by: %user_name%',0,9,11,'2024-01-06 17:16:57','2024-01-06 17:16:57','Botble\\ACL\\Models\\User'),(26,'create_from_order','Shipping was created from order %order_id%',0,10,12,'2023-12-31 01:16:58','2023-12-31 01:16:58','Botble\\ACL\\Models\\User'),(27,'update_status','Changed status of shipping to: Approved. Updated by: %user_name%',0,10,12,'2024-01-05 09:16:58','2024-01-06 17:16:58','Botble\\ACL\\Models\\User'),(28,'create_from_order','Shipping was created from order %order_id%',0,11,13,'2024-01-02 23:16:58','2024-01-02 23:16:58','Botble\\ACL\\Models\\User'),(29,'update_status','Changed status of shipping to: Approved. Updated by: %user_name%',0,11,13,'2024-01-05 11:16:58','2024-01-06 17:16:58','Botble\\ACL\\Models\\User'),(30,'update_status','Changed status of shipping to: Delivered. Updated by: %user_name%',0,11,13,'2024-01-06 17:16:58','2024-01-06 17:16:58','Botble\\ACL\\Models\\User'),(31,'create_from_order','Shipping was created from order %order_id%',0,12,14,'2024-01-02 23:16:58','2024-01-02 23:16:58','Botble\\ACL\\Models\\User'),(32,'update_status','Changed status of shipping to: Approved. Updated by: %user_name%',0,12,14,'2024-01-05 11:16:58','2024-01-06 17:16:58','Botble\\ACL\\Models\\User'),(33,'update_status','Changed status of shipping to: Delivered. Updated by: %user_name%',0,12,14,'2024-01-06 17:16:58','2024-01-06 17:16:58','Botble\\ACL\\Models\\User'),(34,'create_from_order','Shipping was created from order %order_id%',0,13,16,'2023-12-29 13:16:58','2023-12-29 13:16:58','Botble\\ACL\\Models\\User'),(35,'update_status','Changed status of shipping to: Approved. Updated by: %user_name%',0,13,16,'2024-01-05 13:16:58','2024-01-06 17:16:58','Botble\\ACL\\Models\\User'),(36,'create_from_order','Shipping was created from order %order_id%',0,14,17,'2024-01-03 05:16:58','2024-01-03 05:16:58','Botble\\ACL\\Models\\User'),(37,'update_status','Changed status of shipping to: Approved. Updated by: %user_name%',0,14,17,'2024-01-05 13:16:59','2024-01-06 17:16:59','Botble\\ACL\\Models\\User'),(38,'create_from_order','Shipping was created from order %order_id%',0,15,18,'2024-01-04 13:16:59','2024-01-04 13:16:59','Botble\\ACL\\Models\\User'),(39,'update_status','Changed status of shipping to: Approved. Updated by: %user_name%',0,15,18,'2024-01-05 15:16:59','2024-01-06 17:16:59','Botble\\ACL\\Models\\User'),(40,'create_from_order','Shipping was created from order %order_id%',0,16,19,'2024-01-04 13:16:59','2024-01-04 13:16:59','Botble\\ACL\\Models\\User'),(41,'update_status','Changed status of shipping to: Approved. Updated by: %user_name%',0,16,19,'2024-01-05 15:16:59','2024-01-06 17:16:59','Botble\\ACL\\Models\\User'),(42,'update_status','Changed status of shipping to: Delivered. Updated by: %user_name%',0,16,19,'2024-01-06 17:16:59','2024-01-06 17:16:59','Botble\\ACL\\Models\\User'),(43,'create_from_order','Shipping was created from order %order_id%',0,17,20,'2023-12-29 01:16:59','2023-12-29 01:16:59','Botble\\ACL\\Models\\User'),(44,'update_status','Changed status of shipping to: Approved. Updated by: %user_name%',0,17,20,'2024-01-05 15:16:59','2024-01-06 17:16:59','Botble\\ACL\\Models\\User'),(45,'create_from_order','Shipping was created from order %order_id%',0,18,22,'2023-12-31 17:16:59','2023-12-31 17:16:59','Botble\\ACL\\Models\\User'),(46,'update_status','Changed status of shipping to: Approved. Updated by: %user_name%',0,18,22,'2024-01-05 17:16:59','2024-01-06 17:16:59','Botble\\ACL\\Models\\User'),(47,'create_from_order','Shipping was created from order %order_id%',0,19,25,'2024-01-05 19:17:00','2024-01-05 19:17:00','Botble\\ACL\\Models\\User'),(48,'update_status','Changed status of shipping to: Approved. Updated by: %user_name%',0,19,25,'2024-01-05 19:17:00','2024-01-06 17:17:00','Botble\\ACL\\Models\\User'),(49,'update_status','Changed status of shipping to: Delivered. Updated by: %user_name%',0,19,25,'2024-01-06 17:17:00','2024-01-06 17:17:00','Botble\\ACL\\Models\\User'),(50,'create_from_order','Shipping was created from order %order_id%',0,20,26,'2024-01-01 05:17:00','2024-01-01 05:17:00','Botble\\ACL\\Models\\User'),(51,'update_status','Changed status of shipping to: Approved. Updated by: %user_name%',0,20,26,'2024-01-05 19:17:00','2024-01-06 17:17:00','Botble\\ACL\\Models\\User'),(52,'update_status','Changed status of shipping to: Delivered. Updated by: %user_name%',0,20,26,'2024-01-06 17:17:00','2024-01-06 17:17:00','Botble\\ACL\\Models\\User'),(53,'create_from_order','Shipping was created from order %order_id%',0,21,27,'2024-01-05 01:17:00','2024-01-05 01:17:00','Botble\\ACL\\Models\\User'),(54,'update_status','Changed status of shipping to: Approved. Updated by: %user_name%',0,21,27,'2024-01-05 21:17:00','2024-01-06 17:17:00','Botble\\ACL\\Models\\User'),(55,'update_status','Changed status of shipping to: Delivered. Updated by: %user_name%',0,21,27,'2024-01-06 17:17:00','2024-01-06 17:17:00','Botble\\ACL\\Models\\User'),(56,'create_from_order','Shipping was created from order %order_id%',0,22,28,'2023-12-30 05:17:00','2023-12-30 05:17:00','Botble\\ACL\\Models\\User'),(57,'update_status','Changed status of shipping to: Approved. Updated by: %user_name%',0,22,28,'2024-01-05 21:17:00','2024-01-06 17:17:00','Botble\\ACL\\Models\\User'),(58,'update_status','Changed status of shipping to: Delivered. Updated by: %user_name%',0,22,28,'2024-01-06 17:17:00','2024-01-06 17:17:00','Botble\\ACL\\Models\\User'),(59,'create_from_order','Shipping was created from order %order_id%',0,23,30,'2024-01-02 23:17:01','2024-01-02 23:17:01','Botble\\ACL\\Models\\User'),(60,'update_status','Changed status of shipping to: Approved. Updated by: %user_name%',0,23,30,'2024-01-05 23:17:01','2024-01-06 17:17:01','Botble\\ACL\\Models\\User'),(61,'update_cod_status','Updated COD status to Completed . Updated by: %user_name%',0,23,30,'2024-01-06 17:17:01','2024-01-06 17:17:01','Botble\\ACL\\Models\\User'),(62,'update_status','Changed status of shipping to: Delivered. Updated by: %user_name%',0,23,30,'2024-01-06 17:17:01','2024-01-06 17:17:01','Botble\\ACL\\Models\\User'),(63,'create_from_order','Shipping was created from order %order_id%',0,24,31,'2024-01-05 23:17:01','2024-01-05 23:17:01','Botble\\ACL\\Models\\User'),(64,'update_status','Changed status of shipping to: Approved. Updated by: %user_name%',0,24,31,'2024-01-05 23:17:01','2024-01-06 17:17:01','Botble\\ACL\\Models\\User'),(65,'update_status','Changed status of shipping to: Delivered. Updated by: %user_name%',0,24,31,'2024-01-06 17:17:01','2024-01-06 17:17:01','Botble\\ACL\\Models\\User'),(66,'create_from_order','Shipping was created from order %order_id%',0,25,33,'2024-01-04 17:17:01','2024-01-04 17:17:01','Botble\\ACL\\Models\\User'),(67,'update_status','Changed status of shipping to: Approved. Updated by: %user_name%',0,25,33,'2024-01-06 01:17:01','2024-01-06 17:17:01','Botble\\ACL\\Models\\User'),(68,'update_status','Changed status of shipping to: Delivered. Updated by: %user_name%',0,25,33,'2024-01-06 17:17:01','2024-01-06 17:17:01','Botble\\ACL\\Models\\User'),(69,'create_from_order','Shipping was created from order %order_id%',0,26,34,'2024-01-01 09:17:01','2024-01-01 09:17:01','Botble\\ACL\\Models\\User'),(70,'update_status','Changed status of shipping to: Approved. Updated by: %user_name%',0,26,34,'2024-01-06 01:17:01','2024-01-06 17:17:01','Botble\\ACL\\Models\\User'),(71,'create_from_order','Shipping was created from order %order_id%',0,27,35,'2024-01-03 05:17:01','2024-01-03 05:17:01','Botble\\ACL\\Models\\User'),(72,'update_status','Changed status of shipping to: Approved. Updated by: %user_name%',0,27,35,'2024-01-06 03:17:02','2024-01-06 17:17:02','Botble\\ACL\\Models\\User'),(73,'create_from_order','Shipping was created from order %order_id%',0,28,36,'2024-01-03 19:17:02','2024-01-03 19:17:02','Botble\\ACL\\Models\\User'),(74,'update_status','Changed status of shipping to: Approved. Updated by: %user_name%',0,28,36,'2024-01-06 03:17:02','2024-01-06 17:17:02','Botble\\ACL\\Models\\User'),(75,'update_cod_status','Updated COD status to Completed . Updated by: %user_name%',0,28,36,'2024-01-06 17:17:02','2024-01-06 17:17:02','Botble\\ACL\\Models\\User'),(76,'update_status','Changed status of shipping to: Delivered. Updated by: %user_name%',0,28,36,'2024-01-06 17:17:02','2024-01-06 17:17:02','Botble\\ACL\\Models\\User'),(77,'create_from_order','Shipping was created from order %order_id%',0,29,37,'2024-01-06 05:17:02','2024-01-06 05:17:02','Botble\\ACL\\Models\\User'),(78,'update_status','Changed status of shipping to: Approved. Updated by: %user_name%',0,29,37,'2024-01-06 05:17:02','2024-01-06 17:17:02','Botble\\ACL\\Models\\User'),(79,'update_status','Changed status of shipping to: Delivered. Updated by: %user_name%',0,29,37,'2024-01-06 17:17:02','2024-01-06 17:17:02','Botble\\ACL\\Models\\User'),(80,'create_from_order','Shipping was created from order %order_id%',0,30,39,'2024-01-03 17:17:02','2024-01-03 17:17:02','Botble\\ACL\\Models\\User'),(81,'update_status','Changed status of shipping to: Approved. Updated by: %user_name%',0,30,39,'2024-01-06 05:17:02','2024-01-06 17:17:02','Botble\\ACL\\Models\\User'),(82,'create_from_order','Shipping was created from order %order_id%',0,31,40,'2024-01-03 19:17:02','2024-01-03 19:17:02','Botble\\ACL\\Models\\User'),(83,'update_status','Changed status of shipping to: Approved. Updated by: %user_name%',0,31,40,'2024-01-06 07:17:02','2024-01-06 17:17:02','Botble\\ACL\\Models\\User'),(84,'update_status','Changed status of shipping to: Delivered. Updated by: %user_name%',0,31,40,'2024-01-06 17:17:02','2024-01-06 17:17:02','Botble\\ACL\\Models\\User'),(85,'create_from_order','Shipping was created from order %order_id%',0,32,41,'2024-01-05 11:17:02','2024-01-05 11:17:02','Botble\\ACL\\Models\\User'),(86,'update_status','Changed status of shipping to: Approved. Updated by: %user_name%',0,32,41,'2024-01-06 07:17:03','2024-01-06 17:17:03','Botble\\ACL\\Models\\User'),(87,'update_status','Changed status of shipping to: Delivered. Updated by: %user_name%',0,32,41,'2024-01-06 17:17:03','2024-01-06 17:17:03','Botble\\ACL\\Models\\User'),(88,'create_from_order','Shipping was created from order %order_id%',0,33,42,'2024-01-06 09:17:03','2024-01-06 09:17:03','Botble\\ACL\\Models\\User'),(89,'update_status','Changed status of shipping to: Approved. Updated by: %user_name%',0,33,42,'2024-01-06 09:17:03','2024-01-06 17:17:03','Botble\\ACL\\Models\\User'),(90,'update_status','Changed status of shipping to: Delivered. Updated by: %user_name%',0,33,42,'2024-01-06 17:17:03','2024-01-06 17:17:03','Botble\\ACL\\Models\\User'),(91,'create_from_order','Shipping was created from order %order_id%',0,34,44,'2024-01-04 09:17:03','2024-01-04 09:17:03','Botble\\ACL\\Models\\User'),(92,'update_status','Changed status of shipping to: Approved. Updated by: %user_name%',0,34,44,'2024-01-06 09:17:03','2024-01-06 17:17:03','Botble\\ACL\\Models\\User'),(93,'create_from_order','Shipping was created from order %order_id%',0,35,45,'2024-01-06 09:17:03','2024-01-06 09:17:03','Botble\\ACL\\Models\\User'),(94,'update_status','Changed status of shipping to: Approved. Updated by: %user_name%',0,35,45,'2024-01-06 09:17:03','2024-01-06 17:17:03','Botble\\ACL\\Models\\User'),(95,'create_from_order','Shipping was created from order %order_id%',0,36,46,'2024-01-06 11:17:03','2024-01-06 11:17:03','Botble\\ACL\\Models\\User'),(96,'update_status','Changed status of shipping to: Approved. Updated by: %user_name%',0,36,46,'2024-01-06 11:17:03','2024-01-06 17:17:03','Botble\\ACL\\Models\\User'),(97,'create_from_order','Shipping was created from order %order_id%',0,37,47,'2024-01-06 11:17:03','2024-01-06 11:17:03','Botble\\ACL\\Models\\User'),(98,'update_status','Changed status of shipping to: Approved. Updated by: %user_name%',0,37,47,'2024-01-06 11:17:04','2024-01-06 17:17:04','Botble\\ACL\\Models\\User'),(99,'update_cod_status','Updated COD status to Completed . Updated by: %user_name%',0,37,47,'2024-01-06 17:17:04','2024-01-06 17:17:04','Botble\\ACL\\Models\\User'),(100,'update_status','Changed status of shipping to: Delivered. Updated by: %user_name%',0,37,47,'2024-01-06 17:17:04','2024-01-06 17:17:04','Botble\\ACL\\Models\\User'),(101,'create_from_order','Shipping was created from order %order_id%',0,38,48,'2024-01-05 11:17:04','2024-01-05 11:17:04','Botble\\ACL\\Models\\User'),(102,'update_status','Changed status of shipping to: Approved. Updated by: %user_name%',0,38,48,'2024-01-06 11:17:04','2024-01-06 17:17:04','Botble\\ACL\\Models\\User'),(103,'create_from_order','Shipping was created from order %order_id%',0,39,49,'2024-01-05 17:17:04','2024-01-05 17:17:04','Botble\\ACL\\Models\\User'),(104,'update_status','Changed status of shipping to: Approved. Updated by: %user_name%',0,39,49,'2024-01-06 13:17:04','2024-01-06 17:17:04','Botble\\ACL\\Models\\User'),(105,'create_from_order','Shipping was created from order %order_id%',0,40,50,'2024-01-06 05:17:04','2024-01-06 05:17:04','Botble\\ACL\\Models\\User'),(106,'update_status','Changed status of shipping to: Approved. Updated by: %user_name%',0,40,50,'2024-01-06 13:17:04','2024-01-06 17:17:04','Botble\\ACL\\Models\\User'),(107,'update_status','Changed status of shipping to: Delivered. Updated by: %user_name%',0,40,50,'2024-01-06 17:17:04','2024-01-06 17:17:04','Botble\\ACL\\Models\\User'),(108,'create_from_order','Shipping was created from order %order_id%',0,41,52,'2024-01-06 11:17:04','2024-01-06 11:17:04','Botble\\ACL\\Models\\User'),(109,'update_status','Changed status of shipping to: Approved. Updated by: %user_name%',0,41,52,'2024-01-06 15:17:04','2024-01-06 17:17:04','Botble\\ACL\\Models\\User'),(110,'update_status','Changed status of shipping to: Delivered. Updated by: %user_name%',0,41,52,'2024-01-06 17:17:04','2024-01-06 17:17:04','Botble\\ACL\\Models\\User'),(111,'create_from_order','Shipping was created from order %order_id%',0,42,53,'2024-01-06 15:17:04','2024-01-06 15:17:04','Botble\\ACL\\Models\\User'),(112,'update_status','Changed status of shipping to: Approved. Updated by: %user_name%',0,42,53,'2024-01-06 15:17:05','2024-01-06 17:17:05','Botble\\ACL\\Models\\User');
/*!40000 ALTER TABLE `ec_shipment_histories` ENABLE KEYS */;
UNLOCK TABLES;

--
-- Table structure for table `ec_shipments`
--

DROP TABLE IF EXISTS `ec_shipments`;
/*!40101 SET @saved_cs_client     = @@character_set_client */;
/*!50503 SET character_set_client = utf8mb4 */;
CREATE TABLE `ec_shipments` (
  `id` bigint unsigned NOT NULL AUTO_INCREMENT,
  `order_id` bigint unsigned NOT NULL,
  `user_id` bigint unsigned DEFAULT NULL,
  `weight` double(8,2) DEFAULT '0.00',
  `shipment_id` varchar(120) COLLATE utf8mb4_unicode_ci DEFAULT NULL,
  `rate_id` varchar(120) COLLATE utf8mb4_unicode_ci DEFAULT NULL,
  `note` varchar(120) COLLATE utf8mb4_unicode_ci DEFAULT NULL,
  `status` varchar(120) COLLATE utf8mb4_unicode_ci NOT NULL DEFAULT 'pending',
  `cod_amount` decimal(15,2) DEFAULT '0.00',
  `cod_status` varchar(60) COLLATE utf8mb4_unicode_ci NOT NULL DEFAULT 'pending',
  `cross_checking_status` varchar(60) COLLATE utf8mb4_unicode_ci NOT NULL DEFAULT 'pending',
  `price` decimal(15,2) DEFAULT '0.00',
  `store_id` bigint unsigned DEFAULT NULL,
  `created_at` timestamp NULL DEFAULT NULL,
  `updated_at` timestamp NULL DEFAULT NULL,
  `tracking_id` varchar(191) COLLATE utf8mb4_unicode_ci DEFAULT NULL,
  `shipping_company_name` varchar(191) COLLATE utf8mb4_unicode_ci DEFAULT NULL,
  `tracking_link` varchar(191) COLLATE utf8mb4_unicode_ci DEFAULT NULL,
  `estimate_date_shipped` datetime DEFAULT NULL,
  `date_shipped` datetime DEFAULT NULL,
  `label_url` text COLLATE utf8mb4_unicode_ci,
  `metadata` mediumtext COLLATE utf8mb4_unicode_ci,
  PRIMARY KEY (`id`)
) ENGINE=InnoDB AUTO_INCREMENT=43 DEFAULT CHARSET=utf8mb4 COLLATE=utf8mb4_unicode_ci;
/*!40101 SET character_set_client = @saved_cs_client */;

--
-- Dumping data for table `ec_shipments`
--

LOCK TABLES `ec_shipments` WRITE;
/*!40000 ALTER TABLE `ec_shipments` DISABLE KEYS */;
INSERT INTO `ec_shipments` VALUES (1,1,NULL,667.00,NULL,NULL,'','delivered',0.00,'completed','pending',0.00,0,'2024-01-06 17:16:55','2024-01-06 17:16:55','JJD0036506482','GHN','https://mydhl.express.dhl/us/en/tracking.html#/track-by-reference','2024-01-09 00:16:55','2024-01-07 00:16:55',NULL,NULL),(2,2,NULL,866.00,NULL,NULL,'','delivered',0.00,'completed','pending',0.00,0,'2024-01-06 17:16:56','2024-01-06 17:16:56','JJD0089554299','DHL','https://mydhl.express.dhl/us/en/tracking.html#/track-by-reference','2024-01-16 00:16:56','2024-01-07 00:16:56',NULL,NULL),(3,3,NULL,3190.00,NULL,NULL,'','delivered',0.00,'completed','pending',0.00,0,'2024-01-06 17:16:56','2024-01-06 17:16:56','JJD0037531336','DHL','https://mydhl.express.dhl/us/en/tracking.html#/track-by-reference','2024-01-11 00:16:56','2024-01-07 00:16:56',NULL,NULL),(4,4,NULL,1732.00,NULL,NULL,'','approved',0.00,'completed','pending',0.00,0,'2024-01-06 17:16:56','2024-01-06 17:16:56','JJD003954459','FastShipping','https://mydhl.express.dhl/us/en/tracking.html#/track-by-reference','2024-01-14 00:16:56',NULL,NULL,NULL),(5,5,NULL,1656.00,NULL,NULL,'','approved',0.00,'completed','pending',0.00,0,'2024-01-06 17:16:56','2024-01-06 17:16:56','JJD0033946278','DHL','https://mydhl.express.dhl/us/en/tracking.html#/track-by-reference','2024-01-14 00:16:56',NULL,NULL,NULL),(6,6,NULL,1229.00,NULL,NULL,'','delivered',0.00,'completed','pending',0.00,0,'2024-01-06 17:16:56','2024-01-06 17:16:56','JJD0014124284','AliExpress','https://mydhl.express.dhl/us/en/tracking.html#/track-by-reference','2024-01-17 00:16:56','2024-01-07 00:16:56',NULL,NULL),(7,7,NULL,695.00,NULL,NULL,'','delivered',0.00,'completed','pending',0.00,0,'2024-01-06 17:16:57','2024-01-06 17:16:57','JJD0089275197','FastShipping','https://mydhl.express.dhl/us/en/tracking.html#/track-by-reference','2024-01-14 00:16:57','2024-01-07 00:16:57',NULL,NULL),(8,9,NULL,773.00,NULL,NULL,'','delivered',0.00,'completed','pending',0.00,0,'2024-01-06 17:16:57','2024-01-06 17:16:57','JJD0098145343','FastShipping','https://mydhl.express.dhl/us/en/tracking.html#/track-by-reference','2024-01-17 00:16:57','2024-01-07 00:16:57',NULL,NULL),(9,11,NULL,1497.00,NULL,NULL,'','delivered',0.00,'completed','pending',0.00,0,'2024-01-06 17:16:57','2024-01-06 17:16:57','JJD0013371797','DHL','https://mydhl.express.dhl/us/en/tracking.html#/track-by-reference','2024-01-08 00:16:57','2024-01-07 00:16:57',NULL,NULL),(10,12,NULL,2223.00,NULL,NULL,'','approved',0.00,'completed','pending',0.00,0,'2024-01-06 17:16:58','2024-01-06 17:16:58','JJD0050607372','FastShipping','https://mydhl.express.dhl/us/en/tracking.html#/track-by-reference','2024-01-12 00:16:58',NULL,NULL,NULL),(11,13,NULL,3294.00,NULL,NULL,'','delivered',0.00,'completed','pending',0.00,0,'2024-01-06 17:16:58','2024-01-06 17:16:58','JJD0099310550','FastShipping','https://mydhl.express.dhl/us/en/tracking.html#/track-by-reference','2024-01-12 00:16:58','2024-01-07 00:16:58',NULL,NULL),(12,14,NULL,1628.00,NULL,NULL,'','delivered',0.00,'completed','pending',0.00,0,'2024-01-06 17:16:58','2024-01-06 17:16:58','JJD0060888416','GHN','https://mydhl.express.dhl/us/en/tracking.html#/track-by-reference','2024-01-12 00:16:58','2024-01-07 00:16:58',NULL,NULL),(13,16,NULL,1114.00,NULL,NULL,'','approved',0.00,'completed','pending',0.00,0,'2024-01-06 17:16:58','2024-01-06 17:16:58','JJD0062923911','DHL','https://mydhl.express.dhl/us/en/tracking.html#/track-by-reference','2024-01-16 00:16:58',NULL,NULL,NULL),(14,17,NULL,2442.00,NULL,NULL,'','approved',0.00,'completed','pending',0.00,0,'2024-01-06 17:16:59','2024-01-06 17:16:59','JJD0087891770','GHN','https://mydhl.express.dhl/us/en/tracking.html#/track-by-reference','2024-01-15 00:16:59',NULL,NULL,NULL),(15,18,NULL,1390.00,NULL,NULL,'','approved',0.00,'completed','pending',0.00,0,'2024-01-06 17:16:59','2024-01-06 17:16:59','JJD0090608638','AliExpress','https://mydhl.express.dhl/us/en/tracking.html#/track-by-reference','2024-01-12 00:16:59',NULL,NULL,NULL),(16,19,NULL,2292.00,NULL,NULL,'','delivered',0.00,'completed','pending',0.00,0,'2024-01-06 17:16:59','2024-01-06 17:16:59','JJD0095886524','DHL','https://mydhl.express.dhl/us/en/tracking.html#/track-by-reference','2024-01-08 00:16:59','2024-01-07 00:16:59',NULL,NULL),(17,20,NULL,814.00,NULL,NULL,'','approved',0.00,'completed','pending',0.00,0,'2024-01-06 17:16:59','2024-01-06 17:16:59','JJD0037004347','DHL','https://mydhl.express.dhl/us/en/tracking.html#/track-by-reference','2024-01-09 00:16:59',NULL,NULL,NULL),(18,22,NULL,1294.00,NULL,NULL,'','approved',0.00,'completed','pending',0.00,0,'2024-01-06 17:16:59','2024-01-06 17:16:59','JJD008693536','AliExpress','https://mydhl.express.dhl/us/en/tracking.html#/track-by-reference','2024-01-11 00:16:59',NULL,NULL,NULL),(19,25,NULL,5235.00,NULL,NULL,'','delivered',0.00,'completed','pending',0.00,0,'2024-01-06 17:17:00','2024-01-06 17:17:00','JJD0036426897','FastShipping','https://mydhl.express.dhl/us/en/tracking.html#/track-by-reference','2024-01-14 00:17:00','2024-01-07 00:17:00',NULL,NULL),(20,26,NULL,1012.00,NULL,NULL,'','delivered',0.00,'completed','pending',0.00,0,'2024-01-06 17:17:00','2024-01-06 17:17:00','JJD001279966','FastShipping','https://mydhl.express.dhl/us/en/tracking.html#/track-by-reference','2024-01-16 00:17:00','2024-01-07 00:17:00',NULL,NULL),(21,27,NULL,1438.00,NULL,NULL,'','delivered',0.00,'completed','pending',0.00,0,'2024-01-06 17:17:00','2024-01-06 17:17:00','JJD0085383234','AliExpress','https://mydhl.express.dhl/us/en/tracking.html#/track-by-reference','2024-01-09 00:17:00','2024-01-07 00:17:00',NULL,NULL),(22,28,NULL,778.00,NULL,NULL,'','delivered',0.00,'completed','pending',0.00,0,'2024-01-06 17:17:00','2024-01-06 17:17:00','JJD0074983619','FastShipping','https://mydhl.express.dhl/us/en/tracking.html#/track-by-reference','2024-01-13 00:17:00','2024-01-07 00:17:00',NULL,NULL),(23,30,NULL,2001.00,NULL,NULL,'','delivered',60.00,'completed','pending',0.00,0,'2024-01-06 17:17:01','2024-01-06 17:17:01','JJD0056821495','GHN','https://mydhl.express.dhl/us/en/tracking.html#/track-by-reference','2024-01-17 00:17:01','2024-01-07 00:17:01',NULL,NULL),(24,31,NULL,1518.00,NULL,NULL,'','delivered',0.00,'completed','pending',0.00,0,'2024-01-06 17:17:01','2024-01-06 17:17:01','JJD0029291831','GHN','https://mydhl.express.dhl/us/en/tracking.html#/track-by-reference','2024-01-12 00:17:01','2024-01-07 00:17:01',NULL,NULL),(25,33,NULL,2469.00,NULL,NULL,'','delivered',0.00,'completed','pending',0.00,0,'2024-01-06 17:17:01','2024-01-06 17:17:01','JJD0066500567','AliExpress','https://mydhl.express.dhl/us/en/tracking.html#/track-by-reference','2024-01-13 00:17:01','2024-01-07 00:17:01',NULL,NULL),(26,34,NULL,2598.00,NULL,NULL,'','approved',0.00,'completed','pending',0.00,0,'2024-01-06 17:17:01','2024-01-06 17:17:01','JJD0066987001','AliExpress','https://mydhl.express.dhl/us/en/tracking.html#/track-by-reference','2024-01-15 00:17:01',NULL,NULL,NULL),(27,35,NULL,3523.00,NULL,NULL,'','approved',0.00,'completed','pending',0.00,0,'2024-01-06 17:17:02','2024-01-06 17:17:02','JJD0051206959','FastShipping','https://mydhl.express.dhl/us/en/tracking.html#/track-by-reference','2024-01-09 00:17:02',NULL,NULL,NULL),(28,36,NULL,1528.00,NULL,NULL,'','delivered',1986.00,'completed','pending',0.00,0,'2024-01-06 17:17:02','2024-01-06 17:17:02','JJD0055206284','DHL','https://mydhl.express.dhl/us/en/tracking.html#/track-by-reference','2024-01-12 00:17:02','2024-01-07 00:17:02',NULL,NULL),(29,37,NULL,4365.00,NULL,NULL,'','delivered',0.00,'completed','pending',0.00,0,'2024-01-06 17:17:02','2024-01-06 17:17:02','JJD0029050495','FastShipping','https://mydhl.express.dhl/us/en/tracking.html#/track-by-reference','2024-01-09 00:17:02','2024-01-07 00:17:02',NULL,NULL),(30,39,NULL,1779.00,NULL,NULL,'','approved',0.00,'completed','pending',0.00,0,'2024-01-06 17:17:02','2024-01-06 17:17:02','JJD0071586179','DHL','https://mydhl.express.dhl/us/en/tracking.html#/track-by-reference','2024-01-17 00:17:02',NULL,NULL,NULL),(31,40,NULL,1188.00,NULL,NULL,'','delivered',0.00,'completed','pending',0.00,0,'2024-01-06 17:17:02','2024-01-06 17:17:02','JJD003877818','FastShipping','https://mydhl.express.dhl/us/en/tracking.html#/track-by-reference','2024-01-09 00:17:02','2024-01-07 00:17:02',NULL,NULL),(32,41,NULL,2292.00,NULL,NULL,'','delivered',0.00,'completed','pending',0.00,0,'2024-01-06 17:17:03','2024-01-06 17:17:03','JJD0045297477','DHL','https://mydhl.express.dhl/us/en/tracking.html#/track-by-reference','2024-01-15 00:17:03','2024-01-07 00:17:03',NULL,NULL),(33,42,NULL,1556.00,NULL,NULL,'','delivered',0.00,'completed','pending',0.00,0,'2024-01-06 17:17:03','2024-01-06 17:17:03','JJD0050223500','FastShipping','https://mydhl.express.dhl/us/en/tracking.html#/track-by-reference','2024-01-11 00:17:03','2024-01-07 00:17:03',NULL,NULL),(34,44,NULL,773.00,NULL,NULL,'','approved',0.00,'completed','pending',0.00,0,'2024-01-06 17:17:03','2024-01-06 17:17:03','JJD0070120670','AliExpress','https://mydhl.express.dhl/us/en/tracking.html#/track-by-reference','2024-01-09 00:17:03',NULL,NULL,NULL),(35,45,NULL,794.00,NULL,NULL,'','approved',0.00,'completed','pending',0.00,0,'2024-01-06 17:17:03','2024-01-06 17:17:03','JJD0068359844','AliExpress','https://mydhl.express.dhl/us/en/tracking.html#/track-by-reference','2024-01-15 00:17:03',NULL,NULL,NULL),(36,46,NULL,814.00,NULL,NULL,'','approved',0.00,'completed','pending',0.00,0,'2024-01-06 17:17:03','2024-01-06 17:17:03','JJD0070284514','DHL','https://mydhl.express.dhl/us/en/tracking.html#/track-by-reference','2024-01-12 00:17:03',NULL,NULL,NULL),(37,47,NULL,3827.00,NULL,NULL,'','delivered',4529.00,'completed','pending',0.00,0,'2024-01-06 17:17:04','2024-01-06 17:17:04','JJD0046009789','DHL','https://mydhl.express.dhl/us/en/tracking.html#/track-by-reference','2024-01-08 00:17:04','2024-01-07 00:17:04',NULL,NULL),(38,48,NULL,593.00,NULL,NULL,'','approved',0.00,'completed','pending',0.00,0,'2024-01-06 17:17:04','2024-01-06 17:17:04','JJD005070681','FastShipping','https://mydhl.express.dhl/us/en/tracking.html#/track-by-reference','2024-01-08 00:17:04',NULL,NULL,NULL),(39,49,NULL,631.00,NULL,NULL,'','approved',0.00,'completed','pending',0.00,0,'2024-01-06 17:17:04','2024-01-06 17:17:04','JJD0059899469','FastShipping','https://mydhl.express.dhl/us/en/tracking.html#/track-by-reference','2024-01-10 00:17:04',NULL,NULL,NULL),(40,50,NULL,1004.00,NULL,NULL,'','delivered',0.00,'completed','pending',0.00,0,'2024-01-06 17:17:04','2024-01-06 17:17:04','JJD0039899154','AliExpress','https://mydhl.express.dhl/us/en/tracking.html#/track-by-reference','2024-01-13 00:17:04','2024-01-07 00:17:04',NULL,NULL),(41,52,NULL,1644.00,NULL,NULL,'','delivered',0.00,'completed','pending',0.00,0,'2024-01-06 17:17:04','2024-01-06 17:17:04','JJD0021209293','AliExpress','https://mydhl.express.dhl/us/en/tracking.html#/track-by-reference','2024-01-09 00:17:04','2024-01-07 00:17:04',NULL,NULL),(42,53,NULL,5782.00,NULL,NULL,'','approved',0.00,'completed','pending',0.00,0,'2024-01-06 17:17:05','2024-01-06 17:17:05','JJD0069287131','GHN','https://mydhl.express.dhl/us/en/tracking.html#/track-by-reference','2024-01-17 00:17:05',NULL,NULL,NULL);
/*!40000 ALTER TABLE `ec_shipments` ENABLE KEYS */;
UNLOCK TABLES;

--
-- Table structure for table `ec_shipping`
--

DROP TABLE IF EXISTS `ec_shipping`;
/*!40101 SET @saved_cs_client     = @@character_set_client */;
/*!50503 SET character_set_client = utf8mb4 */;
CREATE TABLE `ec_shipping` (
  `id` bigint unsigned NOT NULL AUTO_INCREMENT,
  `title` varchar(191) COLLATE utf8mb4_unicode_ci DEFAULT NULL,
  `country` varchar(120) COLLATE utf8mb4_unicode_ci DEFAULT NULL,
  `created_at` timestamp NULL DEFAULT NULL,
  `updated_at` timestamp NULL DEFAULT NULL,
  PRIMARY KEY (`id`)
) ENGINE=InnoDB AUTO_INCREMENT=2 DEFAULT CHARSET=utf8mb4 COLLATE=utf8mb4_unicode_ci;
/*!40101 SET character_set_client = @saved_cs_client */;

--
-- Dumping data for table `ec_shipping`
--

LOCK TABLES `ec_shipping` WRITE;
/*!40000 ALTER TABLE `ec_shipping` DISABLE KEYS */;
INSERT INTO `ec_shipping` VALUES (1,'All',NULL,'2024-01-06 17:16:50','2024-01-06 17:16:50');
/*!40000 ALTER TABLE `ec_shipping` ENABLE KEYS */;
UNLOCK TABLES;

--
-- Table structure for table `ec_shipping_rule_items`
--

DROP TABLE IF EXISTS `ec_shipping_rule_items`;
/*!40101 SET @saved_cs_client     = @@character_set_client */;
/*!50503 SET character_set_client = utf8mb4 */;
CREATE TABLE `ec_shipping_rule_items` (
  `id` bigint unsigned NOT NULL AUTO_INCREMENT,
  `shipping_rule_id` bigint unsigned NOT NULL,
  `country` varchar(120) COLLATE utf8mb4_unicode_ci DEFAULT NULL,
  `state` varchar(120) COLLATE utf8mb4_unicode_ci DEFAULT NULL,
  `city` varchar(120) COLLATE utf8mb4_unicode_ci DEFAULT NULL,
  `zip_code` varchar(20) COLLATE utf8mb4_unicode_ci DEFAULT NULL,
  `adjustment_price` decimal(15,2) DEFAULT '0.00',
  `is_enabled` tinyint(1) NOT NULL DEFAULT '1',
  `created_at` timestamp NULL DEFAULT NULL,
  `updated_at` timestamp NULL DEFAULT NULL,
  PRIMARY KEY (`id`)
) ENGINE=InnoDB DEFAULT CHARSET=utf8mb4 COLLATE=utf8mb4_unicode_ci;
/*!40101 SET character_set_client = @saved_cs_client */;

--
-- Dumping data for table `ec_shipping_rule_items`
--

LOCK TABLES `ec_shipping_rule_items` WRITE;
/*!40000 ALTER TABLE `ec_shipping_rule_items` DISABLE KEYS */;
/*!40000 ALTER TABLE `ec_shipping_rule_items` ENABLE KEYS */;
UNLOCK TABLES;

--
-- Table structure for table `ec_shipping_rules`
--

DROP TABLE IF EXISTS `ec_shipping_rules`;
/*!40101 SET @saved_cs_client     = @@character_set_client */;
/*!50503 SET character_set_client = utf8mb4 */;
CREATE TABLE `ec_shipping_rules` (
  `id` bigint unsigned NOT NULL AUTO_INCREMENT,
  `name` varchar(120) COLLATE utf8mb4_unicode_ci NOT NULL,
  `shipping_id` bigint unsigned NOT NULL,
  `type` varchar(24) COLLATE utf8mb4_unicode_ci DEFAULT 'based_on_price',
  `from` decimal(15,2) DEFAULT '0.00',
  `to` decimal(15,2) DEFAULT '0.00',
  `price` decimal(15,2) DEFAULT '0.00',
  `created_at` timestamp NULL DEFAULT NULL,
  `updated_at` timestamp NULL DEFAULT NULL,
  PRIMARY KEY (`id`)
) ENGINE=InnoDB AUTO_INCREMENT=2 DEFAULT CHARSET=utf8mb4 COLLATE=utf8mb4_unicode_ci;
/*!40101 SET character_set_client = @saved_cs_client */;

--
-- Dumping data for table `ec_shipping_rules`
--

LOCK TABLES `ec_shipping_rules` WRITE;
/*!40000 ALTER TABLE `ec_shipping_rules` DISABLE KEYS */;
INSERT INTO `ec_shipping_rules` VALUES (1,'Free delivery',1,'based_on_price',0.00,NULL,0.00,'2024-01-06 17:16:50','2024-01-06 17:16:50');
/*!40000 ALTER TABLE `ec_shipping_rules` ENABLE KEYS */;
UNLOCK TABLES;

--
-- Table structure for table `ec_store_locators`
--

DROP TABLE IF EXISTS `ec_store_locators`;
/*!40101 SET @saved_cs_client     = @@character_set_client */;
/*!50503 SET character_set_client = utf8mb4 */;
CREATE TABLE `ec_store_locators` (
  `id` bigint unsigned NOT NULL AUTO_INCREMENT,
  `name` varchar(60) COLLATE utf8mb4_unicode_ci NOT NULL,
  `email` varchar(60) COLLATE utf8mb4_unicode_ci DEFAULT NULL,
  `phone` varchar(20) COLLATE utf8mb4_unicode_ci NOT NULL,
  `address` varchar(255) COLLATE utf8mb4_unicode_ci NOT NULL,
  `country` varchar(120) COLLATE utf8mb4_unicode_ci DEFAULT NULL,
  `state` varchar(120) COLLATE utf8mb4_unicode_ci DEFAULT NULL,
  `city` varchar(120) COLLATE utf8mb4_unicode_ci DEFAULT NULL,
  `is_primary` tinyint(1) DEFAULT '0',
  `is_shipping_location` tinyint(1) DEFAULT '1',
  `created_at` timestamp NULL DEFAULT NULL,
  `updated_at` timestamp NULL DEFAULT NULL,
  PRIMARY KEY (`id`)
) ENGINE=InnoDB AUTO_INCREMENT=2 DEFAULT CHARSET=utf8mb4 COLLATE=utf8mb4_unicode_ci;
/*!40101 SET character_set_client = @saved_cs_client */;

--
-- Dumping data for table `ec_store_locators`
--

LOCK TABLES `ec_store_locators` WRITE;
/*!40000 ALTER TABLE `ec_store_locators` DISABLE KEYS */;
INSERT INTO `ec_store_locators` VALUES (1,'Farmart','sales@botble.com','1800979769','502 New Street','AU','Brighton VIC','Brighton VIC',1,1,'2024-01-06 17:16:51','2024-01-06 17:16:51');
/*!40000 ALTER TABLE `ec_store_locators` ENABLE KEYS */;
UNLOCK TABLES;

--
-- Table structure for table `ec_tax_products`
--

DROP TABLE IF EXISTS `ec_tax_products`;
/*!40101 SET @saved_cs_client     = @@character_set_client */;
/*!50503 SET character_set_client = utf8mb4 */;
CREATE TABLE `ec_tax_products` (
  `tax_id` bigint unsigned NOT NULL,
  `product_id` bigint unsigned NOT NULL,
  PRIMARY KEY (`product_id`,`tax_id`),
  KEY `ec_tax_products_tax_id_index` (`tax_id`),
  KEY `ec_tax_products_product_id_index` (`product_id`)
) ENGINE=InnoDB DEFAULT CHARSET=utf8mb4 COLLATE=utf8mb4_unicode_ci;
/*!40101 SET character_set_client = @saved_cs_client */;

--
-- Dumping data for table `ec_tax_products`
--

LOCK TABLES `ec_tax_products` WRITE;
/*!40000 ALTER TABLE `ec_tax_products` DISABLE KEYS */;
INSERT INTO `ec_tax_products` VALUES (1,1),(1,2),(1,3),(1,4),(1,5),(1,6),(1,7),(1,8),(1,9),(1,10),(1,11),(1,12),(1,13),(1,14),(1,15),(1,16),(1,17),(1,18),(1,19),(1,20),(1,21),(1,22),(1,23),(1,24),(1,25),(1,26),(1,27),(1,28),(1,29),(1,30),(1,31),(1,32),(1,33),(1,34),(1,35),(1,36),(1,37),(1,38),(1,39),(1,40),(1,41),(1,42),(1,43),(1,44),(1,45),(1,46),(1,47),(1,48),(1,49),(1,50),(1,51),(1,52),(1,53),(1,54),(1,55),(1,56),(1,57),(1,58),(1,59),(1,60),(1,61),(1,62),(1,63),(1,64),(1,65);
/*!40000 ALTER TABLE `ec_tax_products` ENABLE KEYS */;
UNLOCK TABLES;

--
-- Table structure for table `ec_tax_rules`
--

DROP TABLE IF EXISTS `ec_tax_rules`;
/*!40101 SET @saved_cs_client     = @@character_set_client */;
/*!50503 SET character_set_client = utf8mb4 */;
CREATE TABLE `ec_tax_rules` (
  `id` bigint unsigned NOT NULL AUTO_INCREMENT,
  `tax_id` bigint unsigned NOT NULL,
  `country` varchar(120) COLLATE utf8mb4_unicode_ci DEFAULT NULL,
  `state` varchar(120) COLLATE utf8mb4_unicode_ci DEFAULT NULL,
  `city` varchar(120) COLLATE utf8mb4_unicode_ci DEFAULT NULL,
  `zip_code` varchar(20) COLLATE utf8mb4_unicode_ci DEFAULT NULL,
  `priority` int DEFAULT NULL,
  `is_enabled` tinyint(1) NOT NULL DEFAULT '1',
  `created_at` timestamp NULL DEFAULT NULL,
  `updated_at` timestamp NULL DEFAULT NULL,
  PRIMARY KEY (`id`)
) ENGINE=InnoDB DEFAULT CHARSET=utf8mb4 COLLATE=utf8mb4_unicode_ci;
/*!40101 SET character_set_client = @saved_cs_client */;

--
-- Dumping data for table `ec_tax_rules`
--

LOCK TABLES `ec_tax_rules` WRITE;
/*!40000 ALTER TABLE `ec_tax_rules` DISABLE KEYS */;
/*!40000 ALTER TABLE `ec_tax_rules` ENABLE KEYS */;
UNLOCK TABLES;

--
-- Table structure for table `ec_taxes`
--

DROP TABLE IF EXISTS `ec_taxes`;
/*!40101 SET @saved_cs_client     = @@character_set_client */;
/*!50503 SET character_set_client = utf8mb4 */;
CREATE TABLE `ec_taxes` (
  `id` bigint unsigned NOT NULL AUTO_INCREMENT,
  `title` varchar(191) COLLATE utf8mb4_unicode_ci DEFAULT NULL,
  `percentage` double(8,6) DEFAULT NULL,
  `priority` int DEFAULT NULL,
  `status` varchar(60) COLLATE utf8mb4_unicode_ci NOT NULL DEFAULT 'published',
  `created_at` timestamp NULL DEFAULT NULL,
  `updated_at` timestamp NULL DEFAULT NULL,
  PRIMARY KEY (`id`)
) ENGINE=InnoDB AUTO_INCREMENT=4 DEFAULT CHARSET=utf8mb4 COLLATE=utf8mb4_unicode_ci;
/*!40101 SET character_set_client = @saved_cs_client */;

--
-- Dumping data for table `ec_taxes`
--

LOCK TABLES `ec_taxes` WRITE;
/*!40000 ALTER TABLE `ec_taxes` DISABLE KEYS */;
INSERT INTO `ec_taxes` VALUES (1,'VAT',10.000000,1,'published','2024-01-06 17:16:50','2024-01-06 17:16:50'),(2,'None',0.000000,2,'published','2024-01-06 17:16:50','2024-01-06 17:16:50'),(3,'Import Tax',15.000000,3,'published','2024-01-06 17:16:50','2024-01-06 17:16:50');
/*!40000 ALTER TABLE `ec_taxes` ENABLE KEYS */;
UNLOCK TABLES;

--
-- Table structure for table `ec_wish_lists`
--

DROP TABLE IF EXISTS `ec_wish_lists`;
/*!40101 SET @saved_cs_client     = @@character_set_client */;
/*!50503 SET character_set_client = utf8mb4 */;
CREATE TABLE `ec_wish_lists` (
  `id` bigint unsigned NOT NULL AUTO_INCREMENT,
  `customer_id` bigint unsigned NOT NULL,
  `product_id` bigint unsigned NOT NULL,
  `created_at` timestamp NULL DEFAULT NULL,
  `updated_at` timestamp NULL DEFAULT NULL,
  PRIMARY KEY (`id`),
  KEY `wishlist_relation_index` (`product_id`,`customer_id`)
) ENGINE=InnoDB DEFAULT CHARSET=utf8mb4 COLLATE=utf8mb4_unicode_ci;
/*!40101 SET character_set_client = @saved_cs_client */;

--
-- Dumping data for table `ec_wish_lists`
--

LOCK TABLES `ec_wish_lists` WRITE;
/*!40000 ALTER TABLE `ec_wish_lists` DISABLE KEYS */;
/*!40000 ALTER TABLE `ec_wish_lists` ENABLE KEYS */;
UNLOCK TABLES;

--
-- Table structure for table `failed_jobs`
--

DROP TABLE IF EXISTS `failed_jobs`;
/*!40101 SET @saved_cs_client     = @@character_set_client */;
/*!50503 SET character_set_client = utf8mb4 */;
CREATE TABLE `failed_jobs` (
  `id` bigint unsigned NOT NULL AUTO_INCREMENT,
  `uuid` varchar(191) COLLATE utf8mb4_unicode_ci NOT NULL,
  `connection` text COLLATE utf8mb4_unicode_ci NOT NULL,
  `queue` text COLLATE utf8mb4_unicode_ci NOT NULL,
  `payload` longtext COLLATE utf8mb4_unicode_ci NOT NULL,
  `exception` longtext COLLATE utf8mb4_unicode_ci NOT NULL,
  `failed_at` timestamp NOT NULL DEFAULT CURRENT_TIMESTAMP,
  PRIMARY KEY (`id`),
  UNIQUE KEY `failed_jobs_uuid_unique` (`uuid`)
) ENGINE=InnoDB DEFAULT CHARSET=utf8mb4 COLLATE=utf8mb4_unicode_ci;
/*!40101 SET character_set_client = @saved_cs_client */;

--
-- Dumping data for table `failed_jobs`
--

LOCK TABLES `failed_jobs` WRITE;
/*!40000 ALTER TABLE `failed_jobs` DISABLE KEYS */;
/*!40000 ALTER TABLE `failed_jobs` ENABLE KEYS */;
UNLOCK TABLES;

--
-- Table structure for table `faq_categories`
--

DROP TABLE IF EXISTS `faq_categories`;
/*!40101 SET @saved_cs_client     = @@character_set_client */;
/*!50503 SET character_set_client = utf8mb4 */;
CREATE TABLE `faq_categories` (
  `id` bigint unsigned NOT NULL AUTO_INCREMENT,
  `name` varchar(120) COLLATE utf8mb4_unicode_ci NOT NULL,
  `order` tinyint NOT NULL DEFAULT '0',
  `status` varchar(60) COLLATE utf8mb4_unicode_ci NOT NULL DEFAULT 'published',
  `created_at` timestamp NULL DEFAULT NULL,
  `updated_at` timestamp NULL DEFAULT NULL,
  `description` varchar(300) COLLATE utf8mb4_unicode_ci DEFAULT NULL,
  PRIMARY KEY (`id`)
) ENGINE=InnoDB AUTO_INCREMENT=4 DEFAULT CHARSET=utf8mb4 COLLATE=utf8mb4_unicode_ci;
/*!40101 SET character_set_client = @saved_cs_client */;

--
-- Dumping data for table `faq_categories`
--

LOCK TABLES `faq_categories` WRITE;
/*!40000 ALTER TABLE `faq_categories` DISABLE KEYS */;
INSERT INTO `faq_categories` VALUES (1,'SHIPPING',0,'published','2024-01-06 17:16:37','2024-01-06 17:16:37',NULL),(2,'PAYMENT',1,'published','2024-01-06 17:16:37','2024-01-06 17:16:37',NULL),(3,'ORDER &amp; RETURNS',2,'published','2024-01-06 17:16:37','2024-01-06 17:16:37',NULL);
/*!40000 ALTER TABLE `faq_categories` ENABLE KEYS */;
UNLOCK TABLES;

--
-- Table structure for table `faq_categories_translations`
--

DROP TABLE IF EXISTS `faq_categories_translations`;
/*!40101 SET @saved_cs_client     = @@character_set_client */;
/*!50503 SET character_set_client = utf8mb4 */;
CREATE TABLE `faq_categories_translations` (
  `lang_code` varchar(20) COLLATE utf8mb4_unicode_ci NOT NULL,
  `faq_categories_id` bigint unsigned NOT NULL,
  `name` varchar(120) COLLATE utf8mb4_unicode_ci DEFAULT NULL,
  PRIMARY KEY (`lang_code`,`faq_categories_id`)
) ENGINE=InnoDB DEFAULT CHARSET=utf8mb4 COLLATE=utf8mb4_unicode_ci;
/*!40101 SET character_set_client = @saved_cs_client */;

--
-- Dumping data for table `faq_categories_translations`
--

LOCK TABLES `faq_categories_translations` WRITE;
/*!40000 ALTER TABLE `faq_categories_translations` DISABLE KEYS */;
/*!40000 ALTER TABLE `faq_categories_translations` ENABLE KEYS */;
UNLOCK TABLES;

--
-- Table structure for table `faqs`
--

DROP TABLE IF EXISTS `faqs`;
/*!40101 SET @saved_cs_client     = @@character_set_client */;
/*!50503 SET character_set_client = utf8mb4 */;
CREATE TABLE `faqs` (
  `id` bigint unsigned NOT NULL AUTO_INCREMENT,
  `question` text COLLATE utf8mb4_unicode_ci NOT NULL,
  `answer` text COLLATE utf8mb4_unicode_ci NOT NULL,
  `category_id` bigint unsigned NOT NULL,
  `status` varchar(60) COLLATE utf8mb4_unicode_ci NOT NULL DEFAULT 'published',
  `created_at` timestamp NULL DEFAULT NULL,
  `updated_at` timestamp NULL DEFAULT NULL,
  PRIMARY KEY (`id`)
) ENGINE=InnoDB AUTO_INCREMENT=11 DEFAULT CHARSET=utf8mb4 COLLATE=utf8mb4_unicode_ci;
/*!40101 SET character_set_client = @saved_cs_client */;

--
-- Dumping data for table `faqs`
--

LOCK TABLES `faqs` WRITE;
/*!40000 ALTER TABLE `faqs` DISABLE KEYS */;
INSERT INTO `faqs` VALUES (1,'What Shipping Methods Are Available?','Ex Portland Pitchfork irure mustache. Eutra fap before they sold out literally. Aliquip ugh bicycle rights actually mlkshk, seitan squid craft beer tempor.',1,'published','2024-01-06 17:16:37','2024-01-06 17:16:37'),(2,'Do You Ship Internationally?','Hoodie tote bag mixtape tofu. Typewriter jean shorts wolf quinoa, messenger bag organic freegan cray.',1,'published','2024-01-06 17:16:37','2024-01-06 17:16:37'),(3,'How Long Will It Take To Get My Package?','Swag slow-carb quinoa VHS typewriter pork belly brunch, paleo single-origin coffee Wes Anderson. Flexitarian Pitchfork forage, literally paleo fap pour-over. Wes Anderson Pinterest YOLO fanny pack meggings, deep v XOXO chambray sustainable slow-carb raw denim church-key fap chillwave Etsy. +1 typewriter kitsch, American Apparel tofu Banksy Vice.',1,'published','2024-01-06 17:16:37','2024-01-06 17:16:37'),(4,'What Payment Methods Are Accepted?','Fashion axe DIY jean shorts, swag kale chips meh polaroid kogi butcher Wes Anderson chambray next level semiotics gentrify yr. Voluptate photo booth fugiat Vice. Austin sed Williamsburg, ea labore raw denim voluptate cred proident mixtape excepteur mustache. Twee chia photo booth readymade food truck, hoodie roof party swag keytar PBR DIY.',2,'published','2024-01-06 17:16:37','2024-01-06 17:16:37'),(5,'Is Buying On-Line Safe?','Art party authentic freegan semiotics jean shorts chia cred. Neutra Austin roof party Brooklyn, synth Thundercats swag 8-bit photo booth. Plaid letterpress leggings craft beer meh ethical Pinterest.',2,'published','2024-01-06 17:16:37','2024-01-06 17:16:37'),(6,'How do I place an Order?','Keytar cray slow-carb, Godard banh mi salvia pour-over. Slow-carb Odd Future seitan normcore. Master cleanse American Apparel gentrify flexitarian beard slow-carb next level. Raw denim polaroid paleo farm-to-table, put a bird on it lo-fi tattooed Wes Anderson Pinterest letterpress. Fingerstache McSweeney’s pour-over, letterpress Schlitz photo booth master cleanse bespoke hashtag chillwave gentrify.',3,'published','2024-01-06 17:16:37','2024-01-06 17:16:37'),(7,'How Can I Cancel Or Change My Order?','Plaid letterpress leggings craft beer meh ethical Pinterest. Art party authentic freegan semiotics jean shorts chia cred. Neutra Austin roof party Brooklyn, synth Thundercats swag 8-bit photo booth.',3,'published','2024-01-06 17:16:37','2024-01-06 17:16:37'),(8,'Do I need an account to place an order?','Thundercats swag 8-bit photo booth. Plaid letterpress leggings craft beer meh ethical Pinterest. Twee chia photo booth readymade food truck, hoodie roof party swag keytar PBR DIY. Cray ugh 3 wolf moon fap, fashion axe irony butcher cornhole typewriter chambray VHS banjo street art.',3,'published','2024-01-06 17:16:37','2024-01-06 17:16:37'),(9,'How Do I Track My Order?','Keytar cray slow-carb, Godard banh mi salvia pour-over. Slow-carb @Odd Future seitan normcore. Master cleanse American Apparel gentrify flexitarian beard slow-carb next level.',3,'published','2024-01-06 17:16:37','2024-01-06 17:16:37'),(10,'How Can I Return a Product?','Kale chips Truffaut Williamsburg, hashtag fixie Pinterest raw denim c hambray drinking vinegar Carles street art Bushwick gastropub. Wolf Tumblr paleo church-key. Plaid food truck Echo Park YOLO bitters hella, direct trade Thundercats leggings quinoa before they sold out. You probably haven’t heard of them wayfarers authentic umami drinking vinegar Pinterest Cosby sweater, fingerstache fap High Life.',3,'published','2024-01-06 17:16:37','2024-01-06 17:16:37');
/*!40000 ALTER TABLE `faqs` ENABLE KEYS */;
UNLOCK TABLES;

--
-- Table structure for table `faqs_translations`
--

DROP TABLE IF EXISTS `faqs_translations`;
/*!40101 SET @saved_cs_client     = @@character_set_client */;
/*!50503 SET character_set_client = utf8mb4 */;
CREATE TABLE `faqs_translations` (
  `lang_code` varchar(20) COLLATE utf8mb4_unicode_ci NOT NULL,
  `faqs_id` bigint unsigned NOT NULL,
  `question` text COLLATE utf8mb4_unicode_ci,
  `answer` text COLLATE utf8mb4_unicode_ci,
  PRIMARY KEY (`lang_code`,`faqs_id`)
) ENGINE=InnoDB DEFAULT CHARSET=utf8mb4 COLLATE=utf8mb4_unicode_ci;
/*!40101 SET character_set_client = @saved_cs_client */;

--
-- Dumping data for table `faqs_translations`
--

LOCK TABLES `faqs_translations` WRITE;
/*!40000 ALTER TABLE `faqs_translations` DISABLE KEYS */;
/*!40000 ALTER TABLE `faqs_translations` ENABLE KEYS */;
UNLOCK TABLES;

--
-- Table structure for table `jobs`
--

DROP TABLE IF EXISTS `jobs`;
/*!40101 SET @saved_cs_client     = @@character_set_client */;
/*!50503 SET character_set_client = utf8mb4 */;
CREATE TABLE `jobs` (
  `id` bigint unsigned NOT NULL AUTO_INCREMENT,
  `queue` varchar(191) COLLATE utf8mb4_unicode_ci NOT NULL,
  `payload` longtext COLLATE utf8mb4_unicode_ci NOT NULL,
  `attempts` tinyint unsigned NOT NULL,
  `reserved_at` int unsigned DEFAULT NULL,
  `available_at` int unsigned NOT NULL,
  `created_at` int unsigned NOT NULL,
  PRIMARY KEY (`id`),
  KEY `jobs_queue_index` (`queue`)
) ENGINE=InnoDB DEFAULT CHARSET=utf8mb4 COLLATE=utf8mb4_unicode_ci;
/*!40101 SET character_set_client = @saved_cs_client */;

--
-- Dumping data for table `jobs`
--

LOCK TABLES `jobs` WRITE;
/*!40000 ALTER TABLE `jobs` DISABLE KEYS */;
/*!40000 ALTER TABLE `jobs` ENABLE KEYS */;
UNLOCK TABLES;

--
-- Table structure for table `language_meta`
--

DROP TABLE IF EXISTS `language_meta`;
/*!40101 SET @saved_cs_client     = @@character_set_client */;
/*!50503 SET character_set_client = utf8mb4 */;
CREATE TABLE `language_meta` (
  `lang_meta_id` bigint unsigned NOT NULL AUTO_INCREMENT,
  `lang_meta_code` varchar(20) COLLATE utf8mb4_unicode_ci DEFAULT NULL,
  `lang_meta_origin` varchar(32) COLLATE utf8mb4_unicode_ci NOT NULL,
  `reference_id` bigint unsigned NOT NULL,
  `reference_type` varchar(120) COLLATE utf8mb4_unicode_ci NOT NULL,
  PRIMARY KEY (`lang_meta_id`),
  KEY `language_meta_reference_id_index` (`reference_id`),
  KEY `meta_code_index` (`lang_meta_code`),
  KEY `meta_origin_index` (`lang_meta_origin`),
  KEY `meta_reference_type_index` (`reference_type`)
) ENGINE=InnoDB AUTO_INCREMENT=9 DEFAULT CHARSET=utf8mb4 COLLATE=utf8mb4_unicode_ci;
/*!40101 SET character_set_client = @saved_cs_client */;

--
-- Dumping data for table `language_meta`
--

LOCK TABLES `language_meta` WRITE;
/*!40000 ALTER TABLE `language_meta` DISABLE KEYS */;
INSERT INTO `language_meta` VALUES (1,'en_US','b375b4abe4a43b22d65b0ba573006e73',1,'Botble\\SimpleSlider\\Models\\SimpleSlider'),(2,'en_US','fd75347f598babb649e3e5a914ddc4b8',1,'Botble\\Menu\\Models\\MenuLocation'),(3,'en_US','cdb2ebc2f622955ee05765202b982f67',1,'Botble\\Menu\\Models\\Menu'),(4,'en_US','527e042971e0b4b344da0cb86add1de0',2,'Botble\\Menu\\Models\\MenuLocation'),(5,'en_US','2cfc1573985ffcc8ff0ea099bf1e8b85',2,'Botble\\Menu\\Models\\Menu'),(6,'en_US','035a0527c55070034263fb01fb01a028',3,'Botble\\Menu\\Models\\Menu'),(7,'en_US','121ac49686eab19f804ab847c65e7a82',4,'Botble\\Menu\\Models\\Menu'),(8,'en_US','acb6bb38f336340f033eaaac708ca259',5,'Botble\\Menu\\Models\\Menu');
/*!40000 ALTER TABLE `language_meta` ENABLE KEYS */;
UNLOCK TABLES;

--
-- Table structure for table `languages`
--

DROP TABLE IF EXISTS `languages`;
/*!40101 SET @saved_cs_client     = @@character_set_client */;
/*!50503 SET character_set_client = utf8mb4 */;
CREATE TABLE `languages` (
  `lang_id` bigint unsigned NOT NULL AUTO_INCREMENT,
  `lang_name` varchar(120) COLLATE utf8mb4_unicode_ci NOT NULL,
  `lang_locale` varchar(20) COLLATE utf8mb4_unicode_ci NOT NULL,
  `lang_code` varchar(20) COLLATE utf8mb4_unicode_ci NOT NULL,
  `lang_flag` varchar(20) COLLATE utf8mb4_unicode_ci DEFAULT NULL,
  `lang_is_default` tinyint unsigned NOT NULL DEFAULT '0',
  `lang_order` int NOT NULL DEFAULT '0',
  `lang_is_rtl` tinyint unsigned NOT NULL DEFAULT '0',
  PRIMARY KEY (`lang_id`),
  KEY `lang_locale_index` (`lang_locale`),
  KEY `lang_code_index` (`lang_code`),
  KEY `lang_is_default_index` (`lang_is_default`)
) ENGINE=InnoDB AUTO_INCREMENT=2 DEFAULT CHARSET=utf8mb4 COLLATE=utf8mb4_unicode_ci;
/*!40101 SET character_set_client = @saved_cs_client */;

--
-- Dumping data for table `languages`
--

LOCK TABLES `languages` WRITE;
/*!40000 ALTER TABLE `languages` DISABLE KEYS */;
INSERT INTO `languages` VALUES (1,'English','en','en_US','us',1,0,0);
/*!40000 ALTER TABLE `languages` ENABLE KEYS */;
UNLOCK TABLES;

--
-- Table structure for table `media_files`
--

DROP TABLE IF EXISTS `media_files`;
/*!40101 SET @saved_cs_client     = @@character_set_client */;
/*!50503 SET character_set_client = utf8mb4 */;
CREATE TABLE `media_files` (
  `id` bigint unsigned NOT NULL AUTO_INCREMENT,
  `user_id` bigint unsigned NOT NULL,
  `name` varchar(255) COLLATE utf8mb4_unicode_ci NOT NULL,
  `alt` varchar(255) COLLATE utf8mb4_unicode_ci DEFAULT NULL,
  `folder_id` bigint unsigned NOT NULL DEFAULT '0',
  `mime_type` varchar(120) COLLATE utf8mb4_unicode_ci NOT NULL,
  `size` int NOT NULL,
  `url` varchar(255) COLLATE utf8mb4_unicode_ci NOT NULL,
  `options` text COLLATE utf8mb4_unicode_ci,
  `created_at` timestamp NULL DEFAULT NULL,
  `updated_at` timestamp NULL DEFAULT NULL,
  `deleted_at` timestamp NULL DEFAULT NULL,
  PRIMARY KEY (`id`),
  KEY `media_files_user_id_index` (`user_id`),
  KEY `media_files_index` (`folder_id`,`user_id`,`created_at`)
) ENGINE=InnoDB AUTO_INCREMENT=262 DEFAULT CHARSET=utf8mb4 COLLATE=utf8mb4_unicode_ci;
/*!40101 SET character_set_client = @saved_cs_client */;

--
-- Dumping data for table `media_files`
--

LOCK TABLES `media_files` WRITE;
/*!40000 ALTER TABLE `media_files` DISABLE KEYS */;
INSERT INTO `media_files` VALUES (1,0,'1','1',1,'image/png',5382,'brands/1.png','[]','2024-01-06 17:16:37','2024-01-06 17:16:37',NULL),(2,0,'2','2',1,'image/png',5382,'brands/2.png','[]','2024-01-06 17:16:37','2024-01-06 17:16:37',NULL),(3,0,'3','3',1,'image/png',5382,'brands/3.png','[]','2024-01-06 17:16:37','2024-01-06 17:16:37',NULL),(4,0,'4','4',1,'image/png',5382,'brands/4.png','[]','2024-01-06 17:16:37','2024-01-06 17:16:37',NULL),(5,0,'1','1',2,'image/png',5306,'product-categories/1.png','[]','2024-01-06 17:16:37','2024-01-06 17:16:37',NULL),(6,0,'2','2',2,'image/png',5306,'product-categories/2.png','[]','2024-01-06 17:16:37','2024-01-06 17:16:37',NULL),(7,0,'3','3',2,'image/png',5306,'product-categories/3.png','[]','2024-01-06 17:16:37','2024-01-06 17:16:37',NULL),(8,0,'4','4',2,'image/png',5306,'product-categories/4.png','[]','2024-01-06 17:16:37','2024-01-06 17:16:37',NULL),(9,0,'5','5',2,'image/png',5306,'product-categories/5.png','[]','2024-01-06 17:16:37','2024-01-06 17:16:37',NULL),(10,0,'6','6',2,'image/png',5306,'product-categories/6.png','[]','2024-01-06 17:16:37','2024-01-06 17:16:37',NULL),(11,0,'7','7',2,'image/png',5306,'product-categories/7.png','[]','2024-01-06 17:16:37','2024-01-06 17:16:37',NULL),(12,0,'8','8',2,'image/png',5306,'product-categories/8.png','[]','2024-01-06 17:16:37','2024-01-06 17:16:37',NULL),(13,0,'1','1',3,'image/jpeg',9730,'products/1.jpg','[]','2024-01-06 17:16:37','2024-01-06 17:16:37',NULL),(14,0,'10-1','10-1',3,'image/jpeg',9730,'products/10-1.jpg','[]','2024-01-06 17:16:37','2024-01-06 17:16:37',NULL),(15,0,'10-2','10-2',3,'image/jpeg',9730,'products/10-2.jpg','[]','2024-01-06 17:16:37','2024-01-06 17:16:37',NULL),(16,0,'10','10',3,'image/jpeg',9730,'products/10.jpg','[]','2024-01-06 17:16:37','2024-01-06 17:16:37',NULL),(17,0,'11-1','11-1',3,'image/jpeg',9730,'products/11-1.jpg','[]','2024-01-06 17:16:37','2024-01-06 17:16:37',NULL),(18,0,'11-2','11-2',3,'image/jpeg',9730,'products/11-2.jpg','[]','2024-01-06 17:16:37','2024-01-06 17:16:37',NULL),(19,0,'11-3','11-3',3,'image/jpeg',9730,'products/11-3.jpg','[]','2024-01-06 17:16:37','2024-01-06 17:16:37',NULL),(20,0,'11','11',3,'image/jpeg',9730,'products/11.jpg','[]','2024-01-06 17:16:37','2024-01-06 17:16:37',NULL),(21,0,'12-1','12-1',3,'image/jpeg',9730,'products/12-1.jpg','[]','2024-01-06 17:16:37','2024-01-06 17:16:37',NULL),(22,0,'12-2','12-2',3,'image/jpeg',9730,'products/12-2.jpg','[]','2024-01-06 17:16:37','2024-01-06 17:16:37',NULL),(23,0,'12-3','12-3',3,'image/jpeg',9730,'products/12-3.jpg','[]','2024-01-06 17:16:38','2024-01-06 17:16:38',NULL),(24,0,'12','12',3,'image/jpeg',9730,'products/12.jpg','[]','2024-01-06 17:16:38','2024-01-06 17:16:38',NULL),(25,0,'13-1','13-1',3,'image/jpeg',9730,'products/13-1.jpg','[]','2024-01-06 17:16:38','2024-01-06 17:16:38',NULL),(26,0,'13','13',3,'image/jpeg',9730,'products/13.jpg','[]','2024-01-06 17:16:38','2024-01-06 17:16:38',NULL),(27,0,'14','14',3,'image/jpeg',9730,'products/14.jpg','[]','2024-01-06 17:16:38','2024-01-06 17:16:38',NULL),(28,0,'15-1','15-1',3,'image/jpeg',9730,'products/15-1.jpg','[]','2024-01-06 17:16:38','2024-01-06 17:16:38',NULL),(29,0,'15','15',3,'image/jpeg',9730,'products/15.jpg','[]','2024-01-06 17:16:38','2024-01-06 17:16:38',NULL),(30,0,'16','16',3,'image/jpeg',9730,'products/16.jpg','[]','2024-01-06 17:16:38','2024-01-06 17:16:38',NULL),(31,0,'17-1','17-1',3,'image/jpeg',9730,'products/17-1.jpg','[]','2024-01-06 17:16:38','2024-01-06 17:16:38',NULL),(32,0,'17-2','17-2',3,'image/jpeg',9730,'products/17-2.jpg','[]','2024-01-06 17:16:38','2024-01-06 17:16:38',NULL),(33,0,'17-3','17-3',3,'image/jpeg',9730,'products/17-3.jpg','[]','2024-01-06 17:16:38','2024-01-06 17:16:38',NULL),(34,0,'17','17',3,'image/jpeg',9730,'products/17.jpg','[]','2024-01-06 17:16:38','2024-01-06 17:16:38',NULL),(35,0,'18-1','18-1',3,'image/jpeg',9730,'products/18-1.jpg','[]','2024-01-06 17:16:38','2024-01-06 17:16:38',NULL),(36,0,'18-2','18-2',3,'image/jpeg',9730,'products/18-2.jpg','[]','2024-01-06 17:16:38','2024-01-06 17:16:38',NULL),(37,0,'18-3','18-3',3,'image/jpeg',9730,'products/18-3.jpg','[]','2024-01-06 17:16:38','2024-01-06 17:16:38',NULL),(38,0,'18','18',3,'image/jpeg',9730,'products/18.jpg','[]','2024-01-06 17:16:38','2024-01-06 17:16:38',NULL),(39,0,'19-1','19-1',3,'image/jpeg',9730,'products/19-1.jpg','[]','2024-01-06 17:16:38','2024-01-06 17:16:38',NULL),(40,0,'19-2','19-2',3,'image/jpeg',9730,'products/19-2.jpg','[]','2024-01-06 17:16:38','2024-01-06 17:16:38',NULL),(41,0,'19-3','19-3',3,'image/jpeg',9730,'products/19-3.jpg','[]','2024-01-06 17:16:38','2024-01-06 17:16:38',NULL),(42,0,'19','19',3,'image/jpeg',9730,'products/19.jpg','[]','2024-01-06 17:16:38','2024-01-06 17:16:38',NULL),(43,0,'2-1','2-1',3,'image/jpeg',9730,'products/2-1.jpg','[]','2024-01-06 17:16:38','2024-01-06 17:16:38',NULL),(44,0,'2-2','2-2',3,'image/jpeg',9730,'products/2-2.jpg','[]','2024-01-06 17:16:38','2024-01-06 17:16:38',NULL),(45,0,'2-3','2-3',3,'image/jpeg',9730,'products/2-3.jpg','[]','2024-01-06 17:16:38','2024-01-06 17:16:38',NULL),(46,0,'2','2',3,'image/jpeg',9730,'products/2.jpg','[]','2024-01-06 17:16:38','2024-01-06 17:16:38',NULL),(47,0,'20-1','20-1',3,'image/jpeg',9730,'products/20-1.jpg','[]','2024-01-06 17:16:38','2024-01-06 17:16:38',NULL),(48,0,'20-2','20-2',3,'image/jpeg',9730,'products/20-2.jpg','[]','2024-01-06 17:16:38','2024-01-06 17:16:38',NULL),(49,0,'20-3','20-3',3,'image/jpeg',9730,'products/20-3.jpg','[]','2024-01-06 17:16:38','2024-01-06 17:16:38',NULL),(50,0,'20','20',3,'image/jpeg',9730,'products/20.jpg','[]','2024-01-06 17:16:38','2024-01-06 17:16:38',NULL),(51,0,'21-1','21-1',3,'image/jpeg',9730,'products/21-1.jpg','[]','2024-01-06 17:16:38','2024-01-06 17:16:38',NULL),(52,0,'21-2','21-2',3,'image/jpeg',9730,'products/21-2.jpg','[]','2024-01-06 17:16:38','2024-01-06 17:16:38',NULL),(53,0,'21','21',3,'image/jpeg',9730,'products/21.jpg','[]','2024-01-06 17:16:38','2024-01-06 17:16:38',NULL),(54,0,'22-1','22-1',3,'image/jpeg',9730,'products/22-1.jpg','[]','2024-01-06 17:16:38','2024-01-06 17:16:38',NULL),(55,0,'22-2','22-2',3,'image/jpeg',9730,'products/22-2.jpg','[]','2024-01-06 17:16:38','2024-01-06 17:16:38',NULL),(56,0,'22-3','22-3',3,'image/jpeg',9730,'products/22-3.jpg','[]','2024-01-06 17:16:38','2024-01-06 17:16:38',NULL),(57,0,'22','22',3,'image/jpeg',9730,'products/22.jpg','[]','2024-01-06 17:16:38','2024-01-06 17:16:38',NULL),(58,0,'23-1','23-1',3,'image/jpeg',9730,'products/23-1.jpg','[]','2024-01-06 17:16:38','2024-01-06 17:16:38',NULL),(59,0,'23-2','23-2',3,'image/jpeg',9730,'products/23-2.jpg','[]','2024-01-06 17:16:38','2024-01-06 17:16:38',NULL),(60,0,'23-3','23-3',3,'image/jpeg',9730,'products/23-3.jpg','[]','2024-01-06 17:16:38','2024-01-06 17:16:38',NULL),(61,0,'23','23',3,'image/jpeg',9730,'products/23.jpg','[]','2024-01-06 17:16:38','2024-01-06 17:16:38',NULL),(62,0,'24-1','24-1',3,'image/jpeg',9730,'products/24-1.jpg','[]','2024-01-06 17:16:38','2024-01-06 17:16:38',NULL),(63,0,'24-2','24-2',3,'image/jpeg',9730,'products/24-2.jpg','[]','2024-01-06 17:16:38','2024-01-06 17:16:38',NULL),(64,0,'24','24',3,'image/jpeg',9730,'products/24.jpg','[]','2024-01-06 17:16:39','2024-01-06 17:16:39',NULL),(65,0,'25-1','25-1',3,'image/jpeg',9730,'products/25-1.jpg','[]','2024-01-06 17:16:39','2024-01-06 17:16:39',NULL),(66,0,'25-2','25-2',3,'image/jpeg',9730,'products/25-2.jpg','[]','2024-01-06 17:16:39','2024-01-06 17:16:39',NULL),(67,0,'25','25',3,'image/jpeg',9730,'products/25.jpg','[]','2024-01-06 17:16:39','2024-01-06 17:16:39',NULL),(68,0,'26-1','26-1',3,'image/jpeg',9730,'products/26-1.jpg','[]','2024-01-06 17:16:39','2024-01-06 17:16:39',NULL),(69,0,'26','26',3,'image/jpeg',9730,'products/26.jpg','[]','2024-01-06 17:16:39','2024-01-06 17:16:39',NULL),(70,0,'27-1','27-1',3,'image/jpeg',9730,'products/27-1.jpg','[]','2024-01-06 17:16:39','2024-01-06 17:16:39',NULL),(71,0,'27','27',3,'image/jpeg',9730,'products/27.jpg','[]','2024-01-06 17:16:39','2024-01-06 17:16:39',NULL),(72,0,'28-1','28-1',3,'image/jpeg',9730,'products/28-1.jpg','[]','2024-01-06 17:16:39','2024-01-06 17:16:39',NULL),(73,0,'28-2','28-2',3,'image/jpeg',9730,'products/28-2.jpg','[]','2024-01-06 17:16:39','2024-01-06 17:16:39',NULL),(74,0,'28','28',3,'image/jpeg',9730,'products/28.jpg','[]','2024-01-06 17:16:39','2024-01-06 17:16:39',NULL),(75,0,'29-1','29-1',3,'image/jpeg',9730,'products/29-1.jpg','[]','2024-01-06 17:16:39','2024-01-06 17:16:39',NULL),(76,0,'29-2','29-2',3,'image/jpeg',9730,'products/29-2.jpg','[]','2024-01-06 17:16:39','2024-01-06 17:16:39',NULL),(77,0,'29','29',3,'image/jpeg',9730,'products/29.jpg','[]','2024-01-06 17:16:39','2024-01-06 17:16:39',NULL),(78,0,'3','3',3,'image/jpeg',9730,'products/3.jpg','[]','2024-01-06 17:16:39','2024-01-06 17:16:39',NULL),(79,0,'30-1','30-1',3,'image/jpeg',9730,'products/30-1.jpg','[]','2024-01-06 17:16:39','2024-01-06 17:16:39',NULL),(80,0,'30-2','30-2',3,'image/jpeg',9730,'products/30-2.jpg','[]','2024-01-06 17:16:39','2024-01-06 17:16:39',NULL),(81,0,'30','30',3,'image/jpeg',9730,'products/30.jpg','[]','2024-01-06 17:16:39','2024-01-06 17:16:39',NULL),(82,0,'31-1','31-1',3,'image/jpeg',9730,'products/31-1.jpg','[]','2024-01-06 17:16:39','2024-01-06 17:16:39',NULL),(83,0,'31','31',3,'image/jpeg',9730,'products/31.jpg','[]','2024-01-06 17:16:39','2024-01-06 17:16:39',NULL),(84,0,'32-1','32-1',3,'image/jpeg',9730,'products/32-1.jpg','[]','2024-01-06 17:16:39','2024-01-06 17:16:39',NULL),(85,0,'32-2','32-2',3,'image/jpeg',9730,'products/32-2.jpg','[]','2024-01-06 17:16:39','2024-01-06 17:16:39',NULL),(86,0,'32','32',3,'image/jpeg',9730,'products/32.jpg','[]','2024-01-06 17:16:39','2024-01-06 17:16:39',NULL),(87,0,'33-1','33-1',3,'image/jpeg',9730,'products/33-1.jpg','[]','2024-01-06 17:16:39','2024-01-06 17:16:39',NULL),(88,0,'33-2','33-2',3,'image/jpeg',9730,'products/33-2.jpg','[]','2024-01-06 17:16:39','2024-01-06 17:16:39',NULL),(89,0,'33','33',3,'image/jpeg',9730,'products/33.jpg','[]','2024-01-06 17:16:39','2024-01-06 17:16:39',NULL),(90,0,'34-1','34-1',3,'image/jpeg',9730,'products/34-1.jpg','[]','2024-01-06 17:16:39','2024-01-06 17:16:39',NULL),(91,0,'34','34',3,'image/jpeg',9730,'products/34.jpg','[]','2024-01-06 17:16:39','2024-01-06 17:16:39',NULL),(92,0,'35-1','35-1',3,'image/jpeg',9730,'products/35-1.jpg','[]','2024-01-06 17:16:39','2024-01-06 17:16:39',NULL),(93,0,'35','35',3,'image/jpeg',9730,'products/35.jpg','[]','2024-01-06 17:16:39','2024-01-06 17:16:39',NULL),(94,0,'36-1','36-1',3,'image/jpeg',9730,'products/36-1.jpg','[]','2024-01-06 17:16:39','2024-01-06 17:16:39',NULL),(95,0,'36-2','36-2',3,'image/jpeg',9730,'products/36-2.jpg','[]','2024-01-06 17:16:39','2024-01-06 17:16:39',NULL),(96,0,'36','36',3,'image/jpeg',9730,'products/36.jpg','[]','2024-01-06 17:16:39','2024-01-06 17:16:39',NULL),(97,0,'37-1','37-1',3,'image/jpeg',9730,'products/37-1.jpg','[]','2024-01-06 17:16:39','2024-01-06 17:16:39',NULL),(98,0,'37-2','37-2',3,'image/jpeg',9730,'products/37-2.jpg','[]','2024-01-06 17:16:39','2024-01-06 17:16:39',NULL),(99,0,'37','37',3,'image/jpeg',9730,'products/37.jpg','[]','2024-01-06 17:16:39','2024-01-06 17:16:39',NULL),(100,0,'38-1','38-1',3,'image/jpeg',9730,'products/38-1.jpg','[]','2024-01-06 17:16:39','2024-01-06 17:16:39',NULL),(101,0,'38-2','38-2',3,'image/jpeg',9730,'products/38-2.jpg','[]','2024-01-06 17:16:39','2024-01-06 17:16:39',NULL),(102,0,'38-3','38-3',3,'image/jpeg',9730,'products/38-3.jpg','[]','2024-01-06 17:16:39','2024-01-06 17:16:39',NULL),(103,0,'38','38',3,'image/jpeg',9730,'products/38.jpg','[]','2024-01-06 17:16:40','2024-01-06 17:16:40',NULL),(104,0,'39-1','39-1',3,'image/jpeg',9730,'products/39-1.jpg','[]','2024-01-06 17:16:40','2024-01-06 17:16:40',NULL),(105,0,'39-2','39-2',3,'image/jpeg',9730,'products/39-2.jpg','[]','2024-01-06 17:16:40','2024-01-06 17:16:40',NULL),(106,0,'39','39',3,'image/jpeg',9730,'products/39.jpg','[]','2024-01-06 17:16:40','2024-01-06 17:16:40',NULL),(107,0,'4-1','4-1',3,'image/jpeg',9730,'products/4-1.jpg','[]','2024-01-06 17:16:40','2024-01-06 17:16:40',NULL),(108,0,'4-2','4-2',3,'image/jpeg',9730,'products/4-2.jpg','[]','2024-01-06 17:16:40','2024-01-06 17:16:40',NULL),(109,0,'4-3','4-3',3,'image/jpeg',9730,'products/4-3.jpg','[]','2024-01-06 17:16:40','2024-01-06 17:16:40',NULL),(110,0,'4','4',3,'image/jpeg',9730,'products/4.jpg','[]','2024-01-06 17:16:40','2024-01-06 17:16:40',NULL),(111,0,'40-1','40-1',3,'image/jpeg',9730,'products/40-1.jpg','[]','2024-01-06 17:16:40','2024-01-06 17:16:40',NULL),(112,0,'40','40',3,'image/jpeg',9730,'products/40.jpg','[]','2024-01-06 17:16:40','2024-01-06 17:16:40',NULL),(113,0,'41-1','41-1',3,'image/jpeg',9730,'products/41-1.jpg','[]','2024-01-06 17:16:40','2024-01-06 17:16:40',NULL),(114,0,'41-2','41-2',3,'image/jpeg',9730,'products/41-2.jpg','[]','2024-01-06 17:16:40','2024-01-06 17:16:40',NULL),(115,0,'41','41',3,'image/jpeg',9730,'products/41.jpg','[]','2024-01-06 17:16:40','2024-01-06 17:16:40',NULL),(116,0,'42-1','42-1',3,'image/jpeg',9730,'products/42-1.jpg','[]','2024-01-06 17:16:40','2024-01-06 17:16:40',NULL),(117,0,'42-2','42-2',3,'image/jpeg',9730,'products/42-2.jpg','[]','2024-01-06 17:16:40','2024-01-06 17:16:40',NULL),(118,0,'42','42',3,'image/jpeg',9730,'products/42.jpg','[]','2024-01-06 17:16:40','2024-01-06 17:16:40',NULL),(119,0,'43-1','43-1',3,'image/jpeg',9730,'products/43-1.jpg','[]','2024-01-06 17:16:40','2024-01-06 17:16:40',NULL),(120,0,'43-2','43-2',3,'image/jpeg',9730,'products/43-2.jpg','[]','2024-01-06 17:16:40','2024-01-06 17:16:40',NULL),(121,0,'43','43',3,'image/jpeg',9730,'products/43.jpg','[]','2024-01-06 17:16:40','2024-01-06 17:16:40',NULL),(122,0,'44-1','44-1',3,'image/jpeg',9730,'products/44-1.jpg','[]','2024-01-06 17:16:40','2024-01-06 17:16:40',NULL),(123,0,'44-2','44-2',3,'image/jpeg',9730,'products/44-2.jpg','[]','2024-01-06 17:16:40','2024-01-06 17:16:40',NULL),(124,0,'44','44',3,'image/jpeg',9730,'products/44.jpg','[]','2024-01-06 17:16:40','2024-01-06 17:16:40',NULL),(125,0,'45-1','45-1',3,'image/jpeg',9730,'products/45-1.jpg','[]','2024-01-06 17:16:40','2024-01-06 17:16:40',NULL),(126,0,'45','45',3,'image/jpeg',9730,'products/45.jpg','[]','2024-01-06 17:16:40','2024-01-06 17:16:40',NULL),(127,0,'46-1','46-1',3,'image/jpeg',9730,'products/46-1.jpg','[]','2024-01-06 17:16:40','2024-01-06 17:16:40',NULL),(128,0,'46','46',3,'image/jpeg',9730,'products/46.jpg','[]','2024-01-06 17:16:40','2024-01-06 17:16:40',NULL),(129,0,'47-1','47-1',3,'image/jpeg',9730,'products/47-1.jpg','[]','2024-01-06 17:16:40','2024-01-06 17:16:40',NULL),(130,0,'47','47',3,'image/jpeg',9730,'products/47.jpg','[]','2024-01-06 17:16:40','2024-01-06 17:16:40',NULL),(131,0,'48-1','48-1',3,'image/jpeg',9730,'products/48-1.jpg','[]','2024-01-06 17:16:40','2024-01-06 17:16:40',NULL),(132,0,'48-2','48-2',3,'image/jpeg',9730,'products/48-2.jpg','[]','2024-01-06 17:16:40','2024-01-06 17:16:40',NULL),(133,0,'48','48',3,'image/jpeg',9730,'products/48.jpg','[]','2024-01-06 17:16:40','2024-01-06 17:16:40',NULL),(134,0,'49-1','49-1',3,'image/jpeg',9730,'products/49-1.jpg','[]','2024-01-06 17:16:40','2024-01-06 17:16:40',NULL),(135,0,'49-2','49-2',3,'image/jpeg',9730,'products/49-2.jpg','[]','2024-01-06 17:16:40','2024-01-06 17:16:40',NULL),(136,0,'49','49',3,'image/jpeg',9730,'products/49.jpg','[]','2024-01-06 17:16:40','2024-01-06 17:16:40',NULL),(137,0,'5-1','5-1',3,'image/jpeg',9730,'products/5-1.jpg','[]','2024-01-06 17:16:40','2024-01-06 17:16:40',NULL),(138,0,'5-2','5-2',3,'image/jpeg',9730,'products/5-2.jpg','[]','2024-01-06 17:16:40','2024-01-06 17:16:40',NULL),(139,0,'5-3','5-3',3,'image/jpeg',9730,'products/5-3.jpg','[]','2024-01-06 17:16:40','2024-01-06 17:16:40',NULL),(140,0,'5','5',3,'image/jpeg',9730,'products/5.jpg','[]','2024-01-06 17:16:40','2024-01-06 17:16:40',NULL),(141,0,'50-1','50-1',3,'image/jpeg',9730,'products/50-1.jpg','[]','2024-01-06 17:16:40','2024-01-06 17:16:40',NULL),(142,0,'50','50',3,'image/jpeg',9730,'products/50.jpg','[]','2024-01-06 17:16:40','2024-01-06 17:16:40',NULL),(143,0,'51','51',3,'image/jpeg',9730,'products/51.jpg','[]','2024-01-06 17:16:41','2024-01-06 17:16:41',NULL),(144,0,'52-1','52-1',3,'image/jpeg',9730,'products/52-1.jpg','[]','2024-01-06 17:16:41','2024-01-06 17:16:41',NULL),(145,0,'52-2','52-2',3,'image/jpeg',9730,'products/52-2.jpg','[]','2024-01-06 17:16:41','2024-01-06 17:16:41',NULL),(146,0,'52','52',3,'image/jpeg',9730,'products/52.jpg','[]','2024-01-06 17:16:41','2024-01-06 17:16:41',NULL),(147,0,'53-1','53-1',3,'image/jpeg',9730,'products/53-1.jpg','[]','2024-01-06 17:16:41','2024-01-06 17:16:41',NULL),(148,0,'53','53',3,'image/jpeg',9730,'products/53.jpg','[]','2024-01-06 17:16:41','2024-01-06 17:16:41',NULL),(149,0,'54-1','54-1',3,'image/jpeg',9730,'products/54-1.jpg','[]','2024-01-06 17:16:41','2024-01-06 17:16:41',NULL),(150,0,'54','54',3,'image/jpeg',9730,'products/54.jpg','[]','2024-01-06 17:16:41','2024-01-06 17:16:41',NULL),(151,0,'55-1','55-1',3,'image/jpeg',9730,'products/55-1.jpg','[]','2024-01-06 17:16:41','2024-01-06 17:16:41',NULL),(152,0,'55-2','55-2',3,'image/jpeg',9730,'products/55-2.jpg','[]','2024-01-06 17:16:41','2024-01-06 17:16:41',NULL),(153,0,'55','55',3,'image/jpeg',9730,'products/55.jpg','[]','2024-01-06 17:16:41','2024-01-06 17:16:41',NULL),(154,0,'56-1','56-1',3,'image/jpeg',9730,'products/56-1.jpg','[]','2024-01-06 17:16:41','2024-01-06 17:16:41',NULL),(155,0,'56-2','56-2',3,'image/jpeg',9730,'products/56-2.jpg','[]','2024-01-06 17:16:41','2024-01-06 17:16:41',NULL),(156,0,'56','56',3,'image/jpeg',9730,'products/56.jpg','[]','2024-01-06 17:16:41','2024-01-06 17:16:41',NULL),(157,0,'57-1','57-1',3,'image/jpeg',9730,'products/57-1.jpg','[]','2024-01-06 17:16:41','2024-01-06 17:16:41',NULL),(158,0,'57','57',3,'image/jpeg',9730,'products/57.jpg','[]','2024-01-06 17:16:41','2024-01-06 17:16:41',NULL),(159,0,'58-1','58-1',3,'image/jpeg',9730,'products/58-1.jpg','[]','2024-01-06 17:16:41','2024-01-06 17:16:41',NULL),(160,0,'58-2','58-2',3,'image/jpeg',9730,'products/58-2.jpg','[]','2024-01-06 17:16:41','2024-01-06 17:16:41',NULL),(161,0,'58','58',3,'image/jpeg',9730,'products/58.jpg','[]','2024-01-06 17:16:41','2024-01-06 17:16:41',NULL),(162,0,'59-1','59-1',3,'image/jpeg',9730,'products/59-1.jpg','[]','2024-01-06 17:16:41','2024-01-06 17:16:41',NULL),(163,0,'59-2','59-2',3,'image/jpeg',9730,'products/59-2.jpg','[]','2024-01-06 17:16:41','2024-01-06 17:16:41',NULL),(164,0,'59-3','59-3',3,'image/jpeg',9730,'products/59-3.jpg','[]','2024-01-06 17:16:41','2024-01-06 17:16:41',NULL),(165,0,'59','59',3,'image/jpeg',9730,'products/59.jpg','[]','2024-01-06 17:16:41','2024-01-06 17:16:41',NULL),(166,0,'6','6',3,'image/jpeg',9730,'products/6.jpg','[]','2024-01-06 17:16:41','2024-01-06 17:16:41',NULL),(167,0,'60-1','60-1',3,'image/jpeg',9730,'products/60-1.jpg','[]','2024-01-06 17:16:41','2024-01-06 17:16:41',NULL),(168,0,'60-2','60-2',3,'image/jpeg',9730,'products/60-2.jpg','[]','2024-01-06 17:16:41','2024-01-06 17:16:41',NULL),(169,0,'60','60',3,'image/jpeg',9730,'products/60.jpg','[]','2024-01-06 17:16:41','2024-01-06 17:16:41',NULL),(170,0,'61-1','61-1',3,'image/jpeg',9730,'products/61-1.jpg','[]','2024-01-06 17:16:41','2024-01-06 17:16:41',NULL),(171,0,'61','61',3,'image/jpeg',9730,'products/61.jpg','[]','2024-01-06 17:16:41','2024-01-06 17:16:41',NULL),(172,0,'62-1','62-1',3,'image/jpeg',9730,'products/62-1.jpg','[]','2024-01-06 17:16:41','2024-01-06 17:16:41',NULL),(173,0,'62','62',3,'image/jpeg',9730,'products/62.jpg','[]','2024-01-06 17:16:41','2024-01-06 17:16:41',NULL),(174,0,'63-1','63-1',3,'image/jpeg',9730,'products/63-1.jpg','[]','2024-01-06 17:16:41','2024-01-06 17:16:41',NULL),(175,0,'63','63',3,'image/jpeg',9730,'products/63.jpg','[]','2024-01-06 17:16:41','2024-01-06 17:16:41',NULL),(176,0,'64-1','64-1',3,'image/jpeg',9730,'products/64-1.jpg','[]','2024-01-06 17:16:41','2024-01-06 17:16:41',NULL),(177,0,'64','64',3,'image/jpeg',9730,'products/64.jpg','[]','2024-01-06 17:16:41','2024-01-06 17:16:41',NULL),(178,0,'65-1','65-1',3,'image/jpeg',9730,'products/65-1.jpg','[]','2024-01-06 17:16:41','2024-01-06 17:16:41',NULL),(179,0,'65-2','65-2',3,'image/jpeg',9730,'products/65-2.jpg','[]','2024-01-06 17:16:41','2024-01-06 17:16:41',NULL),(180,0,'65','65',3,'image/jpeg',9730,'products/65.jpg','[]','2024-01-06 17:16:41','2024-01-06 17:16:41',NULL),(181,0,'7','7',3,'image/jpeg',9730,'products/7.jpg','[]','2024-01-06 17:16:41','2024-01-06 17:16:41',NULL),(182,0,'8-1','8-1',3,'image/jpeg',9730,'products/8-1.jpg','[]','2024-01-06 17:16:41','2024-01-06 17:16:41',NULL),(183,0,'8-2','8-2',3,'image/jpeg',9730,'products/8-2.jpg','[]','2024-01-06 17:16:41','2024-01-06 17:16:41',NULL),(184,0,'8-3','8-3',3,'image/jpeg',9730,'products/8-3.jpg','[]','2024-01-06 17:16:41','2024-01-06 17:16:41',NULL),(185,0,'8','8',3,'image/jpeg',9730,'products/8.jpg','[]','2024-01-06 17:16:41','2024-01-06 17:16:41',NULL),(186,0,'9-1','9-1',3,'image/jpeg',9730,'products/9-1.jpg','[]','2024-01-06 17:16:41','2024-01-06 17:16:41',NULL),(187,0,'9-2','9-2',3,'image/jpeg',9730,'products/9-2.jpg','[]','2024-01-06 17:16:42','2024-01-06 17:16:42',NULL),(188,0,'9','9',3,'image/jpeg',9730,'products/9.jpg','[]','2024-01-06 17:16:42','2024-01-06 17:16:42',NULL),(189,0,'1','1',4,'image/jpeg',9730,'customers/1.jpg','[]','2024-01-06 17:16:47','2024-01-06 17:16:47',NULL),(190,0,'10','10',4,'image/jpeg',9730,'customers/10.jpg','[]','2024-01-06 17:16:47','2024-01-06 17:16:47',NULL),(191,0,'2','2',4,'image/jpeg',9730,'customers/2.jpg','[]','2024-01-06 17:16:47','2024-01-06 17:16:47',NULL),(192,0,'3','3',4,'image/jpeg',9730,'customers/3.jpg','[]','2024-01-06 17:16:47','2024-01-06 17:16:47',NULL),(193,0,'4','4',4,'image/jpeg',9730,'customers/4.jpg','[]','2024-01-06 17:16:47','2024-01-06 17:16:47',NULL),(194,0,'5','5',4,'image/jpeg',9730,'customers/5.jpg','[]','2024-01-06 17:16:47','2024-01-06 17:16:47',NULL),(195,0,'6','6',4,'image/jpeg',9730,'customers/6.jpg','[]','2024-01-06 17:16:47','2024-01-06 17:16:47',NULL),(196,0,'7','7',4,'image/jpeg',9730,'customers/7.jpg','[]','2024-01-06 17:16:47','2024-01-06 17:16:47',NULL),(197,0,'8','8',4,'image/jpeg',9730,'customers/8.jpg','[]','2024-01-06 17:16:47','2024-01-06 17:16:47',NULL),(198,0,'9','9',4,'image/jpeg',9730,'customers/9.jpg','[]','2024-01-06 17:16:47','2024-01-06 17:16:47',NULL),(199,0,'1','1',5,'image/jpeg',9730,'news/1.jpg','[]','2024-01-06 17:16:50','2024-01-06 17:16:50',NULL),(200,0,'10','10',5,'image/jpeg',9730,'news/10.jpg','[]','2024-01-06 17:16:50','2024-01-06 17:16:50',NULL),(201,0,'11','11',5,'image/jpeg',9730,'news/11.jpg','[]','2024-01-06 17:16:50','2024-01-06 17:16:50',NULL),(202,0,'2','2',5,'image/jpeg',9730,'news/2.jpg','[]','2024-01-06 17:16:50','2024-01-06 17:16:50',NULL),(203,0,'3','3',5,'image/jpeg',9730,'news/3.jpg','[]','2024-01-06 17:16:50','2024-01-06 17:16:50',NULL),(204,0,'4','4',5,'image/jpeg',9730,'news/4.jpg','[]','2024-01-06 17:16:50','2024-01-06 17:16:50',NULL),(205,0,'5','5',5,'image/jpeg',9730,'news/5.jpg','[]','2024-01-06 17:16:50','2024-01-06 17:16:50',NULL),(206,0,'6','6',5,'image/jpeg',9730,'news/6.jpg','[]','2024-01-06 17:16:50','2024-01-06 17:16:50',NULL),(207,0,'7','7',5,'image/jpeg',9730,'news/7.jpg','[]','2024-01-06 17:16:50','2024-01-06 17:16:50',NULL),(208,0,'8','8',5,'image/jpeg',9730,'news/8.jpg','[]','2024-01-06 17:16:51','2024-01-06 17:16:51',NULL),(209,0,'9','9',5,'image/jpeg',9730,'news/9.jpg','[]','2024-01-06 17:16:51','2024-01-06 17:16:51',NULL),(210,0,'01-sm','01-sm',6,'image/jpeg',10704,'sliders/01-sm.jpg','[]','2024-01-06 17:16:51','2024-01-06 17:16:51',NULL),(211,0,'01','01',6,'image/jpeg',11671,'sliders/01.jpg','[]','2024-01-06 17:16:51','2024-01-06 17:16:51',NULL),(212,0,'02-sm','02-sm',6,'image/jpeg',10704,'sliders/02-sm.jpg','[]','2024-01-06 17:16:51','2024-01-06 17:16:51',NULL),(213,0,'02','02',6,'image/jpeg',11671,'sliders/02.jpg','[]','2024-01-06 17:16:51','2024-01-06 17:16:51',NULL),(214,0,'1','1',7,'image/jpeg',7915,'promotion/1.jpg','[]','2024-01-06 17:16:51','2024-01-06 17:16:51',NULL),(215,0,'2','2',7,'image/png',14613,'promotion/2.png','[]','2024-01-06 17:16:51','2024-01-06 17:16:51',NULL),(216,0,'3','3',7,'image/png',10599,'promotion/3.png','[]','2024-01-06 17:16:51','2024-01-06 17:16:51',NULL),(217,0,'4','4',7,'image/png',10043,'promotion/4.png','[]','2024-01-06 17:16:51','2024-01-06 17:16:51',NULL),(218,0,'5','5',7,'image/png',12231,'promotion/5.png','[]','2024-01-06 17:16:51','2024-01-06 17:16:51',NULL),(219,0,'404','404',8,'image/png',15402,'general/404.png','[]','2024-01-06 17:16:51','2024-01-06 17:16:51',NULL),(220,0,'app-android','app-android',8,'image/png',609,'general/app-android.png','[]','2024-01-06 17:16:51','2024-01-06 17:16:51',NULL),(221,0,'app-bg','app-bg',8,'image/png',11497,'general/app-bg.png','[]','2024-01-06 17:16:51','2024-01-06 17:16:51',NULL),(222,0,'app-ios','app-ios',8,'image/png',609,'general/app-ios.png','[]','2024-01-06 17:16:52','2024-01-06 17:16:52',NULL),(223,0,'background','background',8,'image/jpeg',13923,'general/background.jpg','[]','2024-01-06 17:16:52','2024-01-06 17:16:52',NULL),(224,0,'blog-bg','blog-bg',8,'image/jpeg',29013,'general/blog-bg.jpg','[]','2024-01-06 17:16:52','2024-01-06 17:16:52',NULL),(225,0,'coming-soon','coming-soon',8,'image/jpeg',26423,'general/coming-soon.jpg','[]','2024-01-06 17:16:52','2024-01-06 17:16:52',NULL),(226,0,'facebook','facebook',8,'image/png',310,'general/facebook.png','[]','2024-01-06 17:16:52','2024-01-06 17:16:52',NULL),(227,0,'favicon','favicon',8,'image/png',2623,'general/favicon.png','[]','2024-01-06 17:16:52','2024-01-06 17:16:52',NULL),(228,0,'footer-payments','footer-payments',8,'image/png',418,'general/footer-payments.png','[]','2024-01-06 17:16:52','2024-01-06 17:16:52',NULL),(229,0,'icon-protect','icon-protect',8,'image/png',766,'general/icon-protect.png','[]','2024-01-06 17:16:52','2024-01-06 17:16:52',NULL),(230,0,'icon-reload','icon-reload',8,'image/png',721,'general/icon-reload.png','[]','2024-01-06 17:16:52','2024-01-06 17:16:52',NULL),(231,0,'icon-rocket','icon-rocket',8,'image/png',801,'general/icon-rocket.png','[]','2024-01-06 17:16:52','2024-01-06 17:16:52',NULL),(232,0,'icon-support','icon-support',8,'image/png',863,'general/icon-support.png','[]','2024-01-06 17:16:52','2024-01-06 17:16:52',NULL),(233,0,'icon-tag','icon-tag',8,'image/png',582,'general/icon-tag.png','[]','2024-01-06 17:16:52','2024-01-06 17:16:52',NULL),(234,0,'instagram','instagram',8,'image/png',1105,'general/instagram.png','[]','2024-01-06 17:16:52','2024-01-06 17:16:52',NULL),(235,0,'logo-light','logo-light',8,'image/png',5397,'general/logo-light.png','[]','2024-01-06 17:16:52','2024-01-06 17:16:52',NULL),(236,0,'logo','logo',8,'image/png',6054,'general/logo.png','[]','2024-01-06 17:16:52','2024-01-06 17:16:52',NULL),(237,0,'open-graph-image','open-graph-image',8,'image/png',144373,'general/open-graph-image.png','[]','2024-01-06 17:16:52','2024-01-06 17:16:52',NULL),(238,0,'pinterest','pinterest',8,'image/png',985,'general/pinterest.png','[]','2024-01-06 17:16:52','2024-01-06 17:16:52',NULL),(239,0,'placeholder','placeholder',8,'image/png',966,'general/placeholder.png','[]','2024-01-06 17:16:52','2024-01-06 17:16:52',NULL),(240,0,'slider-bg','slider-bg',8,'image/jpeg',13923,'general/slider-bg.jpg','[]','2024-01-06 17:16:52','2024-01-06 17:16:52',NULL),(241,0,'twitter','twitter',8,'image/png',791,'general/twitter.png','[]','2024-01-06 17:16:52','2024-01-06 17:16:52',NULL),(242,0,'youtube','youtube',8,'image/png',457,'general/youtube.png','[]','2024-01-06 17:16:52','2024-01-06 17:16:52',NULL),(243,0,'1','1',9,'image/png',2670,'stores/1.png','[]','2024-01-06 17:16:52','2024-01-06 17:16:52',NULL),(244,0,'10','10',9,'image/png',2670,'stores/10.png','[]','2024-01-06 17:16:52','2024-01-06 17:16:52',NULL),(245,0,'11','11',9,'image/png',2670,'stores/11.png','[]','2024-01-06 17:16:52','2024-01-06 17:16:52',NULL),(246,0,'12','12',9,'image/png',2670,'stores/12.png','[]','2024-01-06 17:16:52','2024-01-06 17:16:52',NULL),(247,0,'13','13',9,'image/png',2670,'stores/13.png','[]','2024-01-06 17:16:52','2024-01-06 17:16:52',NULL),(248,0,'14','14',9,'image/png',2670,'stores/14.png','[]','2024-01-06 17:16:52','2024-01-06 17:16:52',NULL),(249,0,'15','15',9,'image/png',2670,'stores/15.png','[]','2024-01-06 17:16:52','2024-01-06 17:16:52',NULL),(250,0,'16','16',9,'image/png',2711,'stores/16.png','[]','2024-01-06 17:16:52','2024-01-06 17:16:52',NULL),(251,0,'17','17',9,'image/png',2711,'stores/17.png','[]','2024-01-06 17:16:52','2024-01-06 17:16:52',NULL),(252,0,'2','2',9,'image/png',2670,'stores/2.png','[]','2024-01-06 17:16:52','2024-01-06 17:16:52',NULL),(253,0,'3','3',9,'image/png',2670,'stores/3.png','[]','2024-01-06 17:16:52','2024-01-06 17:16:52',NULL),(254,0,'4','4',9,'image/png',2670,'stores/4.png','[]','2024-01-06 17:16:52','2024-01-06 17:16:52',NULL),(255,0,'5','5',9,'image/png',2670,'stores/5.png','[]','2024-01-06 17:16:52','2024-01-06 17:16:52',NULL),(256,0,'6','6',9,'image/png',2670,'stores/6.png','[]','2024-01-06 17:16:52','2024-01-06 17:16:52',NULL),(257,0,'7','7',9,'image/png',2670,'stores/7.png','[]','2024-01-06 17:16:52','2024-01-06 17:16:52',NULL),(258,0,'8','8',9,'image/png',2670,'stores/8.png','[]','2024-01-06 17:16:52','2024-01-06 17:16:52',NULL),(259,0,'9','9',9,'image/png',2670,'stores/9.png','[]','2024-01-06 17:16:52','2024-01-06 17:16:52',NULL),(260,0,'background-1','background-1',9,'image/jpeg',5265,'stores/background-1.jpg','[]','2024-01-06 17:16:52','2024-01-06 17:16:52',NULL),(261,0,'background-2','background-2',9,'image/jpeg',5265,'stores/background-2.jpg','[]','2024-01-06 17:16:52','2024-01-06 17:16:52',NULL);
/*!40000 ALTER TABLE `media_files` ENABLE KEYS */;
UNLOCK TABLES;

--
-- Table structure for table `media_folders`
--

DROP TABLE IF EXISTS `media_folders`;
/*!40101 SET @saved_cs_client     = @@character_set_client */;
/*!50503 SET character_set_client = utf8mb4 */;
CREATE TABLE `media_folders` (
  `id` bigint unsigned NOT NULL AUTO_INCREMENT,
  `user_id` bigint unsigned NOT NULL,
  `name` varchar(255) COLLATE utf8mb4_unicode_ci DEFAULT NULL,
  `color` varchar(250) COLLATE utf8mb4_unicode_ci DEFAULT NULL,
  `slug` varchar(255) COLLATE utf8mb4_unicode_ci DEFAULT NULL,
  `parent_id` bigint unsigned NOT NULL DEFAULT '0',
  `created_at` timestamp NULL DEFAULT NULL,
  `updated_at` timestamp NULL DEFAULT NULL,
  `deleted_at` timestamp NULL DEFAULT NULL,
  PRIMARY KEY (`id`),
  KEY `media_folders_user_id_index` (`user_id`),
  KEY `media_folders_index` (`parent_id`,`user_id`,`created_at`)
) ENGINE=InnoDB AUTO_INCREMENT=10 DEFAULT CHARSET=utf8mb4 COLLATE=utf8mb4_unicode_ci;
/*!40101 SET character_set_client = @saved_cs_client */;

--
-- Dumping data for table `media_folders`
--

LOCK TABLES `media_folders` WRITE;
/*!40000 ALTER TABLE `media_folders` DISABLE KEYS */;
INSERT INTO `media_folders` VALUES (1,0,'brands',NULL,'brands',0,'2024-01-06 17:16:37','2024-01-06 17:16:37',NULL),(2,0,'product-categories',NULL,'product-categories',0,'2024-01-06 17:16:37','2024-01-06 17:16:37',NULL),(3,0,'products',NULL,'products',0,'2024-01-06 17:16:37','2024-01-06 17:16:37',NULL),(4,0,'customers',NULL,'customers',0,'2024-01-06 17:16:47','2024-01-06 17:16:47',NULL),(5,0,'news',NULL,'news',0,'2024-01-06 17:16:50','2024-01-06 17:16:50',NULL),(6,0,'sliders',NULL,'sliders',0,'2024-01-06 17:16:51','2024-01-06 17:16:51',NULL),(7,0,'promotion',NULL,'promotion',0,'2024-01-06 17:16:51','2024-01-06 17:16:51',NULL),(8,0,'general',NULL,'general',0,'2024-01-06 17:16:51','2024-01-06 17:16:51',NULL),(9,0,'stores',NULL,'stores',0,'2024-01-06 17:16:52','2024-01-06 17:16:52',NULL);
/*!40000 ALTER TABLE `media_folders` ENABLE KEYS */;
UNLOCK TABLES;

--
-- Table structure for table `media_settings`
--

DROP TABLE IF EXISTS `media_settings`;
/*!40101 SET @saved_cs_client     = @@character_set_client */;
/*!50503 SET character_set_client = utf8mb4 */;
CREATE TABLE `media_settings` (
  `id` bigint unsigned NOT NULL AUTO_INCREMENT,
  `key` varchar(120) COLLATE utf8mb4_unicode_ci NOT NULL,
  `value` text COLLATE utf8mb4_unicode_ci,
  `media_id` bigint unsigned DEFAULT NULL,
  `user_id` bigint unsigned DEFAULT NULL,
  `created_at` timestamp NULL DEFAULT NULL,
  `updated_at` timestamp NULL DEFAULT NULL,
  PRIMARY KEY (`id`)
) ENGINE=InnoDB DEFAULT CHARSET=utf8mb4 COLLATE=utf8mb4_unicode_ci;
/*!40101 SET character_set_client = @saved_cs_client */;

--
-- Dumping data for table `media_settings`
--

LOCK TABLES `media_settings` WRITE;
/*!40000 ALTER TABLE `media_settings` DISABLE KEYS */;
/*!40000 ALTER TABLE `media_settings` ENABLE KEYS */;
UNLOCK TABLES;

--
-- Table structure for table `menu_locations`
--

DROP TABLE IF EXISTS `menu_locations`;
/*!40101 SET @saved_cs_client     = @@character_set_client */;
/*!50503 SET character_set_client = utf8mb4 */;
CREATE TABLE `menu_locations` (
  `id` bigint unsigned NOT NULL AUTO_INCREMENT,
  `menu_id` bigint unsigned NOT NULL,
  `location` varchar(120) COLLATE utf8mb4_unicode_ci NOT NULL,
  `created_at` timestamp NULL DEFAULT NULL,
  `updated_at` timestamp NULL DEFAULT NULL,
  PRIMARY KEY (`id`),
  KEY `menu_locations_menu_id_created_at_index` (`menu_id`,`created_at`)
) ENGINE=InnoDB AUTO_INCREMENT=3 DEFAULT CHARSET=utf8mb4 COLLATE=utf8mb4_unicode_ci;
/*!40101 SET character_set_client = @saved_cs_client */;

--
-- Dumping data for table `menu_locations`
--

LOCK TABLES `menu_locations` WRITE;
/*!40000 ALTER TABLE `menu_locations` DISABLE KEYS */;
INSERT INTO `menu_locations` VALUES (1,1,'main-menu','2024-01-06 17:16:51','2024-01-06 17:16:51'),(2,2,'header-navigation','2024-01-06 17:16:51','2024-01-06 17:16:51');
/*!40000 ALTER TABLE `menu_locations` ENABLE KEYS */;
UNLOCK TABLES;

--
-- Table structure for table `menu_nodes`
--

DROP TABLE IF EXISTS `menu_nodes`;
/*!40101 SET @saved_cs_client     = @@character_set_client */;
/*!50503 SET character_set_client = utf8mb4 */;
CREATE TABLE `menu_nodes` (
  `id` bigint unsigned NOT NULL AUTO_INCREMENT,
  `menu_id` bigint unsigned NOT NULL,
  `parent_id` bigint unsigned NOT NULL DEFAULT '0',
  `reference_id` bigint unsigned DEFAULT NULL,
  `reference_type` varchar(255) COLLATE utf8mb4_unicode_ci DEFAULT NULL,
  `url` varchar(120) COLLATE utf8mb4_unicode_ci DEFAULT NULL,
  `icon_font` varchar(50) COLLATE utf8mb4_unicode_ci DEFAULT NULL,
  `position` tinyint unsigned NOT NULL DEFAULT '0',
  `title` varchar(120) COLLATE utf8mb4_unicode_ci DEFAULT NULL,
  `css_class` varchar(120) COLLATE utf8mb4_unicode_ci DEFAULT NULL,
  `target` varchar(20) COLLATE utf8mb4_unicode_ci NOT NULL DEFAULT '_self',
  `has_child` tinyint unsigned NOT NULL DEFAULT '0',
  `created_at` timestamp NULL DEFAULT NULL,
  `updated_at` timestamp NULL DEFAULT NULL,
  PRIMARY KEY (`id`),
  KEY `menu_nodes_menu_id_index` (`menu_id`),
  KEY `menu_nodes_parent_id_index` (`parent_id`),
  KEY `reference_id` (`reference_id`),
  KEY `reference_type` (`reference_type`)
) ENGINE=InnoDB AUTO_INCREMENT=32 DEFAULT CHARSET=utf8mb4 COLLATE=utf8mb4_unicode_ci;
/*!40101 SET character_set_client = @saved_cs_client */;

--
-- Dumping data for table `menu_nodes`
--

LOCK TABLES `menu_nodes` WRITE;
/*!40000 ALTER TABLE `menu_nodes` DISABLE KEYS */;
INSERT INTO `menu_nodes` VALUES (1,1,0,NULL,NULL,'/products/smart-watches','icon icon-tag',0,'Special Prices',NULL,'_self',0,'2024-01-06 17:16:51','2024-01-06 17:16:51'),(2,1,0,NULL,NULL,'#',NULL,0,'Pages',NULL,'_self',1,'2024-01-06 17:16:51','2024-01-06 17:16:51'),(3,1,2,2,'Botble\\Page\\Models\\Page','/about-us',NULL,0,'About us',NULL,'_self',0,'2024-01-06 17:16:51','2024-01-06 17:16:51'),(4,1,2,3,'Botble\\Page\\Models\\Page','/terms-of-use',NULL,0,'Terms Of Use',NULL,'_self',0,'2024-01-06 17:16:51','2024-01-06 17:16:51'),(5,1,2,4,'Botble\\Page\\Models\\Page','/terms-conditions',NULL,0,'Terms & Conditions',NULL,'_self',0,'2024-01-06 17:16:51','2024-01-06 17:16:51'),(6,1,2,5,'Botble\\Page\\Models\\Page','/refund-policy',NULL,0,'Refund Policy',NULL,'_self',0,'2024-01-06 17:16:51','2024-01-06 17:16:51'),(7,1,2,12,'Botble\\Page\\Models\\Page','/coming-soon',NULL,0,'Coming soon',NULL,'_self',0,'2024-01-06 17:16:51','2024-01-06 17:16:51'),(8,1,0,NULL,NULL,'/products',NULL,0,'Shop',NULL,'_self',1,'2024-01-06 17:16:51','2024-01-06 17:16:51'),(9,1,8,NULL,NULL,'/products',NULL,0,'All products',NULL,'_self',0,'2024-01-06 17:16:51','2024-01-06 17:16:51'),(10,1,8,15,'Botble\\Ecommerce\\Models\\ProductCategory','/product-categories/potatoes',NULL,0,'Products Of Category',NULL,'_self',0,'2024-01-06 17:16:51','2024-01-06 17:16:51'),(11,1,8,NULL,NULL,'/products/beat-headphone',NULL,0,'Product Single',NULL,'_self',0,'2024-01-06 17:16:51','2024-01-06 17:16:51'),(12,1,0,NULL,NULL,'/stores',NULL,0,'Stores',NULL,'_self',0,'2024-01-06 17:16:51','2024-01-06 17:16:51'),(13,1,0,6,'Botble\\Page\\Models\\Page','/blog',NULL,0,'Blog',NULL,'_self',0,'2024-01-06 17:16:51','2024-01-06 17:16:51'),(14,1,0,7,'Botble\\Page\\Models\\Page','/faqs',NULL,0,'FAQs',NULL,'_self',0,'2024-01-06 17:16:51','2024-01-06 17:16:51'),(15,1,0,8,'Botble\\Page\\Models\\Page','/contact',NULL,0,'Contact',NULL,'_self',0,'2024-01-06 17:16:51','2024-01-06 17:16:51'),(16,2,0,2,'Botble\\Page\\Models\\Page','/about-us',NULL,0,'About Us',NULL,'_self',0,'2024-01-06 17:16:51','2024-01-06 17:16:51'),(17,2,0,NULL,NULL,'wishlist',NULL,0,'Wishlist',NULL,'_self',0,'2024-01-06 17:16:51','2024-01-06 17:16:51'),(18,2,0,NULL,NULL,'orders/tracking',NULL,0,'Order Tracking',NULL,'_self',0,'2024-01-06 17:16:51','2024-01-06 17:16:51'),(19,3,0,3,'Botble\\Page\\Models\\Page','/terms-of-use',NULL,0,'Terms Of Use',NULL,'_self',0,'2024-01-06 17:16:51','2024-01-06 17:16:51'),(20,3,0,4,'Botble\\Page\\Models\\Page','/terms-conditions',NULL,0,'Terms & Conditions',NULL,'_self',0,'2024-01-06 17:16:51','2024-01-06 17:16:51'),(21,3,0,5,'Botble\\Page\\Models\\Page','/refund-policy',NULL,0,'Refund Policy',NULL,'_self',0,'2024-01-06 17:16:51','2024-01-06 17:16:51'),(22,3,0,7,'Botble\\Page\\Models\\Page','/faqs',NULL,0,'FAQs',NULL,'_self',0,'2024-01-06 17:16:51','2024-01-06 17:16:51'),(23,3,0,NULL,NULL,'/nothing',NULL,0,'404 Page',NULL,'_self',0,'2024-01-06 17:16:51','2024-01-06 17:16:51'),(24,4,0,2,'Botble\\Page\\Models\\Page','/about-us',NULL,0,'About us',NULL,'_self',0,'2024-01-06 17:16:51','2024-01-06 17:16:51'),(25,4,0,10,'Botble\\Page\\Models\\Page','/affiliate',NULL,0,'Affiliate',NULL,'_self',0,'2024-01-06 17:16:51','2024-01-06 17:16:51'),(26,4,0,11,'Botble\\Page\\Models\\Page','/career',NULL,0,'Career',NULL,'_self',0,'2024-01-06 17:16:51','2024-01-06 17:16:51'),(27,4,0,8,'Botble\\Page\\Models\\Page','/contact',NULL,0,'Contact us',NULL,'_self',0,'2024-01-06 17:16:51','2024-01-06 17:16:51'),(28,5,0,6,'Botble\\Page\\Models\\Page','/blog',NULL,0,'Our blog',NULL,'_self',0,'2024-01-06 17:16:51','2024-01-06 17:16:51'),(29,5,0,NULL,NULL,'/cart',NULL,0,'Cart',NULL,'_self',0,'2024-01-06 17:16:51','2024-01-06 17:16:51'),(30,5,0,NULL,NULL,'/customer/overview',NULL,0,'My account',NULL,'_self',0,'2024-01-06 17:16:51','2024-01-06 17:16:51'),(31,5,0,NULL,NULL,'/products',NULL,0,'Shop',NULL,'_self',0,'2024-01-06 17:16:51','2024-01-06 17:16:51');
/*!40000 ALTER TABLE `menu_nodes` ENABLE KEYS */;
UNLOCK TABLES;

--
-- Table structure for table `menus`
--

DROP TABLE IF EXISTS `menus`;
/*!40101 SET @saved_cs_client     = @@character_set_client */;
/*!50503 SET character_set_client = utf8mb4 */;
CREATE TABLE `menus` (
  `id` bigint unsigned NOT NULL AUTO_INCREMENT,
  `name` varchar(120) COLLATE utf8mb4_unicode_ci NOT NULL,
  `slug` varchar(120) COLLATE utf8mb4_unicode_ci DEFAULT NULL,
  `status` varchar(60) COLLATE utf8mb4_unicode_ci NOT NULL DEFAULT 'published',
  `created_at` timestamp NULL DEFAULT NULL,
  `updated_at` timestamp NULL DEFAULT NULL,
  PRIMARY KEY (`id`),
  UNIQUE KEY `menus_slug_unique` (`slug`)
) ENGINE=InnoDB AUTO_INCREMENT=6 DEFAULT CHARSET=utf8mb4 COLLATE=utf8mb4_unicode_ci;
/*!40101 SET character_set_client = @saved_cs_client */;

--
-- Dumping data for table `menus`
--

LOCK TABLES `menus` WRITE;
/*!40000 ALTER TABLE `menus` DISABLE KEYS */;
INSERT INTO `menus` VALUES (1,'Main menu','main-menu','published','2024-01-06 17:16:51','2024-01-06 17:16:51'),(2,'Header menu','header-menu','published','2024-01-06 17:16:51','2024-01-06 17:16:51'),(3,'Useful Links','useful-links','published','2024-01-06 17:16:51','2024-01-06 17:16:51'),(4,'Help Center','help-center','published','2024-01-06 17:16:51','2024-01-06 17:16:51'),(5,'Business','business','published','2024-01-06 17:16:51','2024-01-06 17:16:51');
/*!40000 ALTER TABLE `menus` ENABLE KEYS */;
UNLOCK TABLES;

--
-- Table structure for table `meta_boxes`
--

DROP TABLE IF EXISTS `meta_boxes`;
/*!40101 SET @saved_cs_client     = @@character_set_client */;
/*!50503 SET character_set_client = utf8mb4 */;
CREATE TABLE `meta_boxes` (
  `id` bigint unsigned NOT NULL AUTO_INCREMENT,
  `meta_key` varchar(255) COLLATE utf8mb4_unicode_ci NOT NULL,
  `meta_value` text COLLATE utf8mb4_unicode_ci,
  `reference_id` bigint unsigned NOT NULL,
  `reference_type` varchar(120) COLLATE utf8mb4_unicode_ci NOT NULL,
  `created_at` timestamp NULL DEFAULT NULL,
  `updated_at` timestamp NULL DEFAULT NULL,
  PRIMARY KEY (`id`),
  KEY `meta_boxes_reference_id_index` (`reference_id`)
) ENGINE=InnoDB AUTO_INCREMENT=86 DEFAULT CHARSET=utf8mb4 COLLATE=utf8mb4_unicode_ci;
/*!40101 SET character_set_client = @saved_cs_client */;

--
-- Dumping data for table `meta_boxes`
--

LOCK TABLES `meta_boxes` WRITE;
/*!40000 ALTER TABLE `meta_boxes` DISABLE KEYS */;
INSERT INTO `meta_boxes` VALUES (1,'faq_ids','[[2,10,8,6,4]]',1,'Botble\\Ecommerce\\Models\\Product','2024-01-06 17:16:42','2024-01-06 17:16:42'),(2,'faq_ids','[[3,5,2,8,7]]',2,'Botble\\Ecommerce\\Models\\Product','2024-01-06 17:16:42','2024-01-06 17:16:42'),(3,'faq_ids','[[5,4,10,9,2]]',3,'Botble\\Ecommerce\\Models\\Product','2024-01-06 17:16:42','2024-01-06 17:16:42'),(4,'faq_ids','[[9,3,7,6,5]]',4,'Botble\\Ecommerce\\Models\\Product','2024-01-06 17:16:42','2024-01-06 17:16:42'),(5,'faq_ids','[[9,7,1,10,5]]',5,'Botble\\Ecommerce\\Models\\Product','2024-01-06 17:16:42','2024-01-06 17:16:42'),(6,'faq_ids','[[3,9,1,10,5]]',6,'Botble\\Ecommerce\\Models\\Product','2024-01-06 17:16:42','2024-01-06 17:16:42'),(7,'faq_ids','[[6,4,2,7,1]]',7,'Botble\\Ecommerce\\Models\\Product','2024-01-06 17:16:42','2024-01-06 17:16:42'),(8,'faq_ids','[[8,1,3,5,9]]',8,'Botble\\Ecommerce\\Models\\Product','2024-01-06 17:16:42','2024-01-06 17:16:42'),(9,'faq_ids','[[8,7,5,1,10]]',9,'Botble\\Ecommerce\\Models\\Product','2024-01-06 17:16:42','2024-01-06 17:16:42'),(10,'faq_ids','[[10,3,6,9,7]]',10,'Botble\\Ecommerce\\Models\\Product','2024-01-06 17:16:42','2024-01-06 17:16:42'),(11,'faq_ids','[[8,5,3,6,7]]',11,'Botble\\Ecommerce\\Models\\Product','2024-01-06 17:16:42','2024-01-06 17:16:42'),(12,'faq_ids','[[7,3,9,10,1]]',12,'Botble\\Ecommerce\\Models\\Product','2024-01-06 17:16:42','2024-01-06 17:16:42'),(13,'faq_ids','[[4,9,3,1,7]]',13,'Botble\\Ecommerce\\Models\\Product','2024-01-06 17:16:42','2024-01-06 17:16:42'),(14,'faq_ids','[[4,3,9,7,10]]',14,'Botble\\Ecommerce\\Models\\Product','2024-01-06 17:16:42','2024-01-06 17:16:42'),(15,'faq_ids','[[7,1,2,3,6]]',15,'Botble\\Ecommerce\\Models\\Product','2024-01-06 17:16:42','2024-01-06 17:16:42'),(16,'faq_ids','[[1,9,7,6,2]]',16,'Botble\\Ecommerce\\Models\\Product','2024-01-06 17:16:42','2024-01-06 17:16:42'),(17,'faq_ids','[[4,2,8,6,7]]',17,'Botble\\Ecommerce\\Models\\Product','2024-01-06 17:16:42','2024-01-06 17:16:42'),(18,'faq_ids','[[10,3,6,8,2]]',18,'Botble\\Ecommerce\\Models\\Product','2024-01-06 17:16:42','2024-01-06 17:16:42'),(19,'faq_ids','[[9,8,5,6,3]]',19,'Botble\\Ecommerce\\Models\\Product','2024-01-06 17:16:42','2024-01-06 17:16:42'),(20,'faq_ids','[[2,5,10,6,9]]',20,'Botble\\Ecommerce\\Models\\Product','2024-01-06 17:16:42','2024-01-06 17:16:42'),(21,'faq_ids','[[9,8,10,7,2]]',21,'Botble\\Ecommerce\\Models\\Product','2024-01-06 17:16:42','2024-01-06 17:16:42'),(22,'faq_ids','[[8,10,1,3,5]]',22,'Botble\\Ecommerce\\Models\\Product','2024-01-06 17:16:42','2024-01-06 17:16:42'),(23,'faq_ids','[[7,1,3,8,10]]',23,'Botble\\Ecommerce\\Models\\Product','2024-01-06 17:16:42','2024-01-06 17:16:42'),(24,'faq_ids','[[10,4,9,3,8]]',24,'Botble\\Ecommerce\\Models\\Product','2024-01-06 17:16:42','2024-01-06 17:16:42'),(25,'faq_ids','[[3,8,1,2,5]]',25,'Botble\\Ecommerce\\Models\\Product','2024-01-06 17:16:42','2024-01-06 17:16:42'),(26,'faq_ids','[[1,5,3,10,2]]',26,'Botble\\Ecommerce\\Models\\Product','2024-01-06 17:16:42','2024-01-06 17:16:42'),(27,'faq_ids','[[7,6,10,2,4]]',27,'Botble\\Ecommerce\\Models\\Product','2024-01-06 17:16:42','2024-01-06 17:16:42'),(28,'faq_ids','[[6,4,1,5,10]]',28,'Botble\\Ecommerce\\Models\\Product','2024-01-06 17:16:42','2024-01-06 17:16:42'),(29,'faq_ids','[[1,7,6,8,5]]',29,'Botble\\Ecommerce\\Models\\Product','2024-01-06 17:16:42','2024-01-06 17:16:42'),(30,'faq_ids','[[9,10,2,6,3]]',30,'Botble\\Ecommerce\\Models\\Product','2024-01-06 17:16:42','2024-01-06 17:16:42'),(31,'faq_ids','[[6,10,3,4,7]]',31,'Botble\\Ecommerce\\Models\\Product','2024-01-06 17:16:42','2024-01-06 17:16:42'),(32,'faq_ids','[[1,3,9,10,6]]',32,'Botble\\Ecommerce\\Models\\Product','2024-01-06 17:16:42','2024-01-06 17:16:42'),(33,'faq_ids','[[2,10,4,3,9]]',33,'Botble\\Ecommerce\\Models\\Product','2024-01-06 17:16:42','2024-01-06 17:16:42'),(34,'faq_ids','[[1,3,4,8,2]]',34,'Botble\\Ecommerce\\Models\\Product','2024-01-06 17:16:42','2024-01-06 17:16:42'),(35,'faq_ids','[[9,5,2,10,6]]',35,'Botble\\Ecommerce\\Models\\Product','2024-01-06 17:16:42','2024-01-06 17:16:42'),(36,'faq_ids','[[6,3,2,7,5]]',36,'Botble\\Ecommerce\\Models\\Product','2024-01-06 17:16:43','2024-01-06 17:16:43'),(37,'faq_ids','[[3,9,8,7,10]]',37,'Botble\\Ecommerce\\Models\\Product','2024-01-06 17:16:43','2024-01-06 17:16:43'),(38,'faq_ids','[[9,3,1,8,6]]',38,'Botble\\Ecommerce\\Models\\Product','2024-01-06 17:16:43','2024-01-06 17:16:43'),(39,'faq_ids','[[3,8,2,7,5]]',39,'Botble\\Ecommerce\\Models\\Product','2024-01-06 17:16:43','2024-01-06 17:16:43'),(40,'faq_ids','[[10,8,3,2,4]]',40,'Botble\\Ecommerce\\Models\\Product','2024-01-06 17:16:43','2024-01-06 17:16:43'),(41,'faq_ids','[[9,2,7,1,5]]',41,'Botble\\Ecommerce\\Models\\Product','2024-01-06 17:16:43','2024-01-06 17:16:43'),(42,'faq_ids','[[8,9,2,10,1]]',42,'Botble\\Ecommerce\\Models\\Product','2024-01-06 17:16:43','2024-01-06 17:16:43'),(43,'faq_ids','[[2,4,6,1,8]]',43,'Botble\\Ecommerce\\Models\\Product','2024-01-06 17:16:43','2024-01-06 17:16:43'),(44,'faq_ids','[[1,3,2,7,5]]',44,'Botble\\Ecommerce\\Models\\Product','2024-01-06 17:16:43','2024-01-06 17:16:43'),(45,'faq_ids','[[8,4,9,1,10]]',45,'Botble\\Ecommerce\\Models\\Product','2024-01-06 17:16:43','2024-01-06 17:16:43'),(46,'faq_ids','[[8,6,5,2,10]]',46,'Botble\\Ecommerce\\Models\\Product','2024-01-06 17:16:43','2024-01-06 17:16:43'),(47,'faq_ids','[[1,7,4,8,3]]',47,'Botble\\Ecommerce\\Models\\Product','2024-01-06 17:16:43','2024-01-06 17:16:43'),(48,'faq_ids','[[10,3,8,6,1]]',48,'Botble\\Ecommerce\\Models\\Product','2024-01-06 17:16:43','2024-01-06 17:16:43'),(49,'faq_ids','[[4,7,5,3,1]]',49,'Botble\\Ecommerce\\Models\\Product','2024-01-06 17:16:43','2024-01-06 17:16:43'),(50,'faq_ids','[[5,9,4,2,3]]',50,'Botble\\Ecommerce\\Models\\Product','2024-01-06 17:16:43','2024-01-06 17:16:43'),(51,'faq_ids','[[1,6,2,8,10]]',51,'Botble\\Ecommerce\\Models\\Product','2024-01-06 17:16:43','2024-01-06 17:16:43'),(52,'faq_ids','[[1,8,9,7,6]]',52,'Botble\\Ecommerce\\Models\\Product','2024-01-06 17:16:43','2024-01-06 17:16:43'),(53,'faq_ids','[[4,1,2,8,9]]',53,'Botble\\Ecommerce\\Models\\Product','2024-01-06 17:16:43','2024-01-06 17:16:43'),(54,'faq_ids','[[4,3,7,2,9]]',54,'Botble\\Ecommerce\\Models\\Product','2024-01-06 17:16:43','2024-01-06 17:16:43'),(55,'faq_ids','[[6,8,7,4,1]]',55,'Botble\\Ecommerce\\Models\\Product','2024-01-06 17:16:43','2024-01-06 17:16:43'),(56,'faq_ids','[[7,3,6,9,8]]',56,'Botble\\Ecommerce\\Models\\Product','2024-01-06 17:16:43','2024-01-06 17:16:43'),(57,'faq_ids','[[8,6,10,5,2]]',57,'Botble\\Ecommerce\\Models\\Product','2024-01-06 17:16:43','2024-01-06 17:16:43'),(58,'faq_ids','[[1,2,3,5,10]]',58,'Botble\\Ecommerce\\Models\\Product','2024-01-06 17:16:43','2024-01-06 17:16:43'),(59,'faq_ids','[[10,5,8,3,7]]',59,'Botble\\Ecommerce\\Models\\Product','2024-01-06 17:16:43','2024-01-06 17:16:43'),(60,'faq_ids','[[9,5,1,6,2]]',60,'Botble\\Ecommerce\\Models\\Product','2024-01-06 17:16:43','2024-01-06 17:16:43'),(61,'faq_ids','[[9,8,4,10,2]]',61,'Botble\\Ecommerce\\Models\\Product','2024-01-06 17:16:43','2024-01-06 17:16:43'),(62,'faq_ids','[[3,6,10,4,2]]',62,'Botble\\Ecommerce\\Models\\Product','2024-01-06 17:16:43','2024-01-06 17:16:43'),(63,'faq_ids','[[4,1,10,6,5]]',63,'Botble\\Ecommerce\\Models\\Product','2024-01-06 17:16:43','2024-01-06 17:16:43'),(64,'faq_ids','[[1,10,2,9,5]]',64,'Botble\\Ecommerce\\Models\\Product','2024-01-06 17:16:44','2024-01-06 17:16:44'),(65,'faq_ids','[[3,4,10,7,5]]',65,'Botble\\Ecommerce\\Models\\Product','2024-01-06 17:16:44','2024-01-06 17:16:44'),(66,'tablet_image','[\"sliders\\/01.jpg\"]',1,'Botble\\SimpleSlider\\Models\\SimpleSliderItem','2024-01-06 17:16:51','2024-01-06 17:16:51'),(67,'mobile_image','[\"sliders\\/01-sm.jpg\"]',1,'Botble\\SimpleSlider\\Models\\SimpleSliderItem','2024-01-06 17:16:51','2024-01-06 17:16:51'),(68,'tablet_image','[\"sliders\\/02.jpg\"]',2,'Botble\\SimpleSlider\\Models\\SimpleSliderItem','2024-01-06 17:16:51','2024-01-06 17:16:51'),(69,'mobile_image','[\"sliders\\/02-sm.jpg\"]',2,'Botble\\SimpleSlider\\Models\\SimpleSliderItem','2024-01-06 17:16:51','2024-01-06 17:16:51'),(70,'background','[\"stores\\/background-2.jpg\"]',1,'Botble\\Marketplace\\Models\\Store','2024-01-06 17:16:55','2024-01-06 17:16:55'),(71,'socials','[{\"facebook\":\"https:\\/\\/www.facebook.com\\/\",\"twitter\":\"https:\\/\\/www.twitter.com\\/\",\"youtube\":\"https:\\/\\/www.youtube.com\\/\",\"linkedin\":\"https:\\/\\/www.linkedin.com\\/\"}]',1,'Botble\\Marketplace\\Models\\Store','2024-01-06 17:16:55','2024-01-06 17:16:55'),(72,'background','[\"stores\\/background-1.jpg\"]',2,'Botble\\Marketplace\\Models\\Store','2024-01-06 17:16:55','2024-01-06 17:16:55'),(73,'socials','[{\"facebook\":\"https:\\/\\/www.facebook.com\\/\",\"twitter\":\"https:\\/\\/www.twitter.com\\/\",\"youtube\":\"https:\\/\\/www.youtube.com\\/\",\"linkedin\":\"https:\\/\\/www.linkedin.com\\/\"}]',2,'Botble\\Marketplace\\Models\\Store','2024-01-06 17:16:55','2024-01-06 17:16:55'),(74,'background','[\"stores\\/background-2.jpg\"]',3,'Botble\\Marketplace\\Models\\Store','2024-01-06 17:16:55','2024-01-06 17:16:55'),(75,'socials','[{\"facebook\":\"https:\\/\\/www.facebook.com\\/\",\"twitter\":\"https:\\/\\/www.twitter.com\\/\",\"youtube\":\"https:\\/\\/www.youtube.com\\/\",\"linkedin\":\"https:\\/\\/www.linkedin.com\\/\"}]',3,'Botble\\Marketplace\\Models\\Store','2024-01-06 17:16:55','2024-01-06 17:16:55'),(76,'background','[\"stores\\/background-1.jpg\"]',4,'Botble\\Marketplace\\Models\\Store','2024-01-06 17:16:55','2024-01-06 17:16:55'),(77,'socials','[{\"facebook\":\"https:\\/\\/www.facebook.com\\/\",\"twitter\":\"https:\\/\\/www.twitter.com\\/\",\"youtube\":\"https:\\/\\/www.youtube.com\\/\",\"linkedin\":\"https:\\/\\/www.linkedin.com\\/\"}]',4,'Botble\\Marketplace\\Models\\Store','2024-01-06 17:16:55','2024-01-06 17:16:55'),(78,'background','[\"stores\\/background-1.jpg\"]',5,'Botble\\Marketplace\\Models\\Store','2024-01-06 17:16:55','2024-01-06 17:16:55'),(79,'socials','[{\"facebook\":\"https:\\/\\/www.facebook.com\\/\",\"twitter\":\"https:\\/\\/www.twitter.com\\/\",\"youtube\":\"https:\\/\\/www.youtube.com\\/\",\"linkedin\":\"https:\\/\\/www.linkedin.com\\/\"}]',5,'Botble\\Marketplace\\Models\\Store','2024-01-06 17:16:55','2024-01-06 17:16:55'),(80,'background','[\"stores\\/background-1.jpg\"]',6,'Botble\\Marketplace\\Models\\Store','2024-01-06 17:16:55','2024-01-06 17:16:55'),(81,'socials','[{\"facebook\":\"https:\\/\\/www.facebook.com\\/\",\"twitter\":\"https:\\/\\/www.twitter.com\\/\",\"youtube\":\"https:\\/\\/www.youtube.com\\/\",\"linkedin\":\"https:\\/\\/www.linkedin.com\\/\"}]',6,'Botble\\Marketplace\\Models\\Store','2024-01-06 17:16:55','2024-01-06 17:16:55'),(82,'background','[\"stores\\/background-2.jpg\"]',7,'Botble\\Marketplace\\Models\\Store','2024-01-06 17:16:55','2024-01-06 17:16:55'),(83,'socials','[{\"facebook\":\"https:\\/\\/www.facebook.com\\/\",\"twitter\":\"https:\\/\\/www.twitter.com\\/\",\"youtube\":\"https:\\/\\/www.youtube.com\\/\",\"linkedin\":\"https:\\/\\/www.linkedin.com\\/\"}]',7,'Botble\\Marketplace\\Models\\Store','2024-01-06 17:16:55','2024-01-06 17:16:55'),(84,'background','[\"stores\\/background-2.jpg\"]',8,'Botble\\Marketplace\\Models\\Store','2024-01-06 17:16:55','2024-01-06 17:16:55'),(85,'socials','[{\"facebook\":\"https:\\/\\/www.facebook.com\\/\",\"twitter\":\"https:\\/\\/www.twitter.com\\/\",\"youtube\":\"https:\\/\\/www.youtube.com\\/\",\"linkedin\":\"https:\\/\\/www.linkedin.com\\/\"}]',8,'Botble\\Marketplace\\Models\\Store','2024-01-06 17:16:55','2024-01-06 17:16:55');
/*!40000 ALTER TABLE `meta_boxes` ENABLE KEYS */;
UNLOCK TABLES;

--
-- Table structure for table `migrations`
--

DROP TABLE IF EXISTS `migrations`;
/*!40101 SET @saved_cs_client     = @@character_set_client */;
/*!50503 SET character_set_client = utf8mb4 */;
CREATE TABLE `migrations` (
  `id` int unsigned NOT NULL AUTO_INCREMENT,
  `migration` varchar(191) COLLATE utf8mb4_unicode_ci NOT NULL,
  `batch` int NOT NULL,
  PRIMARY KEY (`id`)
) ENGINE=InnoDB AUTO_INCREMENT=163 DEFAULT CHARSET=utf8mb4 COLLATE=utf8mb4_unicode_ci;
/*!40101 SET character_set_client = @saved_cs_client */;

--
-- Dumping data for table `migrations`
--

LOCK TABLES `migrations` WRITE;
/*!40000 ALTER TABLE `migrations` DISABLE KEYS */;
INSERT INTO `migrations` VALUES (1,'2013_04_09_032329_create_base_tables',1),(2,'2013_04_09_062329_create_revisions_table',1),(3,'2014_10_12_000000_create_users_table',1),(4,'2014_10_12_100000_create_password_reset_tokens_table',1),(5,'2016_06_10_230148_create_acl_tables',1),(6,'2016_06_14_230857_create_menus_table',1),(7,'2016_06_28_221418_create_pages_table',1),(8,'2016_10_05_074239_create_setting_table',1),(9,'2016_11_28_032840_create_dashboard_widget_tables',1),(10,'2016_12_16_084601_create_widgets_table',1),(11,'2017_05_09_070343_create_media_tables',1),(12,'2017_11_03_070450_create_slug_table',1),(13,'2019_01_05_053554_create_jobs_table',1),(14,'2019_08_19_000000_create_failed_jobs_table',1),(15,'2019_12_14_000001_create_personal_access_tokens_table',1),(16,'2022_04_20_100851_add_index_to_media_table',1),(17,'2022_04_20_101046_add_index_to_menu_table',1),(18,'2022_07_10_034813_move_lang_folder_to_root',1),(19,'2022_08_04_051940_add_missing_column_expires_at',1),(20,'2022_09_01_000001_create_admin_notifications_tables',1),(21,'2022_10_14_024629_drop_column_is_featured',1),(22,'2022_11_18_063357_add_missing_timestamp_in_table_settings',1),(23,'2022_12_02_093615_update_slug_index_columns',1),(24,'2023_01_30_024431_add_alt_to_media_table',1),(25,'2023_02_16_042611_drop_table_password_resets',1),(26,'2023_04_23_005903_add_column_permissions_to_admin_notifications',1),(27,'2023_05_10_075124_drop_column_id_in_role_users_table',1),(28,'2023_08_21_090810_make_page_content_nullable',1),(29,'2023_09_14_021936_update_index_for_slugs_table',1),(30,'2023_12_06_100448_change_random_hash_for_media',1),(31,'2023_12_07_095130_add_color_column_to_media_folders_table',1),(32,'2023_12_17_162208_make_sure_column_color_in_media_folders_nullable',1),(33,'2020_11_18_150916_ads_create_ads_table',2),(34,'2021_12_02_035301_add_ads_translations_table',2),(35,'2023_04_17_062645_add_open_in_new_tab',2),(36,'2023_11_07_023805_add_tablet_mobile_image',2),(37,'2015_06_29_025744_create_audit_history',3),(38,'2023_11_14_033417_change_request_column_in_table_audit_histories',3),(39,'2015_06_18_033822_create_blog_table',4),(40,'2021_02_16_092633_remove_default_value_for_author_type',4),(41,'2021_12_03_030600_create_blog_translations',4),(42,'2022_04_19_113923_add_index_to_table_posts',4),(43,'2023_08_29_074620_make_column_author_id_nullable',4),(44,'2016_06_17_091537_create_contacts_table',5),(45,'2023_11_10_080225_migrate_contact_blacklist_email_domains_to_core',5),(46,'2020_03_05_041139_create_ecommerce_tables',6),(47,'2021_01_01_044147_ecommerce_create_flash_sale_table',6),(48,'2021_01_17_082713_add_column_is_featured_to_product_collections_table',6),(49,'2021_01_18_024333_add_zip_code_into_table_customer_addresses',6),(50,'2021_02_18_073505_update_table_ec_reviews',6),(51,'2021_03_10_024419_add_column_confirmed_at_to_table_ec_customers',6),(52,'2021_03_10_025153_change_column_tax_amount',6),(53,'2021_03_20_033103_add_column_availability_to_table_ec_products',6),(54,'2021_04_28_074008_ecommerce_create_product_label_table',6),(55,'2021_05_31_173037_ecommerce_create_ec_products_translations',6),(56,'2021_08_17_105016_remove_column_currency_id_in_some_tables',6),(57,'2021_08_30_142128_add_images_column_to_ec_reviews_table',6),(58,'2021_10_04_030050_add_column_created_by_to_table_ec_products',6),(59,'2021_10_05_122616_add_status_column_to_ec_customers_table',6),(60,'2021_11_03_025806_nullable_phone_number_in_ec_customer_addresses',6),(61,'2021_11_23_071403_correct_languages_for_product_variations',6),(62,'2021_11_28_031808_add_product_tags_translations',6),(63,'2021_12_01_031123_add_featured_image_to_ec_products',6),(64,'2022_01_01_033107_update_table_ec_shipments',6),(65,'2022_02_16_042457_improve_product_attribute_sets',6),(66,'2022_03_22_075758_correct_product_name',6),(67,'2022_04_19_113334_add_index_to_ec_products',6),(68,'2022_04_28_144405_remove_unused_table',6),(69,'2022_05_05_115015_create_ec_customer_recently_viewed_products_table',6),(70,'2022_05_18_143720_add_index_to_table_ec_product_categories',6),(71,'2022_06_16_095633_add_index_to_some_tables',6),(72,'2022_06_30_035148_create_order_referrals_table',6),(73,'2022_07_24_153815_add_completed_at_to_ec_orders_table',6),(74,'2022_08_14_032836_create_ec_order_returns_table',6),(75,'2022_08_14_033554_create_ec_order_return_items_table',6),(76,'2022_08_15_040324_add_billing_address',6),(77,'2022_08_30_091114_support_digital_products_table',6),(78,'2022_09_13_095744_create_options_table',6),(79,'2022_09_13_104347_create_option_value_table',6),(80,'2022_10_05_163518_alter_table_ec_order_product',6),(81,'2022_10_12_041517_create_invoices_table',6),(82,'2022_10_12_142226_update_orders_table',6),(83,'2022_10_13_024916_update_table_order_returns',6),(84,'2022_10_21_030830_update_columns_in_ec_shipments_table',6),(85,'2022_10_28_021046_update_columns_in_ec_shipments_table',6),(86,'2022_11_16_034522_update_type_column_in_ec_shipping_rules_table',6),(87,'2022_11_19_041643_add_ec_tax_product_table',6),(88,'2022_12_12_063830_update_tax_defadult_in_ec_tax_products_table',6),(89,'2022_12_17_041532_fix_address_in_order_invoice',6),(90,'2022_12_26_070329_create_ec_product_views_table',6),(91,'2023_01_04_033051_fix_product_categories',6),(92,'2023_01_09_050400_add_ec_global_options_translations_table',6),(93,'2023_01_10_093754_add_missing_option_value_id',6),(94,'2023_01_17_082713_add_column_barcode_and_cost_per_item_to_product_table',6),(95,'2023_01_26_021854_add_ec_customer_used_coupons_table',6),(96,'2023_02_08_015900_update_options_column_in_ec_order_product_table',6),(97,'2023_02_27_095752_remove_duplicate_reviews',6),(98,'2023_03_20_115757_add_user_type_column_to_ec_shipment_histories_table',6),(99,'2023_04_21_082427_create_ec_product_categorizables_table',6),(100,'2023_05_03_011331_add_missing_column_price_into_invoice_items_table',6),(101,'2023_05_17_025812_fix_invoice_issue',6),(102,'2023_05_26_073140_move_option_make_phone_field_optional_at_checkout_page_to_mandatory_fields',6),(103,'2023_05_27_144611_fix_exchange_rate_setting',6),(104,'2023_06_22_084331_add_generate_license_code_to_ec_products_table',6),(105,'2023_06_30_042512_create_ec_order_tax_information_table',6),(106,'2023_07_14_022724_remove_column_id_from_ec_product_collection_products',6),(107,'2023_08_09_012940_remove_column_status_in_ec_product_attributes',6),(108,'2023_08_15_064505_create_ec_tax_rules_table',6),(109,'2023_08_21_021819_make_column_address_in_ec_customer_addresses_nullable',6),(110,'2023_08_22_094114_drop_unique_for_barcode',6),(111,'2023_08_30_031811_add_apply_via_url_column_to_ec_discounts_table',6),(112,'2023_09_07_094312_add_index_to_product_sku_and_translations',6),(113,'2023_09_19_024955_create_discount_product_categories_table',6),(114,'2023_10_17_070728_add_icon_and_icon_image_to_product_categories_table',6),(115,'2023_11_22_154643_add_unique_in_table_ec_products_variations',6),(116,'2023_11_27_032313_add_price_columns_to_ec_product_cross_sale_relations_table',6),(117,'2023_12_06_023945_add_display_on_checkout_column_to_ec_discounts_table',6),(118,'2023_12_25_040604_ec_create_review_replies_table',6),(119,'2023_12_26_090340_add_private_notes_column_to_ec_customers_table',6),(120,'2018_07_09_221238_create_faq_table',7),(121,'2021_12_03_082134_create_faq_translations',7),(122,'2023_11_17_063408_add_description_column_to_faq_categories_table',7),(123,'2016_10_03_032336_create_languages_table',8),(124,'2023_09_14_022423_add_index_for_language_table',8),(125,'2021_10_25_021023_fix-priority-load-for-language-advanced',9),(126,'2021_12_03_075608_create_page_translations',9),(127,'2023_07_06_011444_create_slug_translations_table',9),(128,'2019_11_18_061011_create_country_table',10),(129,'2021_12_03_084118_create_location_translations',10),(130,'2021_12_03_094518_migrate_old_location_data',10),(131,'2021_12_10_034440_switch_plugin_location_to_use_language_advanced',10),(132,'2022_01_16_085908_improve_plugin_location',10),(133,'2022_08_04_052122_delete_location_backup_tables',10),(134,'2023_04_23_061847_increase_state_translations_abbreviation_column',10),(135,'2023_07_26_041451_add_more_columns_to_location_table',10),(136,'2023_07_27_041451_add_more_columns_to_location_translation_table',10),(137,'2023_08_15_073307_drop_unique_in_states_cities_translations',10),(138,'2023_10_21_065016_make_state_id_in_table_cities_nullable',10),(139,'2021_07_06_030002_create_marketplace_table',11),(140,'2021_09_04_150137_add_vendor_verified_at_to_ec_customers_table',11),(141,'2021_10_04_033903_add_column_approved_by_into_table_ec_products',11),(142,'2021_10_06_124943_add_transaction_id_column_to_mp_customer_withdrawals_table',11),(143,'2021_10_10_054216_add_columns_to_mp_customer_revenues_table',11),(144,'2021_12_06_031304_update_table_mp_customer_revenues',11),(145,'2022_10_19_152916_add_columns_to_mp_stores_table',11),(146,'2022_10_20_062849_create_mp_category_sale_commissions_table',11),(147,'2022_11_02_071413_add_more_info_for_store',11),(148,'2022_11_02_080444_add_tax_info',11),(149,'2023_02_01_062030_add_store_translations',11),(150,'2023_02_13_032133_update_fee_column_mp_customer_revenues_table',11),(151,'2023_02_17_023648_fix_store_prefix',11),(152,'2017_10_24_154832_create_newsletter_table',12),(153,'2017_05_18_080441_create_payment_tables',13),(154,'2021_03_27_144913_add_customer_type_into_table_payments',13),(155,'2021_05_24_034720_make_column_currency_nullable',13),(156,'2021_08_09_161302_add_metadata_column_to_payments_table',13),(157,'2021_10_19_020859_update_metadata_field',13),(158,'2022_06_28_151901_activate_paypal_stripe_plugin',13),(159,'2022_07_07_153354_update_charge_id_in_table_payments',13),(160,'2017_07_11_140018_create_simple_slider_table',14),(161,'2016_10_07_193005_create_translations_table',15),(162,'2023_12_12_105220_drop_translations_table',15);
/*!40000 ALTER TABLE `migrations` ENABLE KEYS */;
UNLOCK TABLES;

--
-- Table structure for table `mp_category_sale_commissions`
--

DROP TABLE IF EXISTS `mp_category_sale_commissions`;
/*!40101 SET @saved_cs_client     = @@character_set_client */;
/*!50503 SET character_set_client = utf8mb4 */;
CREATE TABLE `mp_category_sale_commissions` (
  `id` bigint unsigned NOT NULL AUTO_INCREMENT,
  `product_category_id` bigint unsigned NOT NULL,
  `commission_percentage` decimal(8,2) NOT NULL DEFAULT '0.00',
  PRIMARY KEY (`id`),
  UNIQUE KEY `mp_category_sale_commissions_product_category_id_unique` (`product_category_id`)
) ENGINE=InnoDB DEFAULT CHARSET=utf8mb4 COLLATE=utf8mb4_unicode_ci;
/*!40101 SET character_set_client = @saved_cs_client */;

--
-- Dumping data for table `mp_category_sale_commissions`
--

LOCK TABLES `mp_category_sale_commissions` WRITE;
/*!40000 ALTER TABLE `mp_category_sale_commissions` DISABLE KEYS */;
/*!40000 ALTER TABLE `mp_category_sale_commissions` ENABLE KEYS */;
UNLOCK TABLES;

--
-- Table structure for table `mp_customer_revenues`
--

DROP TABLE IF EXISTS `mp_customer_revenues`;
/*!40101 SET @saved_cs_client     = @@character_set_client */;
/*!50503 SET character_set_client = utf8mb4 */;
CREATE TABLE `mp_customer_revenues` (
  `id` bigint unsigned NOT NULL AUTO_INCREMENT,
  `customer_id` bigint unsigned DEFAULT NULL,
  `order_id` bigint unsigned DEFAULT NULL,
  `sub_amount` decimal(15,2) DEFAULT '0.00',
  `fee` decimal(15,2) DEFAULT '0.00',
  `amount` decimal(15,2) DEFAULT '0.00',
  `current_balance` decimal(15,2) DEFAULT '0.00',
  `currency` varchar(120) COLLATE utf8mb4_unicode_ci DEFAULT NULL,
  `description` text COLLATE utf8mb4_unicode_ci,
  `created_at` timestamp NULL DEFAULT NULL,
  `updated_at` timestamp NULL DEFAULT NULL,
  `user_id` bigint unsigned NOT NULL DEFAULT '0',
  `type` varchar(60) COLLATE utf8mb4_unicode_ci DEFAULT NULL,
  PRIMARY KEY (`id`)
) ENGINE=InnoDB AUTO_INCREMENT=20 DEFAULT CHARSET=utf8mb4 COLLATE=utf8mb4_unicode_ci;
/*!40101 SET character_set_client = @saved_cs_client */;

--
-- Dumping data for table `mp_customer_revenues`
--

LOCK TABLES `mp_customer_revenues` WRITE;
/*!40000 ALTER TABLE `mp_customer_revenues` DISABLE KEYS */;
INSERT INTO `mp_customer_revenues` VALUES (1,5,2,790.00,0.00,790.00,0.00,'USD',NULL,'2024-01-04 05:17:05','2024-01-04 05:17:05',0,'add-amount'),(2,6,3,2595.50,0.00,2595.50,0.00,'USD',NULL,'2024-01-03 17:17:05','2024-01-03 17:17:05',0,'add-amount'),(3,5,6,1853.00,0.00,1853.00,790.00,'USD',NULL,'2024-01-03 19:17:06','2024-01-03 19:17:06',0,'add-amount'),(4,7,7,1291.00,0.00,1291.00,0.00,'USD',NULL,'2024-01-01 09:17:06','2024-01-01 09:17:06',0,'add-amount'),(5,8,9,575.00,0.00,575.00,0.00,'USD',NULL,'2024-01-05 01:17:07','2024-01-05 01:17:07',0,'add-amount'),(6,5,11,2002.00,0.00,2002.00,2643.00,'USD',NULL,'2024-01-01 17:17:07','2024-01-01 17:17:07',0,'add-amount'),(7,8,13,3768.00,0.00,3768.00,575.00,'USD',NULL,'2024-01-03 05:17:08','2024-01-03 05:17:08',0,'add-amount'),(8,4,19,2979.00,0.00,2979.00,0.00,'USD',NULL,'2024-01-01 17:17:09','2024-01-01 17:17:09',0,'add-amount'),(9,5,25,8397.00,0.00,8397.00,4645.00,'USD',NULL,'2023-12-29 01:17:09','2023-12-29 01:17:09',0,'add-amount'),(10,7,26,2308.00,0.00,2308.00,1291.00,'USD',NULL,'2023-12-26 11:17:10','2023-12-26 11:17:10',0,'add-amount'),(11,7,27,2158.00,0.00,2158.00,3599.00,'USD',NULL,'2023-12-19 01:17:10','2023-12-19 01:17:10',0,'add-amount'),(12,6,28,1133.00,0.00,1133.00,2595.50,'USD',NULL,'2023-12-13 13:17:11','2023-12-13 13:17:11',0,'add-amount'),(13,7,31,3462.00,0.00,3462.00,5757.00,'USD',NULL,'2023-12-16 09:17:11','2023-12-16 09:17:11',0,'add-amount'),(14,4,33,1917.00,0.00,1917.00,2979.00,'USD',NULL,'2023-12-20 17:17:12','2023-12-20 17:17:12',0,'add-amount'),(15,8,37,4197.00,0.00,4197.00,4343.00,'USD',NULL,'2023-12-09 05:17:12','2023-12-09 05:17:12',0,'add-amount'),(16,7,40,1184.00,0.00,1184.00,9219.00,'USD',NULL,'2023-12-13 19:17:13','2023-12-13 19:17:13',0,'add-amount'),(17,4,41,2979.00,0.00,2979.00,4896.00,'USD',NULL,'2023-12-27 05:17:13','2023-12-27 05:17:13',0,'add-amount'),(18,6,42,2266.00,0.00,2266.00,3728.50,'USD',NULL,'2023-12-19 19:17:14','2023-12-19 19:17:14',0,'add-amount'),(19,4,50,1166.00,0.00,1166.00,7875.00,'USD',NULL,'2023-11-29 11:17:14','2023-11-29 11:17:14',0,'add-amount');
/*!40000 ALTER TABLE `mp_customer_revenues` ENABLE KEYS */;
UNLOCK TABLES;

--
-- Table structure for table `mp_customer_withdrawals`
--

DROP TABLE IF EXISTS `mp_customer_withdrawals`;
/*!40101 SET @saved_cs_client     = @@character_set_client */;
/*!50503 SET character_set_client = utf8mb4 */;
CREATE TABLE `mp_customer_withdrawals` (
  `id` bigint unsigned NOT NULL AUTO_INCREMENT,
  `customer_id` bigint unsigned DEFAULT NULL,
  `fee` decimal(15,2) unsigned DEFAULT '0.00',
  `amount` decimal(15,2) unsigned DEFAULT '0.00',
  `current_balance` decimal(15,2) unsigned DEFAULT '0.00',
  `currency` varchar(120) COLLATE utf8mb4_unicode_ci DEFAULT NULL,
  `description` text COLLATE utf8mb4_unicode_ci,
  `bank_info` text COLLATE utf8mb4_unicode_ci,
  `payment_channel` varchar(60) COLLATE utf8mb4_unicode_ci DEFAULT NULL,
  `user_id` bigint unsigned NOT NULL DEFAULT '0',
  `status` varchar(60) COLLATE utf8mb4_unicode_ci NOT NULL DEFAULT 'pending',
  `images` text COLLATE utf8mb4_unicode_ci,
  `created_at` timestamp NULL DEFAULT NULL,
  `updated_at` timestamp NULL DEFAULT NULL,
  `transaction_id` varchar(60) COLLATE utf8mb4_unicode_ci DEFAULT NULL,
  PRIMARY KEY (`id`)
) ENGINE=InnoDB AUTO_INCREMENT=20 DEFAULT CHARSET=utf8mb4 COLLATE=utf8mb4_unicode_ci;
/*!40101 SET character_set_client = @saved_cs_client */;

--
-- Dumping data for table `mp_customer_withdrawals`
--

LOCK TABLES `mp_customer_withdrawals` WRITE;
/*!40000 ALTER TABLE `mp_customer_withdrawals` DISABLE KEYS */;
INSERT INTO `mp_customer_withdrawals` VALUES (1,2,0.00,1.00,0.00,'USD','','{\"name\":\"America Torphy\",\"number\":\"+18652649831\",\"full_name\":\"Kaia Kilback\",\"description\":\"Milton Herman\"}',NULL,0,'completed',NULL,'2024-01-06 17:17:15','2024-01-06 17:17:15',NULL),(2,3,0.00,1.00,0.00,'USD','','{\"name\":\"Melyssa Osinski\",\"number\":\"+17708873055\",\"full_name\":\"Dameon Schamberger\",\"description\":\"Shayna Greenholt V\"}',NULL,0,'processing',NULL,'2024-01-06 17:17:15','2024-01-06 17:17:15',NULL),(3,4,0.00,598.00,9041.00,'USD','','{\"name\":\"Candace Block\",\"number\":\"+18726415712\",\"full_name\":\"Pamela Sawayn\",\"description\":\"Electa Collier\"}',NULL,0,'completed',NULL,'2024-01-06 17:17:16','2024-01-06 17:17:16',NULL),(4,4,0.00,1133.00,8443.00,'USD','','{\"name\":\"Candace Block\",\"number\":\"+18726415712\",\"full_name\":\"Pamela Sawayn\",\"description\":\"Electa Collier\"}',NULL,0,'processing',NULL,'2024-01-06 17:17:16','2024-01-06 17:17:16',NULL),(5,4,0.00,1312.00,7310.00,'USD','','{\"name\":\"Candace Block\",\"number\":\"+18726415712\",\"full_name\":\"Pamela Sawayn\",\"description\":\"Electa Collier\"}',NULL,0,'pending',NULL,'2024-01-06 17:17:17','2024-01-06 17:17:17',NULL),(6,4,0.00,1370.00,5998.00,'USD','','{\"name\":\"Candace Block\",\"number\":\"+18726415712\",\"full_name\":\"Pamela Sawayn\",\"description\":\"Electa Collier\"}',NULL,0,'completed',NULL,'2024-01-06 17:17:18','2024-01-06 17:17:18',NULL),(7,5,0.00,1551.00,13042.00,'USD','','{\"name\":\"Hoyt Paucek\",\"number\":\"+14132760647\",\"full_name\":\"Mrs. Colleen Schroeder I\",\"description\":\"Prof. Vern Boyer Jr.\"}',NULL,0,'pending',NULL,'2024-01-06 17:17:18','2024-01-06 17:17:18',NULL),(8,5,0.00,2216.00,11491.00,'USD','','{\"name\":\"Hoyt Paucek\",\"number\":\"+14132760647\",\"full_name\":\"Mrs. Colleen Schroeder I\",\"description\":\"Prof. Vern Boyer Jr.\"}',NULL,0,'completed',NULL,'2024-01-06 17:17:19','2024-01-06 17:17:19',NULL),(9,5,0.00,3039.00,9275.00,'USD','','{\"name\":\"Hoyt Paucek\",\"number\":\"+14132760647\",\"full_name\":\"Mrs. Colleen Schroeder I\",\"description\":\"Prof. Vern Boyer Jr.\"}',NULL,0,'completed',NULL,'2024-01-06 17:17:19','2024-01-06 17:17:19',NULL),(10,5,0.00,1360.00,6236.00,'USD','','{\"name\":\"Hoyt Paucek\",\"number\":\"+14132760647\",\"full_name\":\"Mrs. Colleen Schroeder I\",\"description\":\"Prof. Vern Boyer Jr.\"}',NULL,0,'pending',NULL,'2024-01-06 17:17:20','2024-01-06 17:17:20',NULL),(11,6,0.00,1360.00,5994.50,'USD','','{\"name\":\"Dr. Garth Schaden\",\"number\":\"+15026237954\",\"full_name\":\"Ms. Serena Frami\",\"description\":\"Ella Kuhlman\"}',NULL,0,'processing',NULL,'2024-01-06 17:17:20','2024-01-06 17:17:20',NULL),(12,6,0.00,161.00,4634.50,'USD','','{\"name\":\"Dr. Garth Schaden\",\"number\":\"+15026237954\",\"full_name\":\"Ms. Serena Frami\",\"description\":\"Ella Kuhlman\"}',NULL,0,'completed',NULL,'2024-01-06 17:17:21','2024-01-06 17:17:21',NULL),(13,7,0.00,1743.00,10403.00,'USD','','{\"name\":\"Miss Vita Gerlach\",\"number\":\"+12123106137\",\"full_name\":\"Dr. Gracie Romaguera\",\"description\":\"Dr. Stuart Dicki PhD\"}',NULL,0,'pending',NULL,'2024-01-06 17:17:21','2024-01-06 17:17:21',NULL),(14,7,0.00,1731.00,8660.00,'USD','','{\"name\":\"Miss Vita Gerlach\",\"number\":\"+12123106137\",\"full_name\":\"Dr. Gracie Romaguera\",\"description\":\"Dr. Stuart Dicki PhD\"}',NULL,0,'completed',NULL,'2024-01-06 17:17:22','2024-01-06 17:17:22',NULL),(15,7,0.00,1214.00,6929.00,'USD','','{\"name\":\"Miss Vita Gerlach\",\"number\":\"+12123106137\",\"full_name\":\"Dr. Gracie Romaguera\",\"description\":\"Dr. Stuart Dicki PhD\"}',NULL,0,'pending',NULL,'2024-01-06 17:17:22','2024-01-06 17:17:22',NULL),(16,7,0.00,1845.00,5715.00,'USD','','{\"name\":\"Miss Vita Gerlach\",\"number\":\"+12123106137\",\"full_name\":\"Dr. Gracie Romaguera\",\"description\":\"Dr. Stuart Dicki PhD\"}',NULL,0,'pending',NULL,'2024-01-06 17:17:23','2024-01-06 17:17:23',NULL),(17,8,0.00,2354.00,8540.00,'USD','','{\"name\":\"Irwin Lakin Jr.\",\"number\":\"+12084976818\",\"full_name\":\"Major Wolf\",\"description\":\"Dr. Milton Beatty\"}',NULL,0,'completed',NULL,'2024-01-06 17:17:24','2024-01-06 17:17:24',NULL),(18,8,0.00,1414.00,6186.00,'USD','','{\"name\":\"Irwin Lakin Jr.\",\"number\":\"+12084976818\",\"full_name\":\"Major Wolf\",\"description\":\"Dr. Milton Beatty\"}',NULL,0,'pending',NULL,'2024-01-06 17:17:24','2024-01-06 17:17:24',NULL),(19,8,0.00,15.00,4772.00,'USD','','{\"name\":\"Irwin Lakin Jr.\",\"number\":\"+12084976818\",\"full_name\":\"Major Wolf\",\"description\":\"Dr. Milton Beatty\"}',NULL,0,'pending',NULL,'2024-01-06 17:17:25','2024-01-06 17:17:25',NULL);
/*!40000 ALTER TABLE `mp_customer_withdrawals` ENABLE KEYS */;
UNLOCK TABLES;

--
-- Table structure for table `mp_stores`
--

DROP TABLE IF EXISTS `mp_stores`;
/*!40101 SET @saved_cs_client     = @@character_set_client */;
/*!50503 SET character_set_client = utf8mb4 */;
CREATE TABLE `mp_stores` (
  `id` bigint unsigned NOT NULL AUTO_INCREMENT,
  `name` varchar(255) COLLATE utf8mb4_unicode_ci NOT NULL,
  `email` varchar(60) COLLATE utf8mb4_unicode_ci DEFAULT NULL,
  `phone` varchar(20) COLLATE utf8mb4_unicode_ci DEFAULT NULL,
  `address` varchar(255) COLLATE utf8mb4_unicode_ci DEFAULT NULL,
  `country` varchar(120) COLLATE utf8mb4_unicode_ci DEFAULT NULL,
  `state` varchar(120) COLLATE utf8mb4_unicode_ci DEFAULT NULL,
  `city` varchar(120) COLLATE utf8mb4_unicode_ci DEFAULT NULL,
  `customer_id` bigint unsigned DEFAULT NULL,
  `logo` varchar(255) COLLATE utf8mb4_unicode_ci DEFAULT NULL,
  `description` varchar(400) COLLATE utf8mb4_unicode_ci DEFAULT NULL,
  `content` longtext COLLATE utf8mb4_unicode_ci,
  `status` varchar(60) COLLATE utf8mb4_unicode_ci NOT NULL DEFAULT 'published',
  `vendor_verified_at` datetime DEFAULT NULL,
  `created_at` timestamp NULL DEFAULT NULL,
  `updated_at` timestamp NULL DEFAULT NULL,
  `zip_code` varchar(20) COLLATE utf8mb4_unicode_ci DEFAULT NULL,
  `company` varchar(255) COLLATE utf8mb4_unicode_ci DEFAULT NULL,
  PRIMARY KEY (`id`)
) ENGINE=InnoDB AUTO_INCREMENT=9 DEFAULT CHARSET=utf8mb4 COLLATE=utf8mb4_unicode_ci;
/*!40101 SET character_set_client = @saved_cs_client */;

--
-- Dumping data for table `mp_stores`
--

LOCK TABLES `mp_stores` WRITE;
/*!40000 ALTER TABLE `mp_stores` DISABLE KEYS */;
INSERT INTO `mp_stores` VALUES (1,'GoPro','reichert.joel@example.com','+15852782936','5260 Maye Crossroad','LY','Utah','South Yvetteberg',1,'stores/1.png','Labore rem qui omnis sit illum voluptas sit. Est odit voluptas repellat dolorem magni distinctio totam. Provident qui tempore earum in eum fugiat quas. Veritatis molestiae aspernatur eum corporis distinctio magnam et. Cupiditate dolor vero totam qui. Non temporibus ad veniam labore quo enim dolor. Eius laboriosam et ad.','<p>I have seen many people underestimating the power of their wallets. To them, they are just a functional item they use to carry. As a result, they often end up with the wallets which are not really suitable for them.</p>\n\n<p>You should pay more attention when you choose your wallets. There are a lot of them on the market with the different designs and styles. When you choose carefully, you would be able to buy a wallet that is catered to your needs. Not to mention that it will help to enhance your style significantly.</p>\n\n<p style=\"text-align:center;\"><img alt=\"f4\" src=\"/storage/news/1.jpg\"></p>\n\n<p><br>\n </p>\n\n<p><strong><em>For all of the reason above, here are 7 expert tips to help you pick up the right men’s wallet for you:</em></strong></p>\n\n<h4><strong>Number 1: Choose A Neat Wallet</strong></h4>\n\n<p>The wallet is an essential accessory that you should go simple. Simplicity is the best in this case. A simple and neat wallet with the plain color and even <strong>minimalist style</strong> is versatile. It can be used for both formal and casual events. In addition, that wallet will go well with most of the clothes in your wardrobe.</p>\n\n<p>Keep in mind that a wallet will tell other people about your personality and your fashion sense as much as other clothes you put on. Hence, don’t go cheesy on your wallet or else people will think that you have a funny and particular style.</p>\n\n<p style=\"text-align:center;\"><img alt=\"f5\" src=\"/storage/news/2.jpg\"></p>\n\n<p><br>\n </p>\n<hr>\n<h4><strong>Number 2: Choose The Right Size For Your Wallet</strong></h4>\n\n<p>You should avoid having an over-sized wallet. Don’t think that you need to buy a big wallet because you have a lot to carry with you. In addition, a fat wallet is very ugly. It will make it harder for you to slide the wallet into your trousers’ pocket. In addition, it will create a bulge and ruin your look.</p>\n\n<p>Before you go on to buy a new wallet, clean out your wallet and place all the items from your wallet on a table. Throw away things that you would never need any more such as the old bills or the expired gift cards. Remember to check your wallet on a frequent basis to get rid of all of the old stuff that you don’t need anymore.</p>\n\n<p style=\"text-align:center;\"><img alt=\"f1\" src=\"/storage/news/3.jpg\"></p>\n\n<p><br>\n </p>\n\n<hr>\n<h4><strong>Number 3: Don’t Limit Your Options Of Materials</strong></h4>\n\n<p>The types and designs of wallets are not the only things that you should consider when you go out searching for your best wallet. You have more than 1 option of material rather than leather to choose from as well.</p>\n\n<p>You can experiment with other available options such as cotton, polyester and canvas. They all have their own pros and cons. As a result, they will be suitable for different needs and requirements. You should think about them all in order to choose the material which you would like the most.</p>\n\n<p style=\"text-align:center;\"><img alt=\"f6\" src=\"/storage/news/4.jpg\"></p>\n\n<p><br>\n </p>\n\n<hr>\n<h4><strong>Number 4: Consider A Wallet As A Long Term Investment</strong></h4>\n\n<p>Your wallet is indeed an investment that you should consider spending a decent amount of time and effort on it. Another factor that you need to consider is how much you want to spend on your wallet. The price ranges of wallets on the market vary a great deal. You can find a wallet which is as cheap as about 5 to 7 dollars. On the other hand, you should expect to pay around 250 to 300 dollars for a high-quality wallet.</p>\n\n<p>In case you need a wallet to use for a long time, it is a good idea that you should invest a decent amount of money on a wallet. A high quality wallet from a reputational brand with the premium quality such as cowhide leather will last for a long time. In addition, it is an accessory to show off your fashion sense and your social status.</p>\n\n<p style=\"text-align:center;\"><img alt=\"f2\" src=\"/storage/news/5.jpg\"></p>\n\n<p> </p>\n','published',NULL,'2024-01-06 17:16:55','2024-01-06 17:16:55',NULL,NULL),(2,'Global Office','xreichert@example.com','+12699547538','78152 Runolfsdottir Mountain Apt. 894','VI','Nebraska','North Armandhaven',2,'stores/2.png','Doloribus dignissimos omnis odio. Rerum non molestiae est rerum. Ratione ea aspernatur molestiae non quae non. At rerum nesciunt illo est natus. Soluta quis dolores repudiandae est. Officia aut non debitis. Itaque dolor quidem itaque in voluptatum quisquam. Explicabo et tempore veniam.','<p>I have seen many people underestimating the power of their wallets. To them, they are just a functional item they use to carry. As a result, they often end up with the wallets which are not really suitable for them.</p>\n\n<p>You should pay more attention when you choose your wallets. There are a lot of them on the market with the different designs and styles. When you choose carefully, you would be able to buy a wallet that is catered to your needs. Not to mention that it will help to enhance your style significantly.</p>\n\n<p style=\"text-align:center;\"><img alt=\"f4\" src=\"/storage/news/1.jpg\"></p>\n\n<p><br>\n </p>\n\n<p><strong><em>For all of the reason above, here are 7 expert tips to help you pick up the right men’s wallet for you:</em></strong></p>\n\n<h4><strong>Number 1: Choose A Neat Wallet</strong></h4>\n\n<p>The wallet is an essential accessory that you should go simple. Simplicity is the best in this case. A simple and neat wallet with the plain color and even <strong>minimalist style</strong> is versatile. It can be used for both formal and casual events. In addition, that wallet will go well with most of the clothes in your wardrobe.</p>\n\n<p>Keep in mind that a wallet will tell other people about your personality and your fashion sense as much as other clothes you put on. Hence, don’t go cheesy on your wallet or else people will think that you have a funny and particular style.</p>\n\n<p style=\"text-align:center;\"><img alt=\"f5\" src=\"/storage/news/2.jpg\"></p>\n\n<p><br>\n </p>\n<hr>\n<h4><strong>Number 2: Choose The Right Size For Your Wallet</strong></h4>\n\n<p>You should avoid having an over-sized wallet. Don’t think that you need to buy a big wallet because you have a lot to carry with you. In addition, a fat wallet is very ugly. It will make it harder for you to slide the wallet into your trousers’ pocket. In addition, it will create a bulge and ruin your look.</p>\n\n<p>Before you go on to buy a new wallet, clean out your wallet and place all the items from your wallet on a table. Throw away things that you would never need any more such as the old bills or the expired gift cards. Remember to check your wallet on a frequent basis to get rid of all of the old stuff that you don’t need anymore.</p>\n\n<p style=\"text-align:center;\"><img alt=\"f1\" src=\"/storage/news/3.jpg\"></p>\n\n<p><br>\n </p>\n\n<hr>\n<h4><strong>Number 3: Don’t Limit Your Options Of Materials</strong></h4>\n\n<p>The types and designs of wallets are not the only things that you should consider when you go out searching for your best wallet. You have more than 1 option of material rather than leather to choose from as well.</p>\n\n<p>You can experiment with other available options such as cotton, polyester and canvas. They all have their own pros and cons. As a result, they will be suitable for different needs and requirements. You should think about them all in order to choose the material which you would like the most.</p>\n\n<p style=\"text-align:center;\"><img alt=\"f6\" src=\"/storage/news/4.jpg\"></p>\n\n<p><br>\n </p>\n\n<hr>\n<h4><strong>Number 4: Consider A Wallet As A Long Term Investment</strong></h4>\n\n<p>Your wallet is indeed an investment that you should consider spending a decent amount of time and effort on it. Another factor that you need to consider is how much you want to spend on your wallet. The price ranges of wallets on the market vary a great deal. You can find a wallet which is as cheap as about 5 to 7 dollars. On the other hand, you should expect to pay around 250 to 300 dollars for a high-quality wallet.</p>\n\n<p>In case you need a wallet to use for a long time, it is a good idea that you should invest a decent amount of money on a wallet. A high quality wallet from a reputational brand with the premium quality such as cowhide leather will last for a long time. In addition, it is an accessory to show off your fashion sense and your social status.</p>\n\n<p style=\"text-align:center;\"><img alt=\"f2\" src=\"/storage/news/5.jpg\"></p>\n\n<p> </p>\n','published',NULL,'2024-01-06 17:16:55','2024-01-06 17:16:55',NULL,NULL),(3,'Young Shop','gsenger@example.com','+12209990007','33450 Joana Center Suite 156','SC','Washington','Kilbackport',3,'stores/3.png','Explicabo sint magnam esse rerum eius eveniet molestiae. Velit porro voluptas excepturi ex sit tenetur minima. Quia sunt id at distinctio ut autem alias et. Vero accusantium cumque necessitatibus consequatur provident. Reiciendis et mollitia est aut ut id. Ut impedit qui officiis facilis dolorem sit assumenda.','<p>I have seen many people underestimating the power of their wallets. To them, they are just a functional item they use to carry. As a result, they often end up with the wallets which are not really suitable for them.</p>\n\n<p>You should pay more attention when you choose your wallets. There are a lot of them on the market with the different designs and styles. When you choose carefully, you would be able to buy a wallet that is catered to your needs. Not to mention that it will help to enhance your style significantly.</p>\n\n<p style=\"text-align:center;\"><img alt=\"f4\" src=\"/storage/news/1.jpg\"></p>\n\n<p><br>\n </p>\n\n<p><strong><em>For all of the reason above, here are 7 expert tips to help you pick up the right men’s wallet for you:</em></strong></p>\n\n<h4><strong>Number 1: Choose A Neat Wallet</strong></h4>\n\n<p>The wallet is an essential accessory that you should go simple. Simplicity is the best in this case. A simple and neat wallet with the plain color and even <strong>minimalist style</strong> is versatile. It can be used for both formal and casual events. In addition, that wallet will go well with most of the clothes in your wardrobe.</p>\n\n<p>Keep in mind that a wallet will tell other people about your personality and your fashion sense as much as other clothes you put on. Hence, don’t go cheesy on your wallet or else people will think that you have a funny and particular style.</p>\n\n<p style=\"text-align:center;\"><img alt=\"f5\" src=\"/storage/news/2.jpg\"></p>\n\n<p><br>\n </p>\n<hr>\n<h4><strong>Number 2: Choose The Right Size For Your Wallet</strong></h4>\n\n<p>You should avoid having an over-sized wallet. Don’t think that you need to buy a big wallet because you have a lot to carry with you. In addition, a fat wallet is very ugly. It will make it harder for you to slide the wallet into your trousers’ pocket. In addition, it will create a bulge and ruin your look.</p>\n\n<p>Before you go on to buy a new wallet, clean out your wallet and place all the items from your wallet on a table. Throw away things that you would never need any more such as the old bills or the expired gift cards. Remember to check your wallet on a frequent basis to get rid of all of the old stuff that you don’t need anymore.</p>\n\n<p style=\"text-align:center;\"><img alt=\"f1\" src=\"/storage/news/3.jpg\"></p>\n\n<p><br>\n </p>\n\n<hr>\n<h4><strong>Number 3: Don’t Limit Your Options Of Materials</strong></h4>\n\n<p>The types and designs of wallets are not the only things that you should consider when you go out searching for your best wallet. You have more than 1 option of material rather than leather to choose from as well.</p>\n\n<p>You can experiment with other available options such as cotton, polyester and canvas. They all have their own pros and cons. As a result, they will be suitable for different needs and requirements. You should think about them all in order to choose the material which you would like the most.</p>\n\n<p style=\"text-align:center;\"><img alt=\"f6\" src=\"/storage/news/4.jpg\"></p>\n\n<p><br>\n </p>\n\n<hr>\n<h4><strong>Number 4: Consider A Wallet As A Long Term Investment</strong></h4>\n\n<p>Your wallet is indeed an investment that you should consider spending a decent amount of time and effort on it. Another factor that you need to consider is how much you want to spend on your wallet. The price ranges of wallets on the market vary a great deal. You can find a wallet which is as cheap as about 5 to 7 dollars. On the other hand, you should expect to pay around 250 to 300 dollars for a high-quality wallet.</p>\n\n<p>In case you need a wallet to use for a long time, it is a good idea that you should invest a decent amount of money on a wallet. A high quality wallet from a reputational brand with the premium quality such as cowhide leather will last for a long time. In addition, it is an accessory to show off your fashion sense and your social status.</p>\n\n<p style=\"text-align:center;\"><img alt=\"f2\" src=\"/storage/news/5.jpg\"></p>\n\n<p> </p>\n','published',NULL,'2024-01-06 17:16:55','2024-01-06 17:16:55',NULL,NULL),(4,'Global Store','angela.anderson@example.net','+16186874505','72849 Langosh Burgs Suite 259','ES','New Mexico','North Idella',4,'stores/4.png','Velit repellendus dolores maxime voluptatibus. Est rem et fuga dolor dolorem. Sed voluptas eum necessitatibus commodi sint numquam vel. Necessitatibus est qui omnis quas ipsum recusandae quia velit. Quos ratione molestiae saepe ratione. Aut qui voluptatibus laudantium aut laboriosam quisquam. Voluptatem nostrum perspiciatis corrupti enim.','<p>I have seen many people underestimating the power of their wallets. To them, they are just a functional item they use to carry. As a result, they often end up with the wallets which are not really suitable for them.</p>\n\n<p>You should pay more attention when you choose your wallets. There are a lot of them on the market with the different designs and styles. When you choose carefully, you would be able to buy a wallet that is catered to your needs. Not to mention that it will help to enhance your style significantly.</p>\n\n<p style=\"text-align:center;\"><img alt=\"f4\" src=\"/storage/news/1.jpg\"></p>\n\n<p><br>\n </p>\n\n<p><strong><em>For all of the reason above, here are 7 expert tips to help you pick up the right men’s wallet for you:</em></strong></p>\n\n<h4><strong>Number 1: Choose A Neat Wallet</strong></h4>\n\n<p>The wallet is an essential accessory that you should go simple. Simplicity is the best in this case. A simple and neat wallet with the plain color and even <strong>minimalist style</strong> is versatile. It can be used for both formal and casual events. In addition, that wallet will go well with most of the clothes in your wardrobe.</p>\n\n<p>Keep in mind that a wallet will tell other people about your personality and your fashion sense as much as other clothes you put on. Hence, don’t go cheesy on your wallet or else people will think that you have a funny and particular style.</p>\n\n<p style=\"text-align:center;\"><img alt=\"f5\" src=\"/storage/news/2.jpg\"></p>\n\n<p><br>\n </p>\n<hr>\n<h4><strong>Number 2: Choose The Right Size For Your Wallet</strong></h4>\n\n<p>You should avoid having an over-sized wallet. Don’t think that you need to buy a big wallet because you have a lot to carry with you. In addition, a fat wallet is very ugly. It will make it harder for you to slide the wallet into your trousers’ pocket. In addition, it will create a bulge and ruin your look.</p>\n\n<p>Before you go on to buy a new wallet, clean out your wallet and place all the items from your wallet on a table. Throw away things that you would never need any more such as the old bills or the expired gift cards. Remember to check your wallet on a frequent basis to get rid of all of the old stuff that you don’t need anymore.</p>\n\n<p style=\"text-align:center;\"><img alt=\"f1\" src=\"/storage/news/3.jpg\"></p>\n\n<p><br>\n </p>\n\n<hr>\n<h4><strong>Number 3: Don’t Limit Your Options Of Materials</strong></h4>\n\n<p>The types and designs of wallets are not the only things that you should consider when you go out searching for your best wallet. You have more than 1 option of material rather than leather to choose from as well.</p>\n\n<p>You can experiment with other available options such as cotton, polyester and canvas. They all have their own pros and cons. As a result, they will be suitable for different needs and requirements. You should think about them all in order to choose the material which you would like the most.</p>\n\n<p style=\"text-align:center;\"><img alt=\"f6\" src=\"/storage/news/4.jpg\"></p>\n\n<p><br>\n </p>\n\n<hr>\n<h4><strong>Number 4: Consider A Wallet As A Long Term Investment</strong></h4>\n\n<p>Your wallet is indeed an investment that you should consider spending a decent amount of time and effort on it. Another factor that you need to consider is how much you want to spend on your wallet. The price ranges of wallets on the market vary a great deal. You can find a wallet which is as cheap as about 5 to 7 dollars. On the other hand, you should expect to pay around 250 to 300 dollars for a high-quality wallet.</p>\n\n<p>In case you need a wallet to use for a long time, it is a good idea that you should invest a decent amount of money on a wallet. A high quality wallet from a reputational brand with the premium quality such as cowhide leather will last for a long time. In addition, it is an accessory to show off your fashion sense and your social status.</p>\n\n<p style=\"text-align:center;\"><img alt=\"f2\" src=\"/storage/news/5.jpg\"></p>\n\n<p> </p>\n','published',NULL,'2024-01-06 17:16:55','2024-01-06 17:16:55',NULL,NULL),(5,'Robert’s Store','chase.runolfsson@example.net','+13642665522','979 Goodwin Run Apt. 604','LR','Maryland','Margarettachester',5,'stores/5.png','Ab velit earum molestiae esse laborum. Distinctio recusandae nobis voluptatem similique. Aliquam unde alias ea quia voluptatum. Sit sed deserunt expedita autem consectetur iste. Quam rem eveniet neque vitae officia perferendis eos. Qui ut quisquam facere laborum soluta. Et iusto ipsum et officia. Culpa doloribus esse fugiat tenetur officiis sint.','<p>I have seen many people underestimating the power of their wallets. To them, they are just a functional item they use to carry. As a result, they often end up with the wallets which are not really suitable for them.</p>\n\n<p>You should pay more attention when you choose your wallets. There are a lot of them on the market with the different designs and styles. When you choose carefully, you would be able to buy a wallet that is catered to your needs. Not to mention that it will help to enhance your style significantly.</p>\n\n<p style=\"text-align:center;\"><img alt=\"f4\" src=\"/storage/news/1.jpg\"></p>\n\n<p><br>\n </p>\n\n<p><strong><em>For all of the reason above, here are 7 expert tips to help you pick up the right men’s wallet for you:</em></strong></p>\n\n<h4><strong>Number 1: Choose A Neat Wallet</strong></h4>\n\n<p>The wallet is an essential accessory that you should go simple. Simplicity is the best in this case. A simple and neat wallet with the plain color and even <strong>minimalist style</strong> is versatile. It can be used for both formal and casual events. In addition, that wallet will go well with most of the clothes in your wardrobe.</p>\n\n<p>Keep in mind that a wallet will tell other people about your personality and your fashion sense as much as other clothes you put on. Hence, don’t go cheesy on your wallet or else people will think that you have a funny and particular style.</p>\n\n<p style=\"text-align:center;\"><img alt=\"f5\" src=\"/storage/news/2.jpg\"></p>\n\n<p><br>\n </p>\n<hr>\n<h4><strong>Number 2: Choose The Right Size For Your Wallet</strong></h4>\n\n<p>You should avoid having an over-sized wallet. Don’t think that you need to buy a big wallet because you have a lot to carry with you. In addition, a fat wallet is very ugly. It will make it harder for you to slide the wallet into your trousers’ pocket. In addition, it will create a bulge and ruin your look.</p>\n\n<p>Before you go on to buy a new wallet, clean out your wallet and place all the items from your wallet on a table. Throw away things that you would never need any more such as the old bills or the expired gift cards. Remember to check your wallet on a frequent basis to get rid of all of the old stuff that you don’t need anymore.</p>\n\n<p style=\"text-align:center;\"><img alt=\"f1\" src=\"/storage/news/3.jpg\"></p>\n\n<p><br>\n </p>\n\n<hr>\n<h4><strong>Number 3: Don’t Limit Your Options Of Materials</strong></h4>\n\n<p>The types and designs of wallets are not the only things that you should consider when you go out searching for your best wallet. You have more than 1 option of material rather than leather to choose from as well.</p>\n\n<p>You can experiment with other available options such as cotton, polyester and canvas. They all have their own pros and cons. As a result, they will be suitable for different needs and requirements. You should think about them all in order to choose the material which you would like the most.</p>\n\n<p style=\"text-align:center;\"><img alt=\"f6\" src=\"/storage/news/4.jpg\"></p>\n\n<p><br>\n </p>\n\n<hr>\n<h4><strong>Number 4: Consider A Wallet As A Long Term Investment</strong></h4>\n\n<p>Your wallet is indeed an investment that you should consider spending a decent amount of time and effort on it. Another factor that you need to consider is how much you want to spend on your wallet. The price ranges of wallets on the market vary a great deal. You can find a wallet which is as cheap as about 5 to 7 dollars. On the other hand, you should expect to pay around 250 to 300 dollars for a high-quality wallet.</p>\n\n<p>In case you need a wallet to use for a long time, it is a good idea that you should invest a decent amount of money on a wallet. A high quality wallet from a reputational brand with the premium quality such as cowhide leather will last for a long time. In addition, it is an accessory to show off your fashion sense and your social status.</p>\n\n<p style=\"text-align:center;\"><img alt=\"f2\" src=\"/storage/news/5.jpg\"></p>\n\n<p> </p>\n','published',NULL,'2024-01-06 17:16:55','2024-01-06 17:16:55',NULL,NULL),(6,'Stouffer','ckeebler@example.org','+19409675731','332 Salvador Fort','FO','New York','Vanessaborough',6,'stores/6.png','Architecto adipisci ut assumenda assumenda autem consequatur. Reiciendis quia praesentium harum est. Molestiae voluptatem voluptatem odio facere rerum cupiditate nesciunt. Dolorem fugit amet ullam quibusdam sit culpa dolore.','<p>I have seen many people underestimating the power of their wallets. To them, they are just a functional item they use to carry. As a result, they often end up with the wallets which are not really suitable for them.</p>\n\n<p>You should pay more attention when you choose your wallets. There are a lot of them on the market with the different designs and styles. When you choose carefully, you would be able to buy a wallet that is catered to your needs. Not to mention that it will help to enhance your style significantly.</p>\n\n<p style=\"text-align:center;\"><img alt=\"f4\" src=\"/storage/news/1.jpg\"></p>\n\n<p><br>\n </p>\n\n<p><strong><em>For all of the reason above, here are 7 expert tips to help you pick up the right men’s wallet for you:</em></strong></p>\n\n<h4><strong>Number 1: Choose A Neat Wallet</strong></h4>\n\n<p>The wallet is an essential accessory that you should go simple. Simplicity is the best in this case. A simple and neat wallet with the plain color and even <strong>minimalist style</strong> is versatile. It can be used for both formal and casual events. In addition, that wallet will go well with most of the clothes in your wardrobe.</p>\n\n<p>Keep in mind that a wallet will tell other people about your personality and your fashion sense as much as other clothes you put on. Hence, don’t go cheesy on your wallet or else people will think that you have a funny and particular style.</p>\n\n<p style=\"text-align:center;\"><img alt=\"f5\" src=\"/storage/news/2.jpg\"></p>\n\n<p><br>\n </p>\n<hr>\n<h4><strong>Number 2: Choose The Right Size For Your Wallet</strong></h4>\n\n<p>You should avoid having an over-sized wallet. Don’t think that you need to buy a big wallet because you have a lot to carry with you. In addition, a fat wallet is very ugly. It will make it harder for you to slide the wallet into your trousers’ pocket. In addition, it will create a bulge and ruin your look.</p>\n\n<p>Before you go on to buy a new wallet, clean out your wallet and place all the items from your wallet on a table. Throw away things that you would never need any more such as the old bills or the expired gift cards. Remember to check your wallet on a frequent basis to get rid of all of the old stuff that you don’t need anymore.</p>\n\n<p style=\"text-align:center;\"><img alt=\"f1\" src=\"/storage/news/3.jpg\"></p>\n\n<p><br>\n </p>\n\n<hr>\n<h4><strong>Number 3: Don’t Limit Your Options Of Materials</strong></h4>\n\n<p>The types and designs of wallets are not the only things that you should consider when you go out searching for your best wallet. You have more than 1 option of material rather than leather to choose from as well.</p>\n\n<p>You can experiment with other available options such as cotton, polyester and canvas. They all have their own pros and cons. As a result, they will be suitable for different needs and requirements. You should think about them all in order to choose the material which you would like the most.</p>\n\n<p style=\"text-align:center;\"><img alt=\"f6\" src=\"/storage/news/4.jpg\"></p>\n\n<p><br>\n </p>\n\n<hr>\n<h4><strong>Number 4: Consider A Wallet As A Long Term Investment</strong></h4>\n\n<p>Your wallet is indeed an investment that you should consider spending a decent amount of time and effort on it. Another factor that you need to consider is how much you want to spend on your wallet. The price ranges of wallets on the market vary a great deal. You can find a wallet which is as cheap as about 5 to 7 dollars. On the other hand, you should expect to pay around 250 to 300 dollars for a high-quality wallet.</p>\n\n<p>In case you need a wallet to use for a long time, it is a good idea that you should invest a decent amount of money on a wallet. A high quality wallet from a reputational brand with the premium quality such as cowhide leather will last for a long time. In addition, it is an accessory to show off your fashion sense and your social status.</p>\n\n<p style=\"text-align:center;\"><img alt=\"f2\" src=\"/storage/news/5.jpg\"></p>\n\n<p> </p>\n','published',NULL,'2024-01-06 17:16:55','2024-01-06 17:16:55',NULL,NULL),(7,'StarKist','wtillman@example.com','+14585788844','27265 Douglas Walk','BL','Iowa','Colechester',7,'stores/7.png','Animi voluptatibus laborum velit rerum animi odio sed. Ipsum minima distinctio explicabo nam molestiae. Tempora laborum dolor ea quae. Voluptas ullam voluptatem distinctio rem ut. Enim dolores qui qui ipsam voluptates possimus repudiandae. Rerum necessitatibus ut qui sunt hic veniam. Accusantium libero qui perspiciatis qui. Odit repudiandae cumque in est.','<p>I have seen many people underestimating the power of their wallets. To them, they are just a functional item they use to carry. As a result, they often end up with the wallets which are not really suitable for them.</p>\n\n<p>You should pay more attention when you choose your wallets. There are a lot of them on the market with the different designs and styles. When you choose carefully, you would be able to buy a wallet that is catered to your needs. Not to mention that it will help to enhance your style significantly.</p>\n\n<p style=\"text-align:center;\"><img alt=\"f4\" src=\"/storage/news/1.jpg\"></p>\n\n<p><br>\n </p>\n\n<p><strong><em>For all of the reason above, here are 7 expert tips to help you pick up the right men’s wallet for you:</em></strong></p>\n\n<h4><strong>Number 1: Choose A Neat Wallet</strong></h4>\n\n<p>The wallet is an essential accessory that you should go simple. Simplicity is the best in this case. A simple and neat wallet with the plain color and even <strong>minimalist style</strong> is versatile. It can be used for both formal and casual events. In addition, that wallet will go well with most of the clothes in your wardrobe.</p>\n\n<p>Keep in mind that a wallet will tell other people about your personality and your fashion sense as much as other clothes you put on. Hence, don’t go cheesy on your wallet or else people will think that you have a funny and particular style.</p>\n\n<p style=\"text-align:center;\"><img alt=\"f5\" src=\"/storage/news/2.jpg\"></p>\n\n<p><br>\n </p>\n<hr>\n<h4><strong>Number 2: Choose The Right Size For Your Wallet</strong></h4>\n\n<p>You should avoid having an over-sized wallet. Don’t think that you need to buy a big wallet because you have a lot to carry with you. In addition, a fat wallet is very ugly. It will make it harder for you to slide the wallet into your trousers’ pocket. In addition, it will create a bulge and ruin your look.</p>\n\n<p>Before you go on to buy a new wallet, clean out your wallet and place all the items from your wallet on a table. Throw away things that you would never need any more such as the old bills or the expired gift cards. Remember to check your wallet on a frequent basis to get rid of all of the old stuff that you don’t need anymore.</p>\n\n<p style=\"text-align:center;\"><img alt=\"f1\" src=\"/storage/news/3.jpg\"></p>\n\n<p><br>\n </p>\n\n<hr>\n<h4><strong>Number 3: Don’t Limit Your Options Of Materials</strong></h4>\n\n<p>The types and designs of wallets are not the only things that you should consider when you go out searching for your best wallet. You have more than 1 option of material rather than leather to choose from as well.</p>\n\n<p>You can experiment with other available options such as cotton, polyester and canvas. They all have their own pros and cons. As a result, they will be suitable for different needs and requirements. You should think about them all in order to choose the material which you would like the most.</p>\n\n<p style=\"text-align:center;\"><img alt=\"f6\" src=\"/storage/news/4.jpg\"></p>\n\n<p><br>\n </p>\n\n<hr>\n<h4><strong>Number 4: Consider A Wallet As A Long Term Investment</strong></h4>\n\n<p>Your wallet is indeed an investment that you should consider spending a decent amount of time and effort on it. Another factor that you need to consider is how much you want to spend on your wallet. The price ranges of wallets on the market vary a great deal. You can find a wallet which is as cheap as about 5 to 7 dollars. On the other hand, you should expect to pay around 250 to 300 dollars for a high-quality wallet.</p>\n\n<p>In case you need a wallet to use for a long time, it is a good idea that you should invest a decent amount of money on a wallet. A high quality wallet from a reputational brand with the premium quality such as cowhide leather will last for a long time. In addition, it is an accessory to show off your fashion sense and your social status.</p>\n\n<p style=\"text-align:center;\"><img alt=\"f2\" src=\"/storage/news/5.jpg\"></p>\n\n<p> </p>\n','published',NULL,'2024-01-06 17:16:55','2024-01-06 17:16:55',NULL,NULL),(8,'Old El Paso','robel.lonnie@example.com','+19735042974','835 Nader Springs Apt. 753','ID','Oregon','North Marquesberg',8,'stores/8.png','Enim consequatur vel aspernatur eaque sunt laboriosam. Iure dolore nemo maxime. Veniam iste totam necessitatibus cupiditate similique dolorum quo provident. Rem aspernatur cupiditate nemo dolores.','<p>I have seen many people underestimating the power of their wallets. To them, they are just a functional item they use to carry. As a result, they often end up with the wallets which are not really suitable for them.</p>\n\n<p>You should pay more attention when you choose your wallets. There are a lot of them on the market with the different designs and styles. When you choose carefully, you would be able to buy a wallet that is catered to your needs. Not to mention that it will help to enhance your style significantly.</p>\n\n<p style=\"text-align:center;\"><img alt=\"f4\" src=\"/storage/news/1.jpg\"></p>\n\n<p><br>\n </p>\n\n<p><strong><em>For all of the reason above, here are 7 expert tips to help you pick up the right men’s wallet for you:</em></strong></p>\n\n<h4><strong>Number 1: Choose A Neat Wallet</strong></h4>\n\n<p>The wallet is an essential accessory that you should go simple. Simplicity is the best in this case. A simple and neat wallet with the plain color and even <strong>minimalist style</strong> is versatile. It can be used for both formal and casual events. In addition, that wallet will go well with most of the clothes in your wardrobe.</p>\n\n<p>Keep in mind that a wallet will tell other people about your personality and your fashion sense as much as other clothes you put on. Hence, don’t go cheesy on your wallet or else people will think that you have a funny and particular style.</p>\n\n<p style=\"text-align:center;\"><img alt=\"f5\" src=\"/storage/news/2.jpg\"></p>\n\n<p><br>\n </p>\n<hr>\n<h4><strong>Number 2: Choose The Right Size For Your Wallet</strong></h4>\n\n<p>You should avoid having an over-sized wallet. Don’t think that you need to buy a big wallet because you have a lot to carry with you. In addition, a fat wallet is very ugly. It will make it harder for you to slide the wallet into your trousers’ pocket. In addition, it will create a bulge and ruin your look.</p>\n\n<p>Before you go on to buy a new wallet, clean out your wallet and place all the items from your wallet on a table. Throw away things that you would never need any more such as the old bills or the expired gift cards. Remember to check your wallet on a frequent basis to get rid of all of the old stuff that you don’t need anymore.</p>\n\n<p style=\"text-align:center;\"><img alt=\"f1\" src=\"/storage/news/3.jpg\"></p>\n\n<p><br>\n </p>\n\n<hr>\n<h4><strong>Number 3: Don’t Limit Your Options Of Materials</strong></h4>\n\n<p>The types and designs of wallets are not the only things that you should consider when you go out searching for your best wallet. You have more than 1 option of material rather than leather to choose from as well.</p>\n\n<p>You can experiment with other available options such as cotton, polyester and canvas. They all have their own pros and cons. As a result, they will be suitable for different needs and requirements. You should think about them all in order to choose the material which you would like the most.</p>\n\n<p style=\"text-align:center;\"><img alt=\"f6\" src=\"/storage/news/4.jpg\"></p>\n\n<p><br>\n </p>\n\n<hr>\n<h4><strong>Number 4: Consider A Wallet As A Long Term Investment</strong></h4>\n\n<p>Your wallet is indeed an investment that you should consider spending a decent amount of time and effort on it. Another factor that you need to consider is how much you want to spend on your wallet. The price ranges of wallets on the market vary a great deal. You can find a wallet which is as cheap as about 5 to 7 dollars. On the other hand, you should expect to pay around 250 to 300 dollars for a high-quality wallet.</p>\n\n<p>In case you need a wallet to use for a long time, it is a good idea that you should invest a decent amount of money on a wallet. A high quality wallet from a reputational brand with the premium quality such as cowhide leather will last for a long time. In addition, it is an accessory to show off your fashion sense and your social status.</p>\n\n<p style=\"text-align:center;\"><img alt=\"f2\" src=\"/storage/news/5.jpg\"></p>\n\n<p> </p>\n','published',NULL,'2024-01-06 17:16:55','2024-01-06 17:16:55',NULL,NULL);
/*!40000 ALTER TABLE `mp_stores` ENABLE KEYS */;
UNLOCK TABLES;

--
-- Table structure for table `mp_stores_translations`
--

DROP TABLE IF EXISTS `mp_stores_translations`;
/*!40101 SET @saved_cs_client     = @@character_set_client */;
/*!50503 SET character_set_client = utf8mb4 */;
CREATE TABLE `mp_stores_translations` (
  `lang_code` varchar(191) COLLATE utf8mb4_unicode_ci NOT NULL,
  `mp_stores_id` bigint unsigned NOT NULL,
  `name` varchar(255) COLLATE utf8mb4_unicode_ci DEFAULT NULL,
  `description` varchar(400) COLLATE utf8mb4_unicode_ci DEFAULT NULL,
  `content` longtext COLLATE utf8mb4_unicode_ci,
  `address` varchar(255) COLLATE utf8mb4_unicode_ci DEFAULT NULL,
  `company` varchar(255) COLLATE utf8mb4_unicode_ci DEFAULT NULL,
  PRIMARY KEY (`lang_code`,`mp_stores_id`)
) ENGINE=InnoDB DEFAULT CHARSET=utf8mb4 COLLATE=utf8mb4_unicode_ci;
/*!40101 SET character_set_client = @saved_cs_client */;

--
-- Dumping data for table `mp_stores_translations`
--

LOCK TABLES `mp_stores_translations` WRITE;
/*!40000 ALTER TABLE `mp_stores_translations` DISABLE KEYS */;
/*!40000 ALTER TABLE `mp_stores_translations` ENABLE KEYS */;
UNLOCK TABLES;

--
-- Table structure for table `mp_vendor_info`
--

DROP TABLE IF EXISTS `mp_vendor_info`;
/*!40101 SET @saved_cs_client     = @@character_set_client */;
/*!50503 SET character_set_client = utf8mb4 */;
CREATE TABLE `mp_vendor_info` (
  `id` bigint unsigned NOT NULL AUTO_INCREMENT,
  `customer_id` bigint unsigned NOT NULL DEFAULT '0',
  `balance` decimal(15,2) NOT NULL DEFAULT '0.00',
  `total_fee` decimal(15,2) NOT NULL DEFAULT '0.00',
  `total_revenue` decimal(15,2) NOT NULL DEFAULT '0.00',
  `signature` varchar(255) COLLATE utf8mb4_unicode_ci DEFAULT NULL,
  `bank_info` text COLLATE utf8mb4_unicode_ci,
  `created_at` timestamp NULL DEFAULT NULL,
  `updated_at` timestamp NULL DEFAULT NULL,
  `payout_payment_method` varchar(120) COLLATE utf8mb4_unicode_ci DEFAULT 'bank_transfer',
  `tax_info` text COLLATE utf8mb4_unicode_ci,
  PRIMARY KEY (`id`)
) ENGINE=InnoDB AUTO_INCREMENT=9 DEFAULT CHARSET=utf8mb4 COLLATE=utf8mb4_unicode_ci;
/*!40101 SET character_set_client = @saved_cs_client */;

--
-- Dumping data for table `mp_vendor_info`
--

LOCK TABLES `mp_vendor_info` WRITE;
/*!40000 ALTER TABLE `mp_vendor_info` DISABLE KEYS */;
INSERT INTO `mp_vendor_info` VALUES (1,1,0.00,0.00,0.00,'$2y$12$xxXiqWK/Gj67XiVndMq1yenSNU8N58FICLiEjHcSwVd4wEWc7bV4e','{\"name\":\"Miss Ova Reilly Sr.\",\"number\":\"+14697751577\",\"full_name\":\"Dr. Wava Walker\",\"description\":\"Miss Linnea Rosenbaum II\"}','2024-01-06 17:16:53','2024-01-06 17:16:53','bank_transfer',NULL),(2,2,-1.00,0.00,0.00,'$2y$12$XvFG2B7ih.B/Tz4ViIAVzOMf.ebyXB.dqkELKiG1vGZtn63vTrPvG','{\"name\":\"America Torphy\",\"number\":\"+18652649831\",\"full_name\":\"Kaia Kilback\",\"description\":\"Milton Herman\"}','2024-01-06 17:16:53','2024-01-06 17:17:15','bank_transfer',NULL),(3,3,-1.00,0.00,0.00,'$2y$12$DWGeRbeXx9GwXhIi27jGB.YxMoBGIoU0r96O4Z4qXH9nibBI.bKPa','{\"name\":\"Melyssa Osinski\",\"number\":\"+17708873055\",\"full_name\":\"Dameon Schamberger\",\"description\":\"Shayna Greenholt V\"}','2024-01-06 17:16:53','2024-01-06 17:17:16','bank_transfer',NULL),(4,4,4628.00,0.00,9041.00,'$2y$12$Fb1IcugyQNExNZIB.UipXOB85DA2X3SF3jj8PYBOCH2cStCwfJYkO','{\"name\":\"Candace Block\",\"number\":\"+18726415712\",\"full_name\":\"Pamela Sawayn\",\"description\":\"Electa Collier\"}','2024-01-06 17:16:53','2024-01-06 17:17:18','bank_transfer',NULL),(5,5,4876.00,0.00,13042.00,'$2y$12$5KMkLxkH2CmvmO.oL6LjFebwVaeOBV3dvPgs2C0u./nRTYR2M/TAe','{\"name\":\"Hoyt Paucek\",\"number\":\"+14132760647\",\"full_name\":\"Mrs. Colleen Schroeder I\",\"description\":\"Prof. Vern Boyer Jr.\"}','2024-01-06 17:16:54','2024-01-06 17:17:20','bank_transfer',NULL),(6,6,4473.50,0.00,5994.50,'$2y$12$6INBA/RtjvFl1S4cgyr/1uQcYkatR0s9.sadlxw2XYjjORFlvjwni','{\"name\":\"Dr. Garth Schaden\",\"number\":\"+15026237954\",\"full_name\":\"Ms. Serena Frami\",\"description\":\"Ella Kuhlman\"}','2024-01-06 17:16:54','2024-01-06 17:17:21','bank_transfer',NULL),(7,7,3870.00,0.00,10403.00,'$2y$12$C8a9qFzkPMpw/S9EF8NGVepWpCzHFN3tr.qG3vgXWfMmZ4U3RgaTq','{\"name\":\"Miss Vita Gerlach\",\"number\":\"+12123106137\",\"full_name\":\"Dr. Gracie Romaguera\",\"description\":\"Dr. Stuart Dicki PhD\"}','2024-01-06 17:16:54','2024-01-06 17:17:24','bank_transfer',NULL),(8,8,4757.00,0.00,8540.00,'$2y$12$afzroBxTU1/5jNVcJR4xq.pjDSsm1vbgwltzCRJ5n6F8MFn/CM9Da','{\"name\":\"Irwin Lakin Jr.\",\"number\":\"+12084976818\",\"full_name\":\"Major Wolf\",\"description\":\"Dr. Milton Beatty\"}','2024-01-06 17:16:55','2024-01-06 17:17:25','bank_transfer',NULL);
/*!40000 ALTER TABLE `mp_vendor_info` ENABLE KEYS */;
UNLOCK TABLES;

--
-- Table structure for table `newsletters`
--

DROP TABLE IF EXISTS `newsletters`;
/*!40101 SET @saved_cs_client     = @@character_set_client */;
/*!50503 SET character_set_client = utf8mb4 */;
CREATE TABLE `newsletters` (
  `id` bigint unsigned NOT NULL AUTO_INCREMENT,
  `email` varchar(120) COLLATE utf8mb4_unicode_ci NOT NULL,
  `name` varchar(120) COLLATE utf8mb4_unicode_ci DEFAULT NULL,
  `status` varchar(60) COLLATE utf8mb4_unicode_ci NOT NULL DEFAULT 'subscribed',
  `created_at` timestamp NULL DEFAULT NULL,
  `updated_at` timestamp NULL DEFAULT NULL,
  PRIMARY KEY (`id`)
) ENGINE=InnoDB DEFAULT CHARSET=utf8mb4 COLLATE=utf8mb4_unicode_ci;
/*!40101 SET character_set_client = @saved_cs_client */;

--
-- Dumping data for table `newsletters`
--

LOCK TABLES `newsletters` WRITE;
/*!40000 ALTER TABLE `newsletters` DISABLE KEYS */;
/*!40000 ALTER TABLE `newsletters` ENABLE KEYS */;
UNLOCK TABLES;

--
-- Table structure for table `pages`
--

DROP TABLE IF EXISTS `pages`;
/*!40101 SET @saved_cs_client     = @@character_set_client */;
/*!50503 SET character_set_client = utf8mb4 */;
CREATE TABLE `pages` (
  `id` bigint unsigned NOT NULL AUTO_INCREMENT,
  `name` varchar(120) COLLATE utf8mb4_unicode_ci NOT NULL,
  `content` longtext COLLATE utf8mb4_unicode_ci,
  `user_id` bigint unsigned DEFAULT NULL,
  `image` varchar(255) COLLATE utf8mb4_unicode_ci DEFAULT NULL,
  `template` varchar(60) COLLATE utf8mb4_unicode_ci DEFAULT NULL,
  `description` varchar(400) COLLATE utf8mb4_unicode_ci DEFAULT NULL,
  `status` varchar(60) COLLATE utf8mb4_unicode_ci NOT NULL DEFAULT 'published',
  `created_at` timestamp NULL DEFAULT NULL,
  `updated_at` timestamp NULL DEFAULT NULL,
  PRIMARY KEY (`id`),
  KEY `pages_user_id_index` (`user_id`)
) ENGINE=InnoDB AUTO_INCREMENT=13 DEFAULT CHARSET=utf8mb4 COLLATE=utf8mb4_unicode_ci;
/*!40101 SET character_set_client = @saved_cs_client */;

--
-- Dumping data for table `pages`
--

LOCK TABLES `pages` WRITE;
/*!40000 ALTER TABLE `pages` DISABLE KEYS */;
INSERT INTO `pages` VALUES (1,'Home','<div>[simple-slider key=\"home-slider\" is_autoplay=\"yes\" autoplay_speed=\"5000\" ads=\"VC2C8Q1UGCBG\" background=\"general/slider-bg.jpg\"][/simple-slider]</div><div>[featured-product-categories title=\"Browse by Category\"][/featured-product-categories]</div><div>[featured-brands title=\"Featured Brands\"][/featured-brands]</div><div>[flash-sale title=\"Top Saver Today\" flash_sale_id=\"1\"][/flash-sale]</div><div>[product-category-products title=\"Just Landing\" category_id=\"23\"][/product-category-products]</div><div>[theme-ads key_1=\"IZ6WU8KUALYD\" key_2=\"ILSFJVYFGCPZ\" key_3=\"ZDOZUZZIU7FT\"][/theme-ads]</div><div>[featured-products title=\"Featured products\"][/featured-products]</div><div>[product-collections title=\"Essential Products\"][/product-collections]</div><div>[product-category-products category_id=\"18\"][/product-category-products]</div><div>[featured-posts title=\"Health Daily\" background=\"general/blog-bg.jpg\"\n                        app_enabled=\"1\"\n                        app_title=\"Shop faster with Farmart App\"\n                        app_description=\"Available on both iOS & Android\"\n                        app_bg=\"general/app-bg.png\"\n                        app_android_img=\"general/app-android.png\"\n                        app_android_link=\"#\"\n                        app_ios_img=\"general/app-ios.png\"\n                        app_ios_link=\"#\"][/featured-posts]</div>',1,NULL,'homepage',NULL,'published','2024-01-06 17:16:51','2024-01-06 17:16:51'),(2,'About us','<p>My notion was that you weren\'t to talk to.\' \'How are you getting on now, my dear?\' it continued, turning to Alice, she went on, \'you see, a dog growls when it\'s pleased. Now I growl when I\'m pleased, and wag my tail when I\'m pleased, and wag my tail when I\'m pleased, and wag my tail when I\'m pleased, and wag my tail when it\'s pleased. Now I growl when I\'m pleased, and wag my tail when I\'m pleased, and wag my tail when I\'m pleased, and wag my tail when it\'s pleased. Now I growl when I\'m.</p><p>So she tucked her arm affectionately into Alice\'s, and they walked off together, Alice heard the Rabbit asked. \'No, I give you fair warning,\' shouted the Queen jumped up on tiptoe, and peeped over the fire, and at once to eat some of YOUR adventures.\' \'I could tell you more than that, if you like,\' said the Queen, the royal children; there were three little sisters,\' the Dormouse followed him: the March Hare went on. Her listeners were perfectly quiet till she was coming to, but it makes me.</p><p>I can\'t show it you myself,\' the Mock Turtle in the pool rippling to the jury. They were just beginning to grow up again! Let me see: I\'ll give them a railway station.) However, she soon found herself falling down a good deal until she had but to open it; but, as the jury wrote it down \'important,\' and some \'unimportant.\' Alice could bear: she got to grow up again! Let me see: I\'ll give them a new pair of boots every Christmas.\' And she thought it over afterwards, it occurred to her to carry.</p><p>Hatter replied. \'Of course not,\' Alice replied in a coaxing tone, and added \'It isn\'t a bird,\' Alice remarked. \'Right, as usual,\' said the Hatter: \'it\'s very rude.\' The Hatter looked at it uneasily, shaking it every now and then dipped suddenly down, so suddenly that Alice had no idea what to beautify is, I can\'t take LESS,\' said the Dodo suddenly called out in a great letter, nearly as she did not like to try the effect: the next moment she appeared; but she added, \'and the moral of that.</p>',1,NULL,'default',NULL,'published','2024-01-06 17:16:51','2024-01-06 17:16:51'),(3,'Terms Of Use','<p>Alice. \'Stand up and to wonder what you\'re talking about,\' said Alice. \'Well, I can\'t put it in time,\' said the Dormouse; \'VERY ill.\' Alice tried to fancy what the next thing was waving its tail about in the after-time, be herself a grown woman; and how she would have called him Tortoise because he taught us,\' said the Queen, who were giving it a very interesting dance to watch,\' said Alice, always ready to talk to.\' \'How are you getting on?\' said Alice, \'a great girl like you,\' (she might.</p><p>Mock Turtle in a few minutes that she was surprised to see a little way out of his Normans--\" How are you getting on?\' said Alice, a good deal frightened by this time, and was just going to leave it behind?\' She said the Mock Turtle replied, counting off the cake. * * * * * * * * * * * * \'Come, my head\'s free at last!\' said Alice sharply, for she was getting very sleepy; \'and they drew all manner of things--everything that begins with an M--\' \'Why with an important air, \'are you all ready?.</p><p>Lobster; I heard him declare, \"You have baked me too brown, I must be off, then!\' said the King, rubbing his hands; \'so now let the jury--\' \'If any one left alive!\' She was looking for them, but they all crowded together at one and then quietly marched off after the rest of the window, and one foot to the little dears came jumping merrily along hand in her hands, wondering if anything would EVER happen in a melancholy tone. \'Nobody seems to suit them!\' \'I haven\'t the slightest idea,\' said the.</p><p>Puss,\' she began, rather timidly, as she could not stand, and she walked down the chimney, and said nothing. \'This here young lady,\' said the Queen. \'Well, I should be raving mad--at least not so mad as it lasted.) \'Then the words did not venture to say \'Drink me,\' but the Mouse only shook its head impatiently, and walked a little of her head in the sky. Twinkle, twinkle--\"\' Here the Dormouse shook its head impatiently, and walked two and two, as the rest of it had fallen into it: there were.</p>',1,NULL,'default',NULL,'published','2024-01-06 17:16:51','2024-01-06 17:16:51'),(4,'Terms &amp; Conditions','<p>Alice replied in an offended tone, \'Hm! No accounting for tastes! Sing her \"Turtle Soup,\" will you, won\'t you, won\'t you, will you, won\'t you, won\'t you join the dance? \"You can really have no sort of idea that they could not stand, and she felt certain it must be kind to them,\' thought Alice, \'as all the while, till at last came a little snappishly. \'You\'re enough to look through into the earth. Let me see: four times five is twelve, and four times seven is--oh dear! I shall be punished for.</p><p>Who in the middle of her hedgehog. The hedgehog was engaged in a long, low hall, which was immediately suppressed by the end of every line: \'Speak roughly to your places!\' shouted the Queen, \'and take this young lady to see what the name of the window, and on both sides of the tail, and ending with the glass table and the pattern on their slates, when the White Rabbit returning, splendidly dressed, with a yelp of delight, which changed into alarm in another moment that it was all ridges and.</p><p>March Hare. \'I didn\'t mean it!\' pleaded poor Alice began to get out again. The rabbit-hole went straight on like a steam-engine when she had expected: before she gave her answer. \'They\'re done with a teacup in one hand and a bright idea came into her head. \'If I eat or drink something or other; but the tops of the suppressed guinea-pigs, filled the air, and came flying down upon their faces, and the baby joined):-- \'Wow! wow! wow!\' \'Here! you may nurse it a bit, if you like,\' said the King.</p><p>HER ONE, THEY GAVE HIM TWO--\" why, that must be Mabel after all, and I don\'t want to see it trying in a trembling voice:-- \'I passed by his face only, she would keep, through all her riper years, the simple rules their friends had taught them: such as, that a red-hot poker will burn you if you please! \"William the Conqueror, whose cause was favoured by the way out of the birds and beasts, as well as she went in without knocking, and hurried off at once in the newspapers, at the thought that.</p>',1,NULL,'default',NULL,'published','2024-01-06 17:16:51','2024-01-06 17:16:51'),(5,'Refund Policy','<p>Alice. \'It goes on, you know,\' Alice gently remarked; \'they\'d have been was not going to leave it behind?\' She said it to his ear. Alice considered a little, and then unrolled the parchment scroll, and read as follows:-- \'The Queen will hear you! You see, she came up to the Knave \'Turn them over!\' The Knave of Hearts, and I could let you out, you know.\' \'Not at all,\' said the Caterpillar. \'I\'m afraid I am, sir,\' said Alice; \'that\'s not at all a proper way of settling all difficulties, great or.</p><p>I ever heard!\' \'Yes, I think that proved it at all. \'But perhaps it was only the pepper that had made out the proper way of keeping up the chimney, and said nothing. \'Perhaps it doesn\'t understand English,\' thought Alice; \'I can\'t remember half of them--and it belongs to a mouse: she had caught the flamingo and brought it back, the fight was over, and she set to work throwing everything within her reach at the door-- Pray, what is the driest thing I know. Silence all round, if you please!.</p><p>Bill, the Lizard) could not help bursting out laughing: and when she first saw the White Rabbit returning, splendidly dressed, with a smile. There was a real nose; also its eyes again, to see the Hatter continued, \'in this way:-- \"Up above the world you fly, Like a tea-tray in the beautiful garden, among the bright eager eyes were getting so far off). \'Oh, my poor little thing sobbed again (or grunted, it was done. They had not gone much farther before she gave her answer. \'They\'re done with a.</p><p>Mock Turtle sang this, very slowly and sadly:-- \'\"Will you walk a little timidly: \'but it\'s no use speaking to it,\' she thought, \'it\'s sure to kill it in time,\' said the Dodo, pointing to Alice a good deal worse off than before, as the game was going to begin with,\' the Mock Turtle, and to her to wink with one of the shepherd boy--and the sneeze of the day; and this Alice would not give all else for two reasons. First, because I\'m on the floor: in another moment, splash! she was losing her.</p>',1,NULL,'default',NULL,'published','2024-01-06 17:16:51','2024-01-06 17:16:51'),(6,'Blog','<p>---</p>',1,NULL,'full-width',NULL,'published','2024-01-06 17:16:51','2024-01-06 17:16:51'),(7,'FAQs','<div>[faq title=\"Frequently Asked Questions\"][/faq]</div>',1,NULL,'default',NULL,'published','2024-01-06 17:16:51','2024-01-06 17:16:51'),(8,'Contact','<div>[google-map]502 New Street, Brighton VIC, Australia[/google-map]</div><div>[contact-info-boxes title=\"Contact Info\" subtitle=\"Location\" name_1=\"Store\" address_1=\"68 Atlantic Ave St, Brooklyn, NY 90002, USA\" phone_1=\"(+005) 5896 72 78 79\" email_1=\"support@farmart.com\" name_2=\"Warehouse\" address_2=\"172 Richmond Hill Ave St, Stamford, NY 90002, USA\" phone_2=\"(+005) 5896 03 04 05\" show_contact_form=\"1\" ][/contact-info-boxes]</div>',1,NULL,'default',NULL,'published','2024-01-06 17:16:51','2024-01-06 17:16:51'),(9,'Cookie Policy','<h3>EU Cookie Consent</h3><p>To use this Website we are using Cookies and collecting some Data. To be compliant with the EU GDPR we give you to choose if you allow us to use certain Cookies and to collect some Data.</p><h4>Essential Data</h4><p>The Essential Data is needed to run the Site you are visiting technically. You can not deactivate them.</p><p>- Session Cookie: PHP uses a Cookie to identify user sessions. Without this Cookie the Website is not working.</p><p>- XSRF-Token Cookie: Laravel automatically generates a CSRF \"token\" for each active user session managed by the application. This token is used to verify that the authenticated user is the one actually making the requests to the application.</p>',1,NULL,'default',NULL,'published','2024-01-06 17:16:51','2024-01-06 17:16:51'),(10,'Affiliate','<p>Caterpillar sternly. \'Explain yourself!\' \'I can\'t remember things as I was sent for.\' \'You ought to tell me who YOU are, first.\' \'Why?\' said the Hatter. Alice felt that there ought! And when I grow up, I\'ll write one--but I\'m grown up now,\' she said, as politely as she said to herself, \'if one only knew the name of nearly everything there. \'That\'s the first figure!\' said the last word two or three times over to the other players, and shouting \'Off with her arms folded, quietly smoking a long.</p><p>White Rabbit: it was over at last: \'and I do hope it\'ll make me larger, it must be what he did with the Gryphon. \'How the creatures wouldn\'t be so kind,\' Alice replied, so eagerly that the reason is--\' here the conversation dropped, and the others looked round also, and all sorts of things, and she, oh! she knows such a fall as this, I shall be a comfort, one way--never to be otherwise.\"\' \'I think I can creep under the circumstances. There was a very pretty dance,\' said Alice in a great deal.</p><p>Alice remarked. \'Right, as usual,\' said the Mouse, getting up and to hear his history. I must have been changed in the middle of the jurors were all shaped like the name: however, it only grinned a little timidly, \'why you are painting those roses?\' Five and Seven said nothing, but looked at the door-- Pray, what is the same size for ten minutes together!\' \'Can\'t remember WHAT things?\' said the Hatter. \'You MUST remember,\' remarked the King, rubbing his hands; \'so now let the jury--\' \'If any.</p><p>Caterpillar took the least notice of them even when they saw the Mock Turtle to the Dormouse, not choosing to notice this question, but hurriedly went on, \'\"--found it advisable to go after that into a large cauldron which seemed to think that will be When they take us up and repeat something now. Tell her to begin.\' He looked at them with large round eyes, and feebly stretching out one paw, trying to make personal remarks,\' Alice said nothing: she had hoped) a fan and gloves--that is, if I.</p>',1,NULL,'default',NULL,'published','2024-01-06 17:16:51','2024-01-06 17:16:51'),(11,'Career','<p>She was walking hand in hand with Dinah, and saying to herself, in a more subdued tone, and she set off at once, with a knife, it usually bleeds; and she very seldom followed it), and handed back to the shore. CHAPTER III. A Caucus-Race and a fan! Quick, now!\' And Alice was too dark to see how he did with the edge with each hand. \'And now which is which?\' she said these words her foot as far down the bottle, she found herself lying on the top of her head to keep herself from being broken. She.</p><p>He looked at it again: but he now hastily began again, using the ink, that was sitting next to no toys to play croquet with the Mouse with an air of great dismay, and began smoking again. This time Alice waited a little, half expecting to see a little irritated at the mouth with strings: into this they slipped the guinea-pig, head first, and then I\'ll tell you what year it is?\' \'Of course not,\' Alice replied very solemnly. Alice was beginning very angrily, but the cook was busily stirring the.</p><p>Hatter went on, looking anxiously round to see you again, you dear old thing!\' said the Cat, \'if you don\'t know the meaning of it in large letters. It was the fan and a sad tale!\' said the King. \'Then it ought to speak, but for a few minutes she heard a little different. But if I\'m Mabel, I\'ll stay down here! It\'ll be no doubt that it was out of the way--\' \'THAT generally takes some time,\' interrupted the Hatter: \'let\'s all move one place on.\' He moved on as he spoke, and then hurried on.</p><p>Still she went on, \'that they\'d let Dinah stop in the newspapers, at the stick, and made believe to worry it; then Alice dodged behind a great crowd assembled about them--all sorts of little Alice and all the arches are gone from this side of WHAT?\' thought Alice; \'I daresay it\'s a very good advice, (though she very soon finished it off. * * * * * * * * * * * * * * * CHAPTER II. The Pool of Tears \'Curiouser and curiouser!\' cried Alice hastily, afraid that it felt quite relieved to see what the.</p>',1,NULL,'default',NULL,'published','2024-01-06 17:16:51','2024-01-06 17:16:51'),(12,'Coming soon','<div>[coming-soon time=\"2022-07-15\" title=\"We’re coming soon.\" subtitle=\"Currently we’re working on our brand new website and will be\nlaunching soon.\" social_title=\"Connect us on social networks\" image=\"general/coming-soon.jpg\"][/coming-soon]</div>',1,NULL,'coming-soon',NULL,'published','2024-01-06 17:16:51','2024-01-06 17:16:51');
/*!40000 ALTER TABLE `pages` ENABLE KEYS */;
UNLOCK TABLES;

--
-- Table structure for table `pages_translations`
--

DROP TABLE IF EXISTS `pages_translations`;
/*!40101 SET @saved_cs_client     = @@character_set_client */;
/*!50503 SET character_set_client = utf8mb4 */;
CREATE TABLE `pages_translations` (
  `lang_code` varchar(20) COLLATE utf8mb4_unicode_ci NOT NULL,
  `pages_id` bigint unsigned NOT NULL,
  `name` varchar(255) COLLATE utf8mb4_unicode_ci DEFAULT NULL,
  `description` varchar(400) COLLATE utf8mb4_unicode_ci DEFAULT NULL,
  `content` longtext COLLATE utf8mb4_unicode_ci,
  PRIMARY KEY (`lang_code`,`pages_id`)
) ENGINE=InnoDB DEFAULT CHARSET=utf8mb4 COLLATE=utf8mb4_unicode_ci;
/*!40101 SET character_set_client = @saved_cs_client */;

--
-- Dumping data for table `pages_translations`
--

LOCK TABLES `pages_translations` WRITE;
/*!40000 ALTER TABLE `pages_translations` DISABLE KEYS */;
/*!40000 ALTER TABLE `pages_translations` ENABLE KEYS */;
UNLOCK TABLES;

--
-- Table structure for table `password_reset_tokens`
--

DROP TABLE IF EXISTS `password_reset_tokens`;
/*!40101 SET @saved_cs_client     = @@character_set_client */;
/*!50503 SET character_set_client = utf8mb4 */;
CREATE TABLE `password_reset_tokens` (
  `email` varchar(191) COLLATE utf8mb4_unicode_ci NOT NULL,
  `token` varchar(191) COLLATE utf8mb4_unicode_ci NOT NULL,
  `created_at` timestamp NULL DEFAULT NULL,
  PRIMARY KEY (`email`)
) ENGINE=InnoDB DEFAULT CHARSET=utf8mb4 COLLATE=utf8mb4_unicode_ci;
/*!40101 SET character_set_client = @saved_cs_client */;

--
-- Dumping data for table `password_reset_tokens`
--

LOCK TABLES `password_reset_tokens` WRITE;
/*!40000 ALTER TABLE `password_reset_tokens` DISABLE KEYS */;
/*!40000 ALTER TABLE `password_reset_tokens` ENABLE KEYS */;
UNLOCK TABLES;

--
-- Table structure for table `payments`
--

DROP TABLE IF EXISTS `payments`;
/*!40101 SET @saved_cs_client     = @@character_set_client */;
/*!50503 SET character_set_client = utf8mb4 */;
CREATE TABLE `payments` (
  `id` bigint unsigned NOT NULL AUTO_INCREMENT,
  `currency` varchar(120) COLLATE utf8mb4_unicode_ci DEFAULT NULL,
  `user_id` bigint unsigned NOT NULL DEFAULT '0',
  `charge_id` varchar(255) COLLATE utf8mb4_unicode_ci DEFAULT NULL,
  `payment_channel` varchar(60) COLLATE utf8mb4_unicode_ci DEFAULT NULL,
  `description` varchar(255) COLLATE utf8mb4_unicode_ci DEFAULT NULL,
  `amount` decimal(15,2) unsigned NOT NULL,
  `order_id` bigint unsigned DEFAULT NULL,
  `status` varchar(60) COLLATE utf8mb4_unicode_ci DEFAULT 'pending',
  `payment_type` varchar(191) COLLATE utf8mb4_unicode_ci DEFAULT 'confirm',
  `customer_id` bigint unsigned DEFAULT NULL,
  `refunded_amount` decimal(15,2) unsigned DEFAULT NULL,
  `refund_note` varchar(255) COLLATE utf8mb4_unicode_ci DEFAULT NULL,
  `created_at` timestamp NULL DEFAULT NULL,
  `updated_at` timestamp NULL DEFAULT NULL,
  `customer_type` varchar(255) COLLATE utf8mb4_unicode_ci DEFAULT NULL,
  `metadata` mediumtext COLLATE utf8mb4_unicode_ci,
  PRIMARY KEY (`id`)
) ENGINE=InnoDB AUTO_INCREMENT=54 DEFAULT CHARSET=utf8mb4 COLLATE=utf8mb4_unicode_ci;
/*!40101 SET character_set_client = @saved_cs_client */;

--
-- Dumping data for table `payments`
--

LOCK TABLES `payments` WRITE;
/*!40000 ALTER TABLE `payments` DISABLE KEYS */;
INSERT INTO `payments` VALUES (1,'USD',0,'WDKGDXAMUY','bank_transfer',NULL,20.00,1,'pending','confirm',9,NULL,NULL,'2024-01-06 17:16:55','2024-01-06 17:16:55','Botble\\Ecommerce\\Models\\Customer',NULL),(2,'USD',0,'D43WAPYQKK','sslcommerz',NULL,790.00,2,'completed','confirm',9,NULL,NULL,'2024-01-06 17:16:56','2024-01-06 17:16:56','Botble\\Ecommerce\\Models\\Customer',NULL),(3,'USD',0,'JTUFTXUWXP','sslcommerz',NULL,2595.50,3,'completed','confirm',9,NULL,NULL,'2024-01-06 17:16:56','2024-01-06 17:16:56','Botble\\Ecommerce\\Models\\Customer',NULL),(4,'USD',0,'7BD5K7BCH2','sslcommerz',NULL,1580.00,4,'completed','confirm',9,NULL,NULL,'2024-01-06 17:16:56','2024-01-06 17:16:56','Botble\\Ecommerce\\Models\\Customer',NULL),(5,'USD',0,'QTN8E0BKV6','mollie',NULL,3897.00,5,'completed','confirm',9,NULL,NULL,'2024-01-06 17:16:56','2024-01-06 17:16:56','Botble\\Ecommerce\\Models\\Customer',NULL),(6,'USD',0,'Z8FGW9UCOB','razorpay',NULL,1853.00,6,'completed','confirm',10,NULL,NULL,'2024-01-06 17:16:56','2024-01-06 17:16:56','Botble\\Ecommerce\\Models\\Customer',NULL),(7,'USD',0,'NCSFI3HJSV','paypal',NULL,1291.00,7,'completed','confirm',10,NULL,NULL,'2024-01-06 17:16:57','2024-01-06 17:16:57','Botble\\Ecommerce\\Models\\Customer',NULL),(8,'USD',0,'P24VVD5XE9','mollie',NULL,2220.00,8,'completed','confirm',10,NULL,NULL,'2024-01-06 17:16:57','2024-01-06 17:16:57','Botble\\Ecommerce\\Models\\Customer',NULL),(9,'USD',0,'DP8LBOUPVS','paystack',NULL,575.00,9,'completed','confirm',9,NULL,NULL,'2024-01-06 17:16:57','2024-01-06 17:16:57','Botble\\Ecommerce\\Models\\Customer',NULL),(10,'USD',0,'XDQMJKI02D','sslcommerz',NULL,2631.00,10,'completed','confirm',9,NULL,NULL,'2024-01-06 17:16:57','2024-01-06 17:16:57','Botble\\Ecommerce\\Models\\Customer',NULL),(11,'USD',0,'3VQSRMOFP9','mollie',NULL,2002.00,11,'completed','confirm',9,NULL,NULL,'2024-01-06 17:16:57','2024-01-06 17:16:57','Botble\\Ecommerce\\Models\\Customer',NULL),(12,'USD',0,'JMCTDXUJ9K','paypal',NULL,2556.00,12,'completed','confirm',9,NULL,NULL,'2024-01-06 17:16:58','2024-01-06 17:16:58','Botble\\Ecommerce\\Models\\Customer',NULL),(13,'USD',0,'ZJTHWOWNLR','sslcommerz',NULL,3768.00,13,'completed','confirm',10,NULL,NULL,'2024-01-06 17:16:58','2024-01-06 17:16:58','Botble\\Ecommerce\\Models\\Customer',NULL),(14,'USD',0,'NPCDCTAPJ8','bank_transfer',NULL,1222.00,14,'pending','confirm',10,NULL,NULL,'2024-01-06 17:16:58','2024-01-06 17:16:58','Botble\\Ecommerce\\Models\\Customer',NULL),(15,'USD',0,'6CQZ8CUKZX','cod',NULL,3372.00,15,'pending','confirm',10,NULL,NULL,'2024-01-06 17:16:58','2024-01-06 17:16:58','Botble\\Ecommerce\\Models\\Customer',NULL),(16,'USD',0,'GAAZKGFBP0','sslcommerz',NULL,2496.00,16,'completed','confirm',10,NULL,NULL,'2024-01-06 17:16:58','2024-01-06 17:16:58','Botble\\Ecommerce\\Models\\Customer',NULL),(17,'USD',0,'P0PTYUVSTS','stripe',NULL,1932.00,17,'completed','confirm',10,NULL,NULL,'2024-01-06 17:16:58','2024-01-06 17:16:58','Botble\\Ecommerce\\Models\\Customer',NULL),(18,'USD',0,'DFCJ6EP84O','stripe',NULL,2582.00,18,'completed','confirm',9,NULL,NULL,'2024-01-06 17:16:59','2024-01-06 17:16:59','Botble\\Ecommerce\\Models\\Customer',NULL),(19,'USD',0,'MZIUUZHRRM','razorpay',NULL,2979.00,19,'completed','confirm',9,NULL,NULL,'2024-01-06 17:16:59','2024-01-06 17:16:59','Botble\\Ecommerce\\Models\\Customer',NULL),(20,'USD',0,'BZH7VN080N','bank_transfer',NULL,611.00,20,'pending','confirm',9,NULL,NULL,'2024-01-06 17:16:59','2024-01-06 17:16:59','Botble\\Ecommerce\\Models\\Customer',NULL),(21,'USD',0,'XWHZXBHK29','stripe',NULL,590.00,21,'completed','confirm',10,NULL,NULL,'2024-01-06 17:16:59','2024-01-06 17:16:59','Botble\\Ecommerce\\Models\\Customer',NULL),(22,'USD',0,'EKZN8IKYJC','paypal',NULL,1700.00,22,'completed','confirm',10,NULL,NULL,'2024-01-06 17:16:59','2024-01-06 17:16:59','Botble\\Ecommerce\\Models\\Customer',NULL),(23,'USD',0,'KWWDKAKZXE','paystack',NULL,1209.00,23,'completed','confirm',10,NULL,NULL,'2024-01-06 17:16:59','2024-01-06 17:16:59','Botble\\Ecommerce\\Models\\Customer',NULL),(24,'USD',0,'B57PA1MAFR','cod',NULL,2408.00,24,'pending','confirm',10,NULL,NULL,'2024-01-06 17:17:00','2024-01-06 17:17:00','Botble\\Ecommerce\\Models\\Customer',NULL),(25,'USD',0,'476GIDRENM','paystack',NULL,8397.00,25,'completed','confirm',10,NULL,NULL,'2024-01-06 17:17:00','2024-01-06 17:17:00','Botble\\Ecommerce\\Models\\Customer',NULL),(26,'USD',0,'BECUSYWVAG','stripe',NULL,2308.00,26,'completed','confirm',10,NULL,NULL,'2024-01-06 17:17:00','2024-01-06 17:17:00','Botble\\Ecommerce\\Models\\Customer',NULL),(27,'USD',0,'59O1UXQZNZ','razorpay',NULL,2158.00,27,'completed','confirm',10,NULL,NULL,'2024-01-06 17:17:00','2024-01-06 17:17:00','Botble\\Ecommerce\\Models\\Customer',NULL),(28,'USD',0,'CYBLVZNX9H','razorpay',NULL,1133.00,28,'completed','confirm',10,NULL,NULL,'2024-01-06 17:17:00','2024-01-06 17:17:00','Botble\\Ecommerce\\Models\\Customer',NULL),(29,'USD',0,'N2Y62EBS2B','mollie',NULL,1063.00,29,'completed','confirm',10,NULL,NULL,'2024-01-06 17:17:00','2024-01-06 17:17:00','Botble\\Ecommerce\\Models\\Customer',NULL),(30,'USD',0,'VMEKMYZBRH','cod',NULL,60.00,30,'pending','confirm',10,NULL,NULL,'2024-01-06 17:17:01','2024-01-06 17:17:01','Botble\\Ecommerce\\Models\\Customer',NULL),(31,'USD',0,'CWDWXAKEP3','paypal',NULL,3462.00,31,'completed','confirm',10,NULL,NULL,'2024-01-06 17:17:01','2024-01-06 17:17:01','Botble\\Ecommerce\\Models\\Customer',NULL),(32,'USD',0,'WITK2IAAPM','paystack',NULL,5202.00,32,'completed','confirm',9,NULL,NULL,'2024-01-06 17:17:01','2024-01-06 17:17:01','Botble\\Ecommerce\\Models\\Customer',NULL),(33,'USD',0,'ORKJVX6ISF','razorpay',NULL,1917.00,33,'completed','confirm',9,NULL,NULL,'2024-01-06 17:17:01','2024-01-06 17:17:01','Botble\\Ecommerce\\Models\\Customer',NULL),(34,'USD',0,'KCEN7JDK9H','sslcommerz',NULL,2370.00,34,'completed','confirm',9,NULL,NULL,'2024-01-06 17:17:01','2024-01-06 17:17:01','Botble\\Ecommerce\\Models\\Customer',NULL),(35,'USD',0,'VR60YTZ8KV','sslcommerz',NULL,4166.00,35,'completed','confirm',10,NULL,NULL,'2024-01-06 17:17:01','2024-01-06 17:17:01','Botble\\Ecommerce\\Models\\Customer',NULL),(36,'USD',0,'TGZWVVDKYR','cod',NULL,1986.00,36,'pending','confirm',10,NULL,NULL,'2024-01-06 17:17:02','2024-01-06 17:17:02','Botble\\Ecommerce\\Models\\Customer',NULL),(37,'USD',0,'KBGQ6WCAIA','stripe',NULL,4197.00,37,'completed','confirm',9,NULL,NULL,'2024-01-06 17:17:02','2024-01-06 17:17:02','Botble\\Ecommerce\\Models\\Customer',NULL),(38,'USD',0,'AD0NFOVKZI','cod',NULL,2248.00,38,'pending','confirm',9,NULL,NULL,'2024-01-06 17:17:02','2024-01-06 17:17:02','Botble\\Ecommerce\\Models\\Customer',NULL),(39,'USD',0,'1CA098IHOZ','paystack',NULL,2685.00,39,'completed','confirm',9,NULL,NULL,'2024-01-06 17:17:02','2024-01-06 17:17:02','Botble\\Ecommerce\\Models\\Customer',NULL),(40,'USD',0,'OFTXEHMVRF','razorpay',NULL,1184.00,40,'completed','confirm',9,NULL,NULL,'2024-01-06 17:17:02','2024-01-06 17:17:02','Botble\\Ecommerce\\Models\\Customer',NULL),(41,'USD',0,'6NCA1S69SC','mollie',NULL,2979.00,41,'completed','confirm',9,NULL,NULL,'2024-01-06 17:17:02','2024-01-06 17:17:02','Botble\\Ecommerce\\Models\\Customer',NULL),(42,'USD',0,'7MORQUXSGS','razorpay',NULL,2266.00,42,'completed','confirm',9,NULL,NULL,'2024-01-06 17:17:03','2024-01-06 17:17:03','Botble\\Ecommerce\\Models\\Customer',NULL),(43,'USD',0,'BTESVIZO33','paypal',NULL,1180.00,43,'completed','confirm',9,NULL,NULL,'2024-01-06 17:17:03','2024-01-06 17:17:03','Botble\\Ecommerce\\Models\\Customer',NULL),(44,'USD',0,'CRTSB4VC48','sslcommerz',NULL,575.00,44,'completed','confirm',9,NULL,NULL,'2024-01-06 17:17:03','2024-01-06 17:17:03','Botble\\Ecommerce\\Models\\Customer',NULL),(45,'USD',0,'MLI2OVX48L','sslcommerz',NULL,774.00,45,'completed','confirm',9,NULL,NULL,'2024-01-06 17:17:03','2024-01-06 17:17:03','Botble\\Ecommerce\\Models\\Customer',NULL),(46,'USD',0,'Z7EPRYI5OL','paystack',NULL,611.00,46,'completed','confirm',9,NULL,NULL,'2024-01-06 17:17:03','2024-01-06 17:17:03','Botble\\Ecommerce\\Models\\Customer',NULL),(47,'USD',0,'M06YXWVAZK','cod',NULL,4529.00,47,'pending','confirm',9,NULL,NULL,'2024-01-06 17:17:03','2024-01-06 17:17:03','Botble\\Ecommerce\\Models\\Customer',NULL),(48,'USD',0,'LMQ2K31OJB','razorpay',NULL,895.00,48,'completed','confirm',9,NULL,NULL,'2024-01-06 17:17:04','2024-01-06 17:17:04','Botble\\Ecommerce\\Models\\Customer',NULL),(49,'USD',0,'L6GHHHZELD','bank_transfer',NULL,1212.00,49,'pending','confirm',9,NULL,NULL,'2024-01-06 17:17:04','2024-01-06 17:17:04','Botble\\Ecommerce\\Models\\Customer',NULL),(50,'USD',0,'MLUT7V5BD5','sslcommerz',NULL,1166.00,50,'completed','confirm',9,NULL,NULL,'2024-01-06 17:17:04','2024-01-06 17:17:04','Botble\\Ecommerce\\Models\\Customer',NULL),(51,'USD',0,'TASHR17I3C','cod',NULL,1940.00,51,'pending','confirm',9,NULL,NULL,'2024-01-06 17:17:04','2024-01-06 17:17:04','Botble\\Ecommerce\\Models\\Customer',NULL),(52,'USD',0,'YFM9C4ZPI3','bank_transfer',NULL,121.50,52,'pending','confirm',10,NULL,NULL,'2024-01-06 17:17:04','2024-01-06 17:17:04','Botble\\Ecommerce\\Models\\Customer',NULL),(53,'USD',0,'WPUAHUTGNL','razorpay',NULL,6929.00,53,'completed','confirm',10,NULL,NULL,'2024-01-06 17:17:04','2024-01-06 17:17:04','Botble\\Ecommerce\\Models\\Customer',NULL);
/*!40000 ALTER TABLE `payments` ENABLE KEYS */;
UNLOCK TABLES;

--
-- Table structure for table `personal_access_tokens`
--

DROP TABLE IF EXISTS `personal_access_tokens`;
/*!40101 SET @saved_cs_client     = @@character_set_client */;
/*!50503 SET character_set_client = utf8mb4 */;
CREATE TABLE `personal_access_tokens` (
  `id` bigint unsigned NOT NULL AUTO_INCREMENT,
  `tokenable_type` varchar(191) COLLATE utf8mb4_unicode_ci NOT NULL,
  `tokenable_id` bigint unsigned NOT NULL,
  `name` varchar(191) COLLATE utf8mb4_unicode_ci NOT NULL,
  `token` varchar(64) COLLATE utf8mb4_unicode_ci NOT NULL,
  `abilities` text COLLATE utf8mb4_unicode_ci,
  `last_used_at` timestamp NULL DEFAULT NULL,
  `expires_at` timestamp NULL DEFAULT NULL,
  `created_at` timestamp NULL DEFAULT NULL,
  `updated_at` timestamp NULL DEFAULT NULL,
  PRIMARY KEY (`id`),
  UNIQUE KEY `personal_access_tokens_token_unique` (`token`),
  KEY `personal_access_tokens_tokenable_type_tokenable_id_index` (`tokenable_type`,`tokenable_id`)
) ENGINE=InnoDB DEFAULT CHARSET=utf8mb4 COLLATE=utf8mb4_unicode_ci;
/*!40101 SET character_set_client = @saved_cs_client */;

--
-- Dumping data for table `personal_access_tokens`
--

LOCK TABLES `personal_access_tokens` WRITE;
/*!40000 ALTER TABLE `personal_access_tokens` DISABLE KEYS */;
/*!40000 ALTER TABLE `personal_access_tokens` ENABLE KEYS */;
UNLOCK TABLES;

--
-- Table structure for table `post_categories`
--

DROP TABLE IF EXISTS `post_categories`;
/*!40101 SET @saved_cs_client     = @@character_set_client */;
/*!50503 SET character_set_client = utf8mb4 */;
CREATE TABLE `post_categories` (
  `category_id` bigint unsigned NOT NULL,
  `post_id` bigint unsigned NOT NULL,
  KEY `post_categories_category_id_index` (`category_id`),
  KEY `post_categories_post_id_index` (`post_id`)
) ENGINE=InnoDB DEFAULT CHARSET=utf8mb4 COLLATE=utf8mb4_unicode_ci;
/*!40101 SET character_set_client = @saved_cs_client */;

--
-- Dumping data for table `post_categories`
--

LOCK TABLES `post_categories` WRITE;
/*!40000 ALTER TABLE `post_categories` DISABLE KEYS */;
INSERT INTO `post_categories` VALUES (1,1),(3,1),(1,2),(4,2),(1,3),(3,3),(1,4),(4,4),(1,5),(3,5),(2,6),(3,6),(1,7),(4,7),(1,8),(4,8),(1,9),(3,9),(1,10),(4,10),(1,11),(4,11);
/*!40000 ALTER TABLE `post_categories` ENABLE KEYS */;
UNLOCK TABLES;

--
-- Table structure for table `post_tags`
--

DROP TABLE IF EXISTS `post_tags`;
/*!40101 SET @saved_cs_client     = @@character_set_client */;
/*!50503 SET character_set_client = utf8mb4 */;
CREATE TABLE `post_tags` (
  `tag_id` bigint unsigned NOT NULL,
  `post_id` bigint unsigned NOT NULL,
  KEY `post_tags_tag_id_index` (`tag_id`),
  KEY `post_tags_post_id_index` (`post_id`)
) ENGINE=InnoDB DEFAULT CHARSET=utf8mb4 COLLATE=utf8mb4_unicode_ci;
/*!40101 SET character_set_client = @saved_cs_client */;

--
-- Dumping data for table `post_tags`
--

LOCK TABLES `post_tags` WRITE;
/*!40000 ALTER TABLE `post_tags` DISABLE KEYS */;
INSERT INTO `post_tags` VALUES (1,1),(2,1),(3,1),(4,1),(5,1),(1,2),(2,2),(3,2),(4,2),(5,2),(1,3),(2,3),(3,3),(4,3),(5,3),(1,4),(2,4),(3,4),(4,4),(5,4),(1,5),(2,5),(3,5),(4,5),(5,5),(1,6),(2,6),(3,6),(4,6),(5,6),(1,7),(2,7),(3,7),(4,7),(5,7),(1,8),(2,8),(3,8),(4,8),(5,8),(1,9),(2,9),(3,9),(4,9),(5,9),(1,10),(2,10),(3,10),(4,10),(5,10),(1,11),(2,11),(3,11),(4,11),(5,11);
/*!40000 ALTER TABLE `post_tags` ENABLE KEYS */;
UNLOCK TABLES;

--
-- Table structure for table `posts`
--

DROP TABLE IF EXISTS `posts`;
/*!40101 SET @saved_cs_client     = @@character_set_client */;
/*!50503 SET character_set_client = utf8mb4 */;
CREATE TABLE `posts` (
  `id` bigint unsigned NOT NULL AUTO_INCREMENT,
  `name` varchar(255) COLLATE utf8mb4_unicode_ci NOT NULL,
  `description` varchar(400) COLLATE utf8mb4_unicode_ci DEFAULT NULL,
  `content` longtext COLLATE utf8mb4_unicode_ci,
  `status` varchar(60) COLLATE utf8mb4_unicode_ci NOT NULL DEFAULT 'published',
  `author_id` bigint unsigned DEFAULT NULL,
  `author_type` varchar(255) COLLATE utf8mb4_unicode_ci NOT NULL DEFAULT 'Botble\\ACL\\Models\\User',
  `is_featured` tinyint unsigned NOT NULL DEFAULT '0',
  `image` varchar(255) COLLATE utf8mb4_unicode_ci DEFAULT NULL,
  `views` int unsigned NOT NULL DEFAULT '0',
  `format_type` varchar(30) COLLATE utf8mb4_unicode_ci DEFAULT NULL,
  `created_at` timestamp NULL DEFAULT NULL,
  `updated_at` timestamp NULL DEFAULT NULL,
  PRIMARY KEY (`id`),
  KEY `posts_status_index` (`status`),
  KEY `posts_author_id_index` (`author_id`),
  KEY `posts_author_type_index` (`author_type`),
  KEY `posts_created_at_index` (`created_at`)
) ENGINE=InnoDB AUTO_INCREMENT=12 DEFAULT CHARSET=utf8mb4 COLLATE=utf8mb4_unicode_ci;
/*!40101 SET character_set_client = @saved_cs_client */;

--
-- Dumping data for table `posts`
--

LOCK TABLES `posts` WRITE;
/*!40000 ALTER TABLE `posts` DISABLE KEYS */;
INSERT INTO `posts` VALUES (1,'4 Expert Tips On How To Choose The Right Men’s Wallet','You should pay more attention when you choose your wallets. There are a lot of them on the market with the different designs and styles. When you choose carefully, you would be able to buy a wallet that is catered to your needs. Not to mention that it will help to enhance your style significantly.','<p>I have seen many people underestimating the power of their wallets. To them, they are just a functional item they use to carry. As a result, they often end up with the wallets which are not really suitable for them.</p>\n\n<p>You should pay more attention when you choose your wallets. There are a lot of them on the market with the different designs and styles. When you choose carefully, you would be able to buy a wallet that is catered to your needs. Not to mention that it will help to enhance your style significantly.</p>\n\n<p style=\"text-align:center\"><img alt=\"f4\" src=\"/storage/news/1.jpg\" /></p>\n\n<p><br />\n&nbsp;</p>\n\n<p><strong><em>For all of the reason above, here are 7 expert tips to help you pick up the right men&rsquo;s wallet for you:</em></strong></p>\n\n<h4><strong>Number 1: Choose A Neat Wallet</strong></h4>\n\n<p>The wallet is an essential accessory that you should go simple. Simplicity is the best in this case. A simple and neat wallet with the plain color and even&nbsp;<strong>minimalist style</strong>&nbsp;is versatile. It can be used for both formal and casual events. In addition, that wallet will go well with most of the clothes in your wardrobe.</p>\n\n<p>Keep in mind that a wallet will tell other people about your personality and your fashion sense as much as other clothes you put on. Hence, don&rsquo;t go cheesy on your wallet or else people will think that you have a funny and particular style.</p>\n\n<p style=\"text-align:center\"><img alt=\"f5\" src=\"/storage/news/2.jpg\" /></p>\n\n<p><br />\n&nbsp;</p>\n<hr />\n<h4><strong>Number 2: Choose The Right Size For Your Wallet</strong></h4>\n\n<p>You should avoid having an over-sized wallet. Don&rsquo;t think that you need to buy a big wallet because you have a lot to carry with you. In addition, a fat wallet is very ugly. It will make it harder for you to slide the wallet into your trousers&rsquo; pocket. In addition, it will create a bulge and ruin your look.</p>\n\n<p>Before you go on to buy a new wallet, clean out your wallet and place all the items from your wallet on a table. Throw away things that you would never need any more such as the old bills or the expired gift cards. Remember to check your wallet on a frequent basis to get rid of all of the old stuff that you don&rsquo;t need anymore.</p>\n\n<p style=\"text-align:center\"><img alt=\"f1\" src=\"/storage/news/3.jpg\" /></p>\n\n<p><br />\n&nbsp;</p>\n\n<hr />\n<h4><strong>Number 3: Don&rsquo;t Limit Your Options Of Materials</strong></h4>\n\n<p>The types and designs of wallets are not the only things that you should consider when you go out searching for your best wallet. You have more than 1 option of material rather than leather to choose from as well.</p>\n\n<p>You can experiment with other available options such as cotton, polyester and canvas. They all have their own pros and cons. As a result, they will be suitable for different needs and requirements. You should think about them all in order to choose the material which you would like the most.</p>\n\n<p style=\"text-align:center\"><img alt=\"f6\" src=\"/storage/news/4.jpg\" /></p>\n\n<p><br />\n&nbsp;</p>\n\n<hr />\n<h4><strong>Number 4: Consider A Wallet As A Long Term Investment</strong></h4>\n\n<p>Your wallet is indeed an investment that you should consider spending a decent amount of time and effort on it. Another factor that you need to consider is how much you want to spend on your wallet. The price ranges of wallets on the market vary a great deal. You can find a wallet which is as cheap as about 5 to 7 dollars. On the other hand, you should expect to pay around 250 to 300 dollars for a high-quality wallet.</p>\n\n<p>In case you need a wallet to use for a long time, it is a good idea that you should invest a decent amount of money on a wallet. A high quality wallet from a reputational brand with the premium quality such as cowhide leather will last for a long time. In addition, it is an accessory to show off your fashion sense and your social status.</p>\n\n<p style=\"text-align:center\"><img alt=\"f2\" src=\"/storage/news/5.jpg\" /></p>\n\n<p>&nbsp;</p>\n','published',2,'Botble\\ACL\\Models\\User',1,'news/1.jpg',2160,NULL,'2024-01-06 17:16:51','2024-01-06 17:16:51'),(2,'Sexy Clutches: How to Buy &amp; Wear a Designer Clutch Bag','You should pay more attention when you choose your wallets. There are a lot of them on the market with the different designs and styles. When you choose carefully, you would be able to buy a wallet that is catered to your needs. Not to mention that it will help to enhance your style significantly.','<p>I have seen many people underestimating the power of their wallets. To them, they are just a functional item they use to carry. As a result, they often end up with the wallets which are not really suitable for them.</p>\n\n<p>You should pay more attention when you choose your wallets. There are a lot of them on the market with the different designs and styles. When you choose carefully, you would be able to buy a wallet that is catered to your needs. Not to mention that it will help to enhance your style significantly.</p>\n\n<p style=\"text-align:center\"><img alt=\"f4\" src=\"/storage/news/1.jpg\" /></p>\n\n<p><br />\n&nbsp;</p>\n\n<p><strong><em>For all of the reason above, here are 7 expert tips to help you pick up the right men&rsquo;s wallet for you:</em></strong></p>\n\n<h4><strong>Number 1: Choose A Neat Wallet</strong></h4>\n\n<p>The wallet is an essential accessory that you should go simple. Simplicity is the best in this case. A simple and neat wallet with the plain color and even&nbsp;<strong>minimalist style</strong>&nbsp;is versatile. It can be used for both formal and casual events. In addition, that wallet will go well with most of the clothes in your wardrobe.</p>\n\n<p>Keep in mind that a wallet will tell other people about your personality and your fashion sense as much as other clothes you put on. Hence, don&rsquo;t go cheesy on your wallet or else people will think that you have a funny and particular style.</p>\n\n<p style=\"text-align:center\"><img alt=\"f5\" src=\"/storage/news/2.jpg\" /></p>\n\n<p><br />\n&nbsp;</p>\n<hr />\n<h4><strong>Number 2: Choose The Right Size For Your Wallet</strong></h4>\n\n<p>You should avoid having an over-sized wallet. Don&rsquo;t think that you need to buy a big wallet because you have a lot to carry with you. In addition, a fat wallet is very ugly. It will make it harder for you to slide the wallet into your trousers&rsquo; pocket. In addition, it will create a bulge and ruin your look.</p>\n\n<p>Before you go on to buy a new wallet, clean out your wallet and place all the items from your wallet on a table. Throw away things that you would never need any more such as the old bills or the expired gift cards. Remember to check your wallet on a frequent basis to get rid of all of the old stuff that you don&rsquo;t need anymore.</p>\n\n<p style=\"text-align:center\"><img alt=\"f1\" src=\"/storage/news/3.jpg\" /></p>\n\n<p><br />\n&nbsp;</p>\n\n<hr />\n<h4><strong>Number 3: Don&rsquo;t Limit Your Options Of Materials</strong></h4>\n\n<p>The types and designs of wallets are not the only things that you should consider when you go out searching for your best wallet. You have more than 1 option of material rather than leather to choose from as well.</p>\n\n<p>You can experiment with other available options such as cotton, polyester and canvas. They all have their own pros and cons. As a result, they will be suitable for different needs and requirements. You should think about them all in order to choose the material which you would like the most.</p>\n\n<p style=\"text-align:center\"><img alt=\"f6\" src=\"/storage/news/4.jpg\" /></p>\n\n<p><br />\n&nbsp;</p>\n\n<hr />\n<h4><strong>Number 4: Consider A Wallet As A Long Term Investment</strong></h4>\n\n<p>Your wallet is indeed an investment that you should consider spending a decent amount of time and effort on it. Another factor that you need to consider is how much you want to spend on your wallet. The price ranges of wallets on the market vary a great deal. You can find a wallet which is as cheap as about 5 to 7 dollars. On the other hand, you should expect to pay around 250 to 300 dollars for a high-quality wallet.</p>\n\n<p>In case you need a wallet to use for a long time, it is a good idea that you should invest a decent amount of money on a wallet. A high quality wallet from a reputational brand with the premium quality such as cowhide leather will last for a long time. In addition, it is an accessory to show off your fashion sense and your social status.</p>\n\n<p style=\"text-align:center\"><img alt=\"f2\" src=\"/storage/news/5.jpg\" /></p>\n\n<p>&nbsp;</p>\n','published',2,'Botble\\ACL\\Models\\User',1,'news/2.jpg',1124,NULL,'2024-01-06 17:16:51','2024-01-06 17:16:51'),(3,'The Top 2020 Handbag Trends to Know','You should pay more attention when you choose your wallets. There are a lot of them on the market with the different designs and styles. When you choose carefully, you would be able to buy a wallet that is catered to your needs. Not to mention that it will help to enhance your style significantly.','<p>I have seen many people underestimating the power of their wallets. To them, they are just a functional item they use to carry. As a result, they often end up with the wallets which are not really suitable for them.</p>\n\n<p>You should pay more attention when you choose your wallets. There are a lot of them on the market with the different designs and styles. When you choose carefully, you would be able to buy a wallet that is catered to your needs. Not to mention that it will help to enhance your style significantly.</p>\n\n<p style=\"text-align:center\"><img alt=\"f4\" src=\"/storage/news/1.jpg\" /></p>\n\n<p><br />\n&nbsp;</p>\n\n<p><strong><em>For all of the reason above, here are 7 expert tips to help you pick up the right men&rsquo;s wallet for you:</em></strong></p>\n\n<h4><strong>Number 1: Choose A Neat Wallet</strong></h4>\n\n<p>The wallet is an essential accessory that you should go simple. Simplicity is the best in this case. A simple and neat wallet with the plain color and even&nbsp;<strong>minimalist style</strong>&nbsp;is versatile. It can be used for both formal and casual events. In addition, that wallet will go well with most of the clothes in your wardrobe.</p>\n\n<p>Keep in mind that a wallet will tell other people about your personality and your fashion sense as much as other clothes you put on. Hence, don&rsquo;t go cheesy on your wallet or else people will think that you have a funny and particular style.</p>\n\n<p style=\"text-align:center\"><img alt=\"f5\" src=\"/storage/news/2.jpg\" /></p>\n\n<p><br />\n&nbsp;</p>\n<hr />\n<h4><strong>Number 2: Choose The Right Size For Your Wallet</strong></h4>\n\n<p>You should avoid having an over-sized wallet. Don&rsquo;t think that you need to buy a big wallet because you have a lot to carry with you. In addition, a fat wallet is very ugly. It will make it harder for you to slide the wallet into your trousers&rsquo; pocket. In addition, it will create a bulge and ruin your look.</p>\n\n<p>Before you go on to buy a new wallet, clean out your wallet and place all the items from your wallet on a table. Throw away things that you would never need any more such as the old bills or the expired gift cards. Remember to check your wallet on a frequent basis to get rid of all of the old stuff that you don&rsquo;t need anymore.</p>\n\n<p style=\"text-align:center\"><img alt=\"f1\" src=\"/storage/news/3.jpg\" /></p>\n\n<p><br />\n&nbsp;</p>\n\n<hr />\n<h4><strong>Number 3: Don&rsquo;t Limit Your Options Of Materials</strong></h4>\n\n<p>The types and designs of wallets are not the only things that you should consider when you go out searching for your best wallet. You have more than 1 option of material rather than leather to choose from as well.</p>\n\n<p>You can experiment with other available options such as cotton, polyester and canvas. They all have their own pros and cons. As a result, they will be suitable for different needs and requirements. You should think about them all in order to choose the material which you would like the most.</p>\n\n<p style=\"text-align:center\"><img alt=\"f6\" src=\"/storage/news/4.jpg\" /></p>\n\n<p><br />\n&nbsp;</p>\n\n<hr />\n<h4><strong>Number 4: Consider A Wallet As A Long Term Investment</strong></h4>\n\n<p>Your wallet is indeed an investment that you should consider spending a decent amount of time and effort on it. Another factor that you need to consider is how much you want to spend on your wallet. The price ranges of wallets on the market vary a great deal. You can find a wallet which is as cheap as about 5 to 7 dollars. On the other hand, you should expect to pay around 250 to 300 dollars for a high-quality wallet.</p>\n\n<p>In case you need a wallet to use for a long time, it is a good idea that you should invest a decent amount of money on a wallet. A high quality wallet from a reputational brand with the premium quality such as cowhide leather will last for a long time. In addition, it is an accessory to show off your fashion sense and your social status.</p>\n\n<p style=\"text-align:center\"><img alt=\"f2\" src=\"/storage/news/5.jpg\" /></p>\n\n<p>&nbsp;</p>\n','published',2,'Botble\\ACL\\Models\\User',1,'news/3.jpg',504,NULL,'2024-01-06 17:16:51','2024-01-06 17:16:51'),(4,'How to Match the Color of Your Handbag With an Outfit','You should pay more attention when you choose your wallets. There are a lot of them on the market with the different designs and styles. When you choose carefully, you would be able to buy a wallet that is catered to your needs. Not to mention that it will help to enhance your style significantly.','<p>I have seen many people underestimating the power of their wallets. To them, they are just a functional item they use to carry. As a result, they often end up with the wallets which are not really suitable for them.</p>\n\n<p>You should pay more attention when you choose your wallets. There are a lot of them on the market with the different designs and styles. When you choose carefully, you would be able to buy a wallet that is catered to your needs. Not to mention that it will help to enhance your style significantly.</p>\n\n<p style=\"text-align:center\"><img alt=\"f4\" src=\"/storage/news/1.jpg\" /></p>\n\n<p><br />\n&nbsp;</p>\n\n<p><strong><em>For all of the reason above, here are 7 expert tips to help you pick up the right men&rsquo;s wallet for you:</em></strong></p>\n\n<h4><strong>Number 1: Choose A Neat Wallet</strong></h4>\n\n<p>The wallet is an essential accessory that you should go simple. Simplicity is the best in this case. A simple and neat wallet with the plain color and even&nbsp;<strong>minimalist style</strong>&nbsp;is versatile. It can be used for both formal and casual events. In addition, that wallet will go well with most of the clothes in your wardrobe.</p>\n\n<p>Keep in mind that a wallet will tell other people about your personality and your fashion sense as much as other clothes you put on. Hence, don&rsquo;t go cheesy on your wallet or else people will think that you have a funny and particular style.</p>\n\n<p style=\"text-align:center\"><img alt=\"f5\" src=\"/storage/news/2.jpg\" /></p>\n\n<p><br />\n&nbsp;</p>\n<hr />\n<h4><strong>Number 2: Choose The Right Size For Your Wallet</strong></h4>\n\n<p>You should avoid having an over-sized wallet. Don&rsquo;t think that you need to buy a big wallet because you have a lot to carry with you. In addition, a fat wallet is very ugly. It will make it harder for you to slide the wallet into your trousers&rsquo; pocket. In addition, it will create a bulge and ruin your look.</p>\n\n<p>Before you go on to buy a new wallet, clean out your wallet and place all the items from your wallet on a table. Throw away things that you would never need any more such as the old bills or the expired gift cards. Remember to check your wallet on a frequent basis to get rid of all of the old stuff that you don&rsquo;t need anymore.</p>\n\n<p style=\"text-align:center\"><img alt=\"f1\" src=\"/storage/news/3.jpg\" /></p>\n\n<p><br />\n&nbsp;</p>\n\n<hr />\n<h4><strong>Number 3: Don&rsquo;t Limit Your Options Of Materials</strong></h4>\n\n<p>The types and designs of wallets are not the only things that you should consider when you go out searching for your best wallet. You have more than 1 option of material rather than leather to choose from as well.</p>\n\n<p>You can experiment with other available options such as cotton, polyester and canvas. They all have their own pros and cons. As a result, they will be suitable for different needs and requirements. You should think about them all in order to choose the material which you would like the most.</p>\n\n<p style=\"text-align:center\"><img alt=\"f6\" src=\"/storage/news/4.jpg\" /></p>\n\n<p><br />\n&nbsp;</p>\n\n<hr />\n<h4><strong>Number 4: Consider A Wallet As A Long Term Investment</strong></h4>\n\n<p>Your wallet is indeed an investment that you should consider spending a decent amount of time and effort on it. Another factor that you need to consider is how much you want to spend on your wallet. The price ranges of wallets on the market vary a great deal. You can find a wallet which is as cheap as about 5 to 7 dollars. On the other hand, you should expect to pay around 250 to 300 dollars for a high-quality wallet.</p>\n\n<p>In case you need a wallet to use for a long time, it is a good idea that you should invest a decent amount of money on a wallet. A high quality wallet from a reputational brand with the premium quality such as cowhide leather will last for a long time. In addition, it is an accessory to show off your fashion sense and your social status.</p>\n\n<p style=\"text-align:center\"><img alt=\"f2\" src=\"/storage/news/5.jpg\" /></p>\n\n<p>&nbsp;</p>\n','published',2,'Botble\\ACL\\Models\\User',1,'news/4.jpg',1607,NULL,'2024-01-06 17:16:51','2024-01-06 17:16:51'),(5,'How to Care for Leather Bags','You should pay more attention when you choose your wallets. There are a lot of them on the market with the different designs and styles. When you choose carefully, you would be able to buy a wallet that is catered to your needs. Not to mention that it will help to enhance your style significantly.','<p>I have seen many people underestimating the power of their wallets. To them, they are just a functional item they use to carry. As a result, they often end up with the wallets which are not really suitable for them.</p>\n\n<p>You should pay more attention when you choose your wallets. There are a lot of them on the market with the different designs and styles. When you choose carefully, you would be able to buy a wallet that is catered to your needs. Not to mention that it will help to enhance your style significantly.</p>\n\n<p style=\"text-align:center\"><img alt=\"f4\" src=\"/storage/news/1.jpg\" /></p>\n\n<p><br />\n&nbsp;</p>\n\n<p><strong><em>For all of the reason above, here are 7 expert tips to help you pick up the right men&rsquo;s wallet for you:</em></strong></p>\n\n<h4><strong>Number 1: Choose A Neat Wallet</strong></h4>\n\n<p>The wallet is an essential accessory that you should go simple. Simplicity is the best in this case. A simple and neat wallet with the plain color and even&nbsp;<strong>minimalist style</strong>&nbsp;is versatile. It can be used for both formal and casual events. In addition, that wallet will go well with most of the clothes in your wardrobe.</p>\n\n<p>Keep in mind that a wallet will tell other people about your personality and your fashion sense as much as other clothes you put on. Hence, don&rsquo;t go cheesy on your wallet or else people will think that you have a funny and particular style.</p>\n\n<p style=\"text-align:center\"><img alt=\"f5\" src=\"/storage/news/2.jpg\" /></p>\n\n<p><br />\n&nbsp;</p>\n<hr />\n<h4><strong>Number 2: Choose The Right Size For Your Wallet</strong></h4>\n\n<p>You should avoid having an over-sized wallet. Don&rsquo;t think that you need to buy a big wallet because you have a lot to carry with you. In addition, a fat wallet is very ugly. It will make it harder for you to slide the wallet into your trousers&rsquo; pocket. In addition, it will create a bulge and ruin your look.</p>\n\n<p>Before you go on to buy a new wallet, clean out your wallet and place all the items from your wallet on a table. Throw away things that you would never need any more such as the old bills or the expired gift cards. Remember to check your wallet on a frequent basis to get rid of all of the old stuff that you don&rsquo;t need anymore.</p>\n\n<p style=\"text-align:center\"><img alt=\"f1\" src=\"/storage/news/3.jpg\" /></p>\n\n<p><br />\n&nbsp;</p>\n\n<hr />\n<h4><strong>Number 3: Don&rsquo;t Limit Your Options Of Materials</strong></h4>\n\n<p>The types and designs of wallets are not the only things that you should consider when you go out searching for your best wallet. You have more than 1 option of material rather than leather to choose from as well.</p>\n\n<p>You can experiment with other available options such as cotton, polyester and canvas. They all have their own pros and cons. As a result, they will be suitable for different needs and requirements. You should think about them all in order to choose the material which you would like the most.</p>\n\n<p style=\"text-align:center\"><img alt=\"f6\" src=\"/storage/news/4.jpg\" /></p>\n\n<p><br />\n&nbsp;</p>\n\n<hr />\n<h4><strong>Number 4: Consider A Wallet As A Long Term Investment</strong></h4>\n\n<p>Your wallet is indeed an investment that you should consider spending a decent amount of time and effort on it. Another factor that you need to consider is how much you want to spend on your wallet. The price ranges of wallets on the market vary a great deal. You can find a wallet which is as cheap as about 5 to 7 dollars. On the other hand, you should expect to pay around 250 to 300 dollars for a high-quality wallet.</p>\n\n<p>In case you need a wallet to use for a long time, it is a good idea that you should invest a decent amount of money on a wallet. A high quality wallet from a reputational brand with the premium quality such as cowhide leather will last for a long time. In addition, it is an accessory to show off your fashion sense and your social status.</p>\n\n<p style=\"text-align:center\"><img alt=\"f2\" src=\"/storage/news/5.jpg\" /></p>\n\n<p>&nbsp;</p>\n','published',2,'Botble\\ACL\\Models\\User',1,'news/5.jpg',1234,NULL,'2024-01-06 17:16:51','2024-01-06 17:16:51'),(6,'We\'re Crushing Hard on Summer\'s 10 Biggest Bag Trends','You should pay more attention when you choose your wallets. There are a lot of them on the market with the different designs and styles. When you choose carefully, you would be able to buy a wallet that is catered to your needs. Not to mention that it will help to enhance your style significantly.','<p>I have seen many people underestimating the power of their wallets. To them, they are just a functional item they use to carry. As a result, they often end up with the wallets which are not really suitable for them.</p>\n\n<p>You should pay more attention when you choose your wallets. There are a lot of them on the market with the different designs and styles. When you choose carefully, you would be able to buy a wallet that is catered to your needs. Not to mention that it will help to enhance your style significantly.</p>\n\n<p style=\"text-align:center\"><img alt=\"f4\" src=\"/storage/news/1.jpg\" /></p>\n\n<p><br />\n&nbsp;</p>\n\n<p><strong><em>For all of the reason above, here are 7 expert tips to help you pick up the right men&rsquo;s wallet for you:</em></strong></p>\n\n<h4><strong>Number 1: Choose A Neat Wallet</strong></h4>\n\n<p>The wallet is an essential accessory that you should go simple. Simplicity is the best in this case. A simple and neat wallet with the plain color and even&nbsp;<strong>minimalist style</strong>&nbsp;is versatile. It can be used for both formal and casual events. In addition, that wallet will go well with most of the clothes in your wardrobe.</p>\n\n<p>Keep in mind that a wallet will tell other people about your personality and your fashion sense as much as other clothes you put on. Hence, don&rsquo;t go cheesy on your wallet or else people will think that you have a funny and particular style.</p>\n\n<p style=\"text-align:center\"><img alt=\"f5\" src=\"/storage/news/2.jpg\" /></p>\n\n<p><br />\n&nbsp;</p>\n<hr />\n<h4><strong>Number 2: Choose The Right Size For Your Wallet</strong></h4>\n\n<p>You should avoid having an over-sized wallet. Don&rsquo;t think that you need to buy a big wallet because you have a lot to carry with you. In addition, a fat wallet is very ugly. It will make it harder for you to slide the wallet into your trousers&rsquo; pocket. In addition, it will create a bulge and ruin your look.</p>\n\n<p>Before you go on to buy a new wallet, clean out your wallet and place all the items from your wallet on a table. Throw away things that you would never need any more such as the old bills or the expired gift cards. Remember to check your wallet on a frequent basis to get rid of all of the old stuff that you don&rsquo;t need anymore.</p>\n\n<p style=\"text-align:center\"><img alt=\"f1\" src=\"/storage/news/3.jpg\" /></p>\n\n<p><br />\n&nbsp;</p>\n\n<hr />\n<h4><strong>Number 3: Don&rsquo;t Limit Your Options Of Materials</strong></h4>\n\n<p>The types and designs of wallets are not the only things that you should consider when you go out searching for your best wallet. You have more than 1 option of material rather than leather to choose from as well.</p>\n\n<p>You can experiment with other available options such as cotton, polyester and canvas. They all have their own pros and cons. As a result, they will be suitable for different needs and requirements. You should think about them all in order to choose the material which you would like the most.</p>\n\n<p style=\"text-align:center\"><img alt=\"f6\" src=\"/storage/news/4.jpg\" /></p>\n\n<p><br />\n&nbsp;</p>\n\n<hr />\n<h4><strong>Number 4: Consider A Wallet As A Long Term Investment</strong></h4>\n\n<p>Your wallet is indeed an investment that you should consider spending a decent amount of time and effort on it. Another factor that you need to consider is how much you want to spend on your wallet. The price ranges of wallets on the market vary a great deal. You can find a wallet which is as cheap as about 5 to 7 dollars. On the other hand, you should expect to pay around 250 to 300 dollars for a high-quality wallet.</p>\n\n<p>In case you need a wallet to use for a long time, it is a good idea that you should invest a decent amount of money on a wallet. A high quality wallet from a reputational brand with the premium quality such as cowhide leather will last for a long time. In addition, it is an accessory to show off your fashion sense and your social status.</p>\n\n<p style=\"text-align:center\"><img alt=\"f2\" src=\"/storage/news/5.jpg\" /></p>\n\n<p>&nbsp;</p>\n','published',2,'Botble\\ACL\\Models\\User',1,'news/6.jpg',2178,NULL,'2024-01-06 17:16:51','2024-01-06 17:16:51'),(7,'Essential Qualities of Highly Successful Music','You should pay more attention when you choose your wallets. There are a lot of them on the market with the different designs and styles. When you choose carefully, you would be able to buy a wallet that is catered to your needs. Not to mention that it will help to enhance your style significantly.','<p>I have seen many people underestimating the power of their wallets. To them, they are just a functional item they use to carry. As a result, they often end up with the wallets which are not really suitable for them.</p>\n\n<p>You should pay more attention when you choose your wallets. There are a lot of them on the market with the different designs and styles. When you choose carefully, you would be able to buy a wallet that is catered to your needs. Not to mention that it will help to enhance your style significantly.</p>\n\n<p style=\"text-align:center\"><img alt=\"f4\" src=\"/storage/news/1.jpg\" /></p>\n\n<p><br />\n&nbsp;</p>\n\n<p><strong><em>For all of the reason above, here are 7 expert tips to help you pick up the right men&rsquo;s wallet for you:</em></strong></p>\n\n<h4><strong>Number 1: Choose A Neat Wallet</strong></h4>\n\n<p>The wallet is an essential accessory that you should go simple. Simplicity is the best in this case. A simple and neat wallet with the plain color and even&nbsp;<strong>minimalist style</strong>&nbsp;is versatile. It can be used for both formal and casual events. In addition, that wallet will go well with most of the clothes in your wardrobe.</p>\n\n<p>Keep in mind that a wallet will tell other people about your personality and your fashion sense as much as other clothes you put on. Hence, don&rsquo;t go cheesy on your wallet or else people will think that you have a funny and particular style.</p>\n\n<p style=\"text-align:center\"><img alt=\"f5\" src=\"/storage/news/2.jpg\" /></p>\n\n<p><br />\n&nbsp;</p>\n<hr />\n<h4><strong>Number 2: Choose The Right Size For Your Wallet</strong></h4>\n\n<p>You should avoid having an over-sized wallet. Don&rsquo;t think that you need to buy a big wallet because you have a lot to carry with you. In addition, a fat wallet is very ugly. It will make it harder for you to slide the wallet into your trousers&rsquo; pocket. In addition, it will create a bulge and ruin your look.</p>\n\n<p>Before you go on to buy a new wallet, clean out your wallet and place all the items from your wallet on a table. Throw away things that you would never need any more such as the old bills or the expired gift cards. Remember to check your wallet on a frequent basis to get rid of all of the old stuff that you don&rsquo;t need anymore.</p>\n\n<p style=\"text-align:center\"><img alt=\"f1\" src=\"/storage/news/3.jpg\" /></p>\n\n<p><br />\n&nbsp;</p>\n\n<hr />\n<h4><strong>Number 3: Don&rsquo;t Limit Your Options Of Materials</strong></h4>\n\n<p>The types and designs of wallets are not the only things that you should consider when you go out searching for your best wallet. You have more than 1 option of material rather than leather to choose from as well.</p>\n\n<p>You can experiment with other available options such as cotton, polyester and canvas. They all have their own pros and cons. As a result, they will be suitable for different needs and requirements. You should think about them all in order to choose the material which you would like the most.</p>\n\n<p style=\"text-align:center\"><img alt=\"f6\" src=\"/storage/news/4.jpg\" /></p>\n\n<p><br />\n&nbsp;</p>\n\n<hr />\n<h4><strong>Number 4: Consider A Wallet As A Long Term Investment</strong></h4>\n\n<p>Your wallet is indeed an investment that you should consider spending a decent amount of time and effort on it. Another factor that you need to consider is how much you want to spend on your wallet. The price ranges of wallets on the market vary a great deal. You can find a wallet which is as cheap as about 5 to 7 dollars. On the other hand, you should expect to pay around 250 to 300 dollars for a high-quality wallet.</p>\n\n<p>In case you need a wallet to use for a long time, it is a good idea that you should invest a decent amount of money on a wallet. A high quality wallet from a reputational brand with the premium quality such as cowhide leather will last for a long time. In addition, it is an accessory to show off your fashion sense and your social status.</p>\n\n<p style=\"text-align:center\"><img alt=\"f2\" src=\"/storage/news/5.jpg\" /></p>\n\n<p>&nbsp;</p>\n','published',2,'Botble\\ACL\\Models\\User',1,'news/7.jpg',735,NULL,'2024-01-06 17:16:51','2024-01-06 17:16:51'),(8,'9 Things I Love About Shaving My Head','You should pay more attention when you choose your wallets. There are a lot of them on the market with the different designs and styles. When you choose carefully, you would be able to buy a wallet that is catered to your needs. Not to mention that it will help to enhance your style significantly.','<p>I have seen many people underestimating the power of their wallets. To them, they are just a functional item they use to carry. As a result, they often end up with the wallets which are not really suitable for them.</p>\n\n<p>You should pay more attention when you choose your wallets. There are a lot of them on the market with the different designs and styles. When you choose carefully, you would be able to buy a wallet that is catered to your needs. Not to mention that it will help to enhance your style significantly.</p>\n\n<p style=\"text-align:center\"><img alt=\"f4\" src=\"/storage/news/1.jpg\" /></p>\n\n<p><br />\n&nbsp;</p>\n\n<p><strong><em>For all of the reason above, here are 7 expert tips to help you pick up the right men&rsquo;s wallet for you:</em></strong></p>\n\n<h4><strong>Number 1: Choose A Neat Wallet</strong></h4>\n\n<p>The wallet is an essential accessory that you should go simple. Simplicity is the best in this case. A simple and neat wallet with the plain color and even&nbsp;<strong>minimalist style</strong>&nbsp;is versatile. It can be used for both formal and casual events. In addition, that wallet will go well with most of the clothes in your wardrobe.</p>\n\n<p>Keep in mind that a wallet will tell other people about your personality and your fashion sense as much as other clothes you put on. Hence, don&rsquo;t go cheesy on your wallet or else people will think that you have a funny and particular style.</p>\n\n<p style=\"text-align:center\"><img alt=\"f5\" src=\"/storage/news/2.jpg\" /></p>\n\n<p><br />\n&nbsp;</p>\n<hr />\n<h4><strong>Number 2: Choose The Right Size For Your Wallet</strong></h4>\n\n<p>You should avoid having an over-sized wallet. Don&rsquo;t think that you need to buy a big wallet because you have a lot to carry with you. In addition, a fat wallet is very ugly. It will make it harder for you to slide the wallet into your trousers&rsquo; pocket. In addition, it will create a bulge and ruin your look.</p>\n\n<p>Before you go on to buy a new wallet, clean out your wallet and place all the items from your wallet on a table. Throw away things that you would never need any more such as the old bills or the expired gift cards. Remember to check your wallet on a frequent basis to get rid of all of the old stuff that you don&rsquo;t need anymore.</p>\n\n<p style=\"text-align:center\"><img alt=\"f1\" src=\"/storage/news/3.jpg\" /></p>\n\n<p><br />\n&nbsp;</p>\n\n<hr />\n<h4><strong>Number 3: Don&rsquo;t Limit Your Options Of Materials</strong></h4>\n\n<p>The types and designs of wallets are not the only things that you should consider when you go out searching for your best wallet. You have more than 1 option of material rather than leather to choose from as well.</p>\n\n<p>You can experiment with other available options such as cotton, polyester and canvas. They all have their own pros and cons. As a result, they will be suitable for different needs and requirements. You should think about them all in order to choose the material which you would like the most.</p>\n\n<p style=\"text-align:center\"><img alt=\"f6\" src=\"/storage/news/4.jpg\" /></p>\n\n<p><br />\n&nbsp;</p>\n\n<hr />\n<h4><strong>Number 4: Consider A Wallet As A Long Term Investment</strong></h4>\n\n<p>Your wallet is indeed an investment that you should consider spending a decent amount of time and effort on it. Another factor that you need to consider is how much you want to spend on your wallet. The price ranges of wallets on the market vary a great deal. You can find a wallet which is as cheap as about 5 to 7 dollars. On the other hand, you should expect to pay around 250 to 300 dollars for a high-quality wallet.</p>\n\n<p>In case you need a wallet to use for a long time, it is a good idea that you should invest a decent amount of money on a wallet. A high quality wallet from a reputational brand with the premium quality such as cowhide leather will last for a long time. In addition, it is an accessory to show off your fashion sense and your social status.</p>\n\n<p style=\"text-align:center\"><img alt=\"f2\" src=\"/storage/news/5.jpg\" /></p>\n\n<p>&nbsp;</p>\n','published',2,'Botble\\ACL\\Models\\User',1,'news/8.jpg',1126,NULL,'2024-01-06 17:16:51','2024-01-06 17:16:51'),(9,'Why Teamwork Really Makes The Dream Work','You should pay more attention when you choose your wallets. There are a lot of them on the market with the different designs and styles. When you choose carefully, you would be able to buy a wallet that is catered to your needs. Not to mention that it will help to enhance your style significantly.','<p>I have seen many people underestimating the power of their wallets. To them, they are just a functional item they use to carry. As a result, they often end up with the wallets which are not really suitable for them.</p>\n\n<p>You should pay more attention when you choose your wallets. There are a lot of them on the market with the different designs and styles. When you choose carefully, you would be able to buy a wallet that is catered to your needs. Not to mention that it will help to enhance your style significantly.</p>\n\n<p style=\"text-align:center\"><img alt=\"f4\" src=\"/storage/news/1.jpg\" /></p>\n\n<p><br />\n&nbsp;</p>\n\n<p><strong><em>For all of the reason above, here are 7 expert tips to help you pick up the right men&rsquo;s wallet for you:</em></strong></p>\n\n<h4><strong>Number 1: Choose A Neat Wallet</strong></h4>\n\n<p>The wallet is an essential accessory that you should go simple. Simplicity is the best in this case. A simple and neat wallet with the plain color and even&nbsp;<strong>minimalist style</strong>&nbsp;is versatile. It can be used for both formal and casual events. In addition, that wallet will go well with most of the clothes in your wardrobe.</p>\n\n<p>Keep in mind that a wallet will tell other people about your personality and your fashion sense as much as other clothes you put on. Hence, don&rsquo;t go cheesy on your wallet or else people will think that you have a funny and particular style.</p>\n\n<p style=\"text-align:center\"><img alt=\"f5\" src=\"/storage/news/2.jpg\" /></p>\n\n<p><br />\n&nbsp;</p>\n<hr />\n<h4><strong>Number 2: Choose The Right Size For Your Wallet</strong></h4>\n\n<p>You should avoid having an over-sized wallet. Don&rsquo;t think that you need to buy a big wallet because you have a lot to carry with you. In addition, a fat wallet is very ugly. It will make it harder for you to slide the wallet into your trousers&rsquo; pocket. In addition, it will create a bulge and ruin your look.</p>\n\n<p>Before you go on to buy a new wallet, clean out your wallet and place all the items from your wallet on a table. Throw away things that you would never need any more such as the old bills or the expired gift cards. Remember to check your wallet on a frequent basis to get rid of all of the old stuff that you don&rsquo;t need anymore.</p>\n\n<p style=\"text-align:center\"><img alt=\"f1\" src=\"/storage/news/3.jpg\" /></p>\n\n<p><br />\n&nbsp;</p>\n\n<hr />\n<h4><strong>Number 3: Don&rsquo;t Limit Your Options Of Materials</strong></h4>\n\n<p>The types and designs of wallets are not the only things that you should consider when you go out searching for your best wallet. You have more than 1 option of material rather than leather to choose from as well.</p>\n\n<p>You can experiment with other available options such as cotton, polyester and canvas. They all have their own pros and cons. As a result, they will be suitable for different needs and requirements. You should think about them all in order to choose the material which you would like the most.</p>\n\n<p style=\"text-align:center\"><img alt=\"f6\" src=\"/storage/news/4.jpg\" /></p>\n\n<p><br />\n&nbsp;</p>\n\n<hr />\n<h4><strong>Number 4: Consider A Wallet As A Long Term Investment</strong></h4>\n\n<p>Your wallet is indeed an investment that you should consider spending a decent amount of time and effort on it. Another factor that you need to consider is how much you want to spend on your wallet. The price ranges of wallets on the market vary a great deal. You can find a wallet which is as cheap as about 5 to 7 dollars. On the other hand, you should expect to pay around 250 to 300 dollars for a high-quality wallet.</p>\n\n<p>In case you need a wallet to use for a long time, it is a good idea that you should invest a decent amount of money on a wallet. A high quality wallet from a reputational brand with the premium quality such as cowhide leather will last for a long time. In addition, it is an accessory to show off your fashion sense and your social status.</p>\n\n<p style=\"text-align:center\"><img alt=\"f2\" src=\"/storage/news/5.jpg\" /></p>\n\n<p>&nbsp;</p>\n','published',2,'Botble\\ACL\\Models\\User',1,'news/9.jpg',251,NULL,'2024-01-06 17:16:51','2024-01-06 17:16:51'),(10,'The World Caters to Average People','You should pay more attention when you choose your wallets. There are a lot of them on the market with the different designs and styles. When you choose carefully, you would be able to buy a wallet that is catered to your needs. Not to mention that it will help to enhance your style significantly.','<p>I have seen many people underestimating the power of their wallets. To them, they are just a functional item they use to carry. As a result, they often end up with the wallets which are not really suitable for them.</p>\n\n<p>You should pay more attention when you choose your wallets. There are a lot of them on the market with the different designs and styles. When you choose carefully, you would be able to buy a wallet that is catered to your needs. Not to mention that it will help to enhance your style significantly.</p>\n\n<p style=\"text-align:center\"><img alt=\"f4\" src=\"/storage/news/1.jpg\" /></p>\n\n<p><br />\n&nbsp;</p>\n\n<p><strong><em>For all of the reason above, here are 7 expert tips to help you pick up the right men&rsquo;s wallet for you:</em></strong></p>\n\n<h4><strong>Number 1: Choose A Neat Wallet</strong></h4>\n\n<p>The wallet is an essential accessory that you should go simple. Simplicity is the best in this case. A simple and neat wallet with the plain color and even&nbsp;<strong>minimalist style</strong>&nbsp;is versatile. It can be used for both formal and casual events. In addition, that wallet will go well with most of the clothes in your wardrobe.</p>\n\n<p>Keep in mind that a wallet will tell other people about your personality and your fashion sense as much as other clothes you put on. Hence, don&rsquo;t go cheesy on your wallet or else people will think that you have a funny and particular style.</p>\n\n<p style=\"text-align:center\"><img alt=\"f5\" src=\"/storage/news/2.jpg\" /></p>\n\n<p><br />\n&nbsp;</p>\n<hr />\n<h4><strong>Number 2: Choose The Right Size For Your Wallet</strong></h4>\n\n<p>You should avoid having an over-sized wallet. Don&rsquo;t think that you need to buy a big wallet because you have a lot to carry with you. In addition, a fat wallet is very ugly. It will make it harder for you to slide the wallet into your trousers&rsquo; pocket. In addition, it will create a bulge and ruin your look.</p>\n\n<p>Before you go on to buy a new wallet, clean out your wallet and place all the items from your wallet on a table. Throw away things that you would never need any more such as the old bills or the expired gift cards. Remember to check your wallet on a frequent basis to get rid of all of the old stuff that you don&rsquo;t need anymore.</p>\n\n<p style=\"text-align:center\"><img alt=\"f1\" src=\"/storage/news/3.jpg\" /></p>\n\n<p><br />\n&nbsp;</p>\n\n<hr />\n<h4><strong>Number 3: Don&rsquo;t Limit Your Options Of Materials</strong></h4>\n\n<p>The types and designs of wallets are not the only things that you should consider when you go out searching for your best wallet. You have more than 1 option of material rather than leather to choose from as well.</p>\n\n<p>You can experiment with other available options such as cotton, polyester and canvas. They all have their own pros and cons. As a result, they will be suitable for different needs and requirements. You should think about them all in order to choose the material which you would like the most.</p>\n\n<p style=\"text-align:center\"><img alt=\"f6\" src=\"/storage/news/4.jpg\" /></p>\n\n<p><br />\n&nbsp;</p>\n\n<hr />\n<h4><strong>Number 4: Consider A Wallet As A Long Term Investment</strong></h4>\n\n<p>Your wallet is indeed an investment that you should consider spending a decent amount of time and effort on it. Another factor that you need to consider is how much you want to spend on your wallet. The price ranges of wallets on the market vary a great deal. You can find a wallet which is as cheap as about 5 to 7 dollars. On the other hand, you should expect to pay around 250 to 300 dollars for a high-quality wallet.</p>\n\n<p>In case you need a wallet to use for a long time, it is a good idea that you should invest a decent amount of money on a wallet. A high quality wallet from a reputational brand with the premium quality such as cowhide leather will last for a long time. In addition, it is an accessory to show off your fashion sense and your social status.</p>\n\n<p style=\"text-align:center\"><img alt=\"f2\" src=\"/storage/news/5.jpg\" /></p>\n\n<p>&nbsp;</p>\n','published',2,'Botble\\ACL\\Models\\User',1,'news/10.jpg',2156,NULL,'2024-01-06 17:16:51','2024-01-06 17:16:51'),(11,'The litigants on the screen are not actors','You should pay more attention when you choose your wallets. There are a lot of them on the market with the different designs and styles. When you choose carefully, you would be able to buy a wallet that is catered to your needs. Not to mention that it will help to enhance your style significantly.','<p>I have seen many people underestimating the power of their wallets. To them, they are just a functional item they use to carry. As a result, they often end up with the wallets which are not really suitable for them.</p>\n\n<p>You should pay more attention when you choose your wallets. There are a lot of them on the market with the different designs and styles. When you choose carefully, you would be able to buy a wallet that is catered to your needs. Not to mention that it will help to enhance your style significantly.</p>\n\n<p style=\"text-align:center\"><img alt=\"f4\" src=\"/storage/news/1.jpg\" /></p>\n\n<p><br />\n&nbsp;</p>\n\n<p><strong><em>For all of the reason above, here are 7 expert tips to help you pick up the right men&rsquo;s wallet for you:</em></strong></p>\n\n<h4><strong>Number 1: Choose A Neat Wallet</strong></h4>\n\n<p>The wallet is an essential accessory that you should go simple. Simplicity is the best in this case. A simple and neat wallet with the plain color and even&nbsp;<strong>minimalist style</strong>&nbsp;is versatile. It can be used for both formal and casual events. In addition, that wallet will go well with most of the clothes in your wardrobe.</p>\n\n<p>Keep in mind that a wallet will tell other people about your personality and your fashion sense as much as other clothes you put on. Hence, don&rsquo;t go cheesy on your wallet or else people will think that you have a funny and particular style.</p>\n\n<p style=\"text-align:center\"><img alt=\"f5\" src=\"/storage/news/2.jpg\" /></p>\n\n<p><br />\n&nbsp;</p>\n<hr />\n<h4><strong>Number 2: Choose The Right Size For Your Wallet</strong></h4>\n\n<p>You should avoid having an over-sized wallet. Don&rsquo;t think that you need to buy a big wallet because you have a lot to carry with you. In addition, a fat wallet is very ugly. It will make it harder for you to slide the wallet into your trousers&rsquo; pocket. In addition, it will create a bulge and ruin your look.</p>\n\n<p>Before you go on to buy a new wallet, clean out your wallet and place all the items from your wallet on a table. Throw away things that you would never need any more such as the old bills or the expired gift cards. Remember to check your wallet on a frequent basis to get rid of all of the old stuff that you don&rsquo;t need anymore.</p>\n\n<p style=\"text-align:center\"><img alt=\"f1\" src=\"/storage/news/3.jpg\" /></p>\n\n<p><br />\n&nbsp;</p>\n\n<hr />\n<h4><strong>Number 3: Don&rsquo;t Limit Your Options Of Materials</strong></h4>\n\n<p>The types and designs of wallets are not the only things that you should consider when you go out searching for your best wallet. You have more than 1 option of material rather than leather to choose from as well.</p>\n\n<p>You can experiment with other available options such as cotton, polyester and canvas. They all have their own pros and cons. As a result, they will be suitable for different needs and requirements. You should think about them all in order to choose the material which you would like the most.</p>\n\n<p style=\"text-align:center\"><img alt=\"f6\" src=\"/storage/news/4.jpg\" /></p>\n\n<p><br />\n&nbsp;</p>\n\n<hr />\n<h4><strong>Number 4: Consider A Wallet As A Long Term Investment</strong></h4>\n\n<p>Your wallet is indeed an investment that you should consider spending a decent amount of time and effort on it. Another factor that you need to consider is how much you want to spend on your wallet. The price ranges of wallets on the market vary a great deal. You can find a wallet which is as cheap as about 5 to 7 dollars. On the other hand, you should expect to pay around 250 to 300 dollars for a high-quality wallet.</p>\n\n<p>In case you need a wallet to use for a long time, it is a good idea that you should invest a decent amount of money on a wallet. A high quality wallet from a reputational brand with the premium quality such as cowhide leather will last for a long time. In addition, it is an accessory to show off your fashion sense and your social status.</p>\n\n<p style=\"text-align:center\"><img alt=\"f2\" src=\"/storage/news/5.jpg\" /></p>\n\n<p>&nbsp;</p>\n','published',2,'Botble\\ACL\\Models\\User',0,'news/11.jpg',1267,NULL,'2024-01-06 17:16:51','2024-01-06 17:16:51');
/*!40000 ALTER TABLE `posts` ENABLE KEYS */;
UNLOCK TABLES;

--
-- Table structure for table `posts_translations`
--

DROP TABLE IF EXISTS `posts_translations`;
/*!40101 SET @saved_cs_client     = @@character_set_client */;
/*!50503 SET character_set_client = utf8mb4 */;
CREATE TABLE `posts_translations` (
  `lang_code` varchar(20) COLLATE utf8mb4_unicode_ci NOT NULL,
  `posts_id` bigint unsigned NOT NULL,
  `name` varchar(255) COLLATE utf8mb4_unicode_ci DEFAULT NULL,
  `description` varchar(400) COLLATE utf8mb4_unicode_ci DEFAULT NULL,
  `content` longtext COLLATE utf8mb4_unicode_ci,
  PRIMARY KEY (`lang_code`,`posts_id`)
) ENGINE=InnoDB DEFAULT CHARSET=utf8mb4 COLLATE=utf8mb4_unicode_ci;
/*!40101 SET character_set_client = @saved_cs_client */;

--
-- Dumping data for table `posts_translations`
--

LOCK TABLES `posts_translations` WRITE;
/*!40000 ALTER TABLE `posts_translations` DISABLE KEYS */;
/*!40000 ALTER TABLE `posts_translations` ENABLE KEYS */;
UNLOCK TABLES;

--
-- Table structure for table `revisions`
--

DROP TABLE IF EXISTS `revisions`;
/*!40101 SET @saved_cs_client     = @@character_set_client */;
/*!50503 SET character_set_client = utf8mb4 */;
CREATE TABLE `revisions` (
  `id` bigint unsigned NOT NULL AUTO_INCREMENT,
  `revisionable_type` varchar(191) COLLATE utf8mb4_unicode_ci NOT NULL,
  `revisionable_id` bigint unsigned NOT NULL,
  `user_id` bigint unsigned DEFAULT NULL,
  `key` varchar(120) COLLATE utf8mb4_unicode_ci NOT NULL,
  `old_value` text COLLATE utf8mb4_unicode_ci,
  `new_value` text COLLATE utf8mb4_unicode_ci,
  `created_at` timestamp NULL DEFAULT NULL,
  `updated_at` timestamp NULL DEFAULT NULL,
  PRIMARY KEY (`id`),
  KEY `revisions_revisionable_id_revisionable_type_index` (`revisionable_id`,`revisionable_type`)
) ENGINE=InnoDB DEFAULT CHARSET=utf8mb4 COLLATE=utf8mb4_unicode_ci;
/*!40101 SET character_set_client = @saved_cs_client */;

--
-- Dumping data for table `revisions`
--

LOCK TABLES `revisions` WRITE;
/*!40000 ALTER TABLE `revisions` DISABLE KEYS */;
/*!40000 ALTER TABLE `revisions` ENABLE KEYS */;
UNLOCK TABLES;

--
-- Table structure for table `role_users`
--

DROP TABLE IF EXISTS `role_users`;
/*!40101 SET @saved_cs_client     = @@character_set_client */;
/*!50503 SET character_set_client = utf8mb4 */;
CREATE TABLE `role_users` (
  `user_id` bigint unsigned NOT NULL,
  `role_id` bigint unsigned NOT NULL,
  `created_at` timestamp NULL DEFAULT NULL,
  `updated_at` timestamp NULL DEFAULT NULL,
  PRIMARY KEY (`user_id`,`role_id`),
  KEY `role_users_user_id_index` (`user_id`),
  KEY `role_users_role_id_index` (`role_id`)
) ENGINE=InnoDB DEFAULT CHARSET=utf8mb4 COLLATE=utf8mb4_unicode_ci;
/*!40101 SET character_set_client = @saved_cs_client */;

--
-- Dumping data for table `role_users`
--

LOCK TABLES `role_users` WRITE;
/*!40000 ALTER TABLE `role_users` DISABLE KEYS */;
/*!40000 ALTER TABLE `role_users` ENABLE KEYS */;
UNLOCK TABLES;

--
-- Table structure for table `roles`
--

DROP TABLE IF EXISTS `roles`;
/*!40101 SET @saved_cs_client     = @@character_set_client */;
/*!50503 SET character_set_client = utf8mb4 */;
CREATE TABLE `roles` (
  `id` bigint unsigned NOT NULL AUTO_INCREMENT,
  `slug` varchar(120) COLLATE utf8mb4_unicode_ci NOT NULL,
  `name` varchar(120) COLLATE utf8mb4_unicode_ci NOT NULL,
  `permissions` text COLLATE utf8mb4_unicode_ci,
  `description` varchar(255) COLLATE utf8mb4_unicode_ci DEFAULT NULL,
  `is_default` tinyint unsigned NOT NULL DEFAULT '0',
  `created_by` bigint unsigned NOT NULL,
  `updated_by` bigint unsigned NOT NULL,
  `created_at` timestamp NULL DEFAULT NULL,
  `updated_at` timestamp NULL DEFAULT NULL,
  PRIMARY KEY (`id`),
  UNIQUE KEY `roles_slug_unique` (`slug`),
  KEY `roles_created_by_index` (`created_by`),
  KEY `roles_updated_by_index` (`updated_by`)
) ENGINE=InnoDB AUTO_INCREMENT=2 DEFAULT CHARSET=utf8mb4 COLLATE=utf8mb4_unicode_ci;
/*!40101 SET character_set_client = @saved_cs_client */;

--
-- Dumping data for table `roles`
--

LOCK TABLES `roles` WRITE;
/*!40000 ALTER TABLE `roles` DISABLE KEYS */;
INSERT INTO `roles` VALUES (1,'admin','Admin','{\"users.index\":true,\"users.create\":true,\"users.edit\":true,\"users.destroy\":true,\"roles.index\":true,\"roles.create\":true,\"roles.edit\":true,\"roles.destroy\":true,\"core.system\":true,\"core.manage.license\":true,\"extensions.index\":true,\"media.index\":true,\"files.index\":true,\"files.create\":true,\"files.edit\":true,\"files.trash\":true,\"files.destroy\":true,\"folders.index\":true,\"folders.create\":true,\"folders.edit\":true,\"folders.trash\":true,\"folders.destroy\":true,\"settings.index\":true,\"settings.options\":true,\"settings.email\":true,\"settings.media\":true,\"settings.cronjob\":true,\"settings.admin-appearance\":true,\"settings.cache\":true,\"settings.datatables\":true,\"settings.email.rules\":true,\"menus.index\":true,\"menus.create\":true,\"menus.edit\":true,\"menus.destroy\":true,\"optimize.settings\":true,\"pages.index\":true,\"pages.create\":true,\"pages.edit\":true,\"pages.destroy\":true,\"plugins.index\":true,\"plugins.edit\":true,\"plugins.remove\":true,\"plugins.marketplace\":true,\"core.appearance\":true,\"theme.index\":true,\"theme.activate\":true,\"theme.remove\":true,\"theme.options\":true,\"theme.custom-css\":true,\"theme.custom-js\":true,\"theme.custom-html\":true,\"widgets.index\":true,\"ads.index\":true,\"ads.create\":true,\"ads.edit\":true,\"ads.destroy\":true,\"analytics.general\":true,\"analytics.page\":true,\"analytics.browser\":true,\"analytics.referrer\":true,\"analytics.settings\":true,\"audit-log.index\":true,\"audit-log.destroy\":true,\"backups.index\":true,\"backups.create\":true,\"backups.restore\":true,\"backups.destroy\":true,\"plugins.blog\":true,\"posts.index\":true,\"posts.create\":true,\"posts.edit\":true,\"posts.destroy\":true,\"categories.index\":true,\"categories.create\":true,\"categories.edit\":true,\"categories.destroy\":true,\"tags.index\":true,\"tags.create\":true,\"tags.edit\":true,\"tags.destroy\":true,\"blog.settings\":true,\"plugins.captcha\":true,\"captcha.settings\":true,\"contacts.index\":true,\"contacts.edit\":true,\"contacts.destroy\":true,\"contact.settings\":true,\"plugins.ecommerce\":true,\"ecommerce.settings\":true,\"ecommerce.report.index\":true,\"products.index\":true,\"products.create\":true,\"products.edit\":true,\"products.destroy\":true,\"products.duplicate\":true,\"product-categories.index\":true,\"product-categories.create\":true,\"product-categories.edit\":true,\"product-categories.destroy\":true,\"product-tag.index\":true,\"product-tag.create\":true,\"product-tag.edit\":true,\"product-tag.destroy\":true,\"brands.index\":true,\"brands.create\":true,\"brands.edit\":true,\"brands.destroy\":true,\"product-collections.index\":true,\"product-collections.create\":true,\"product-collections.edit\":true,\"product-collections.destroy\":true,\"product-attribute-sets.index\":true,\"product-attribute-sets.create\":true,\"product-attribute-sets.edit\":true,\"product-attribute-sets.destroy\":true,\"product-attributes.index\":true,\"product-attributes.create\":true,\"product-attributes.edit\":true,\"product-attributes.destroy\":true,\"tax.index\":true,\"tax.create\":true,\"tax.edit\":true,\"tax.destroy\":true,\"reviews.index\":true,\"reviews.create\":true,\"reviews.destroy\":true,\"reviews.publish\":true,\"reviews.reply\":true,\"shipping_methods.index\":true,\"ecommerce.shipping-rule-items.index\":true,\"ecommerce.shipping-rule-items.create\":true,\"ecommerce.shipping-rule-items.edit\":true,\"ecommerce.shipping-rule-items.destroy\":true,\"ecommerce.shipping-rule-items.bulk-import\":true,\"ecommerce.shipments.index\":true,\"ecommerce.shipments.create\":true,\"ecommerce.shipments.edit\":true,\"ecommerce.shipments.destroy\":true,\"orders.index\":true,\"orders.create\":true,\"orders.edit\":true,\"orders.destroy\":true,\"discounts.index\":true,\"discounts.create\":true,\"discounts.edit\":true,\"discounts.destroy\":true,\"customers.index\":true,\"customers.create\":true,\"customers.edit\":true,\"customers.destroy\":true,\"flash-sale.index\":true,\"flash-sale.create\":true,\"flash-sale.edit\":true,\"flash-sale.destroy\":true,\"product-label.index\":true,\"product-label.create\":true,\"product-label.edit\":true,\"product-label.destroy\":true,\"ecommerce.import.products.index\":true,\"ecommerce.export.products.index\":true,\"order_returns.index\":true,\"order_returns.edit\":true,\"order_returns.destroy\":true,\"global-option.index\":true,\"global-option.create\":true,\"global-option.edit\":true,\"global-option.destroy\":true,\"ecommerce.invoice.index\":true,\"ecommerce.invoice.edit\":true,\"ecommerce.invoice.destroy\":true,\"ecommerce.invoice-template.index\":true,\"ecommerce.settings.general\":true,\"ecommerce.settings.currencies\":true,\"ecommerce.settings.products\":true,\"ecommerce.settings.product-search\":true,\"ecommerce.settings.digital-products\":true,\"ecommerce.settings.store-locators\":true,\"ecommerce.settings.invoices\":true,\"ecommerce.settings.product-reviews\":true,\"ecommerce.settings.customers\":true,\"ecommerce.settings.shopping\":true,\"ecommerce.settings.taxes\":true,\"ecommerce.settings.shipping\":true,\"ecommerce.settings.tracking\":true,\"ecommerce.settings.standard-and-format\":true,\"ecommerce.settings.checkout\":true,\"ecommerce.settings.return\":true,\"ecommerce.settings.flash-sale\":true,\"plugin.faq\":true,\"faq.index\":true,\"faq.create\":true,\"faq.edit\":true,\"faq.destroy\":true,\"faq_category.index\":true,\"faq_category.create\":true,\"faq_category.edit\":true,\"faq_category.destroy\":true,\"faqs.settings\":true,\"languages.index\":true,\"languages.create\":true,\"languages.edit\":true,\"languages.destroy\":true,\"plugin.location\":true,\"country.index\":true,\"country.create\":true,\"country.edit\":true,\"country.destroy\":true,\"state.index\":true,\"state.create\":true,\"state.edit\":true,\"state.destroy\":true,\"city.index\":true,\"city.create\":true,\"city.edit\":true,\"city.destroy\":true,\"location.bulk-import.index\":true,\"location.export.index\":true,\"marketplace.index\":true,\"marketplace.store.index\":true,\"marketplace.store.create\":true,\"marketplace.store.edit\":true,\"marketplace.store.destroy\":true,\"marketplace.store.view\":true,\"marketplace.store.revenue.create\":true,\"marketplace.withdrawal.index\":true,\"marketplace.withdrawal.edit\":true,\"marketplace.withdrawal.destroy\":true,\"marketplace.vendors.index\":true,\"marketplace.unverified-vendors.index\":true,\"marketplace.unverified-vendors.edit\":true,\"marketplace.settings\":true,\"marketplace.reports\":true,\"newsletter.index\":true,\"newsletter.destroy\":true,\"newsletter.settings\":true,\"payment.index\":true,\"payments.settings\":true,\"payment.destroy\":true,\"simple-slider.index\":true,\"simple-slider.create\":true,\"simple-slider.edit\":true,\"simple-slider.destroy\":true,\"simple-slider-item.index\":true,\"simple-slider-item.create\":true,\"simple-slider-item.edit\":true,\"simple-slider-item.destroy\":true,\"simple-slider.settings\":true,\"social-login.settings\":true,\"plugins.translation\":true,\"translations.locales\":true,\"translations.theme-translations\":true,\"translations.index\":true}','Admin users role',1,2,2,'2024-01-06 17:16:36','2024-01-06 17:16:36');
/*!40000 ALTER TABLE `roles` ENABLE KEYS */;
UNLOCK TABLES;

--
-- Table structure for table `settings`
--

DROP TABLE IF EXISTS `settings`;
/*!40101 SET @saved_cs_client     = @@character_set_client */;
/*!50503 SET character_set_client = utf8mb4 */;
CREATE TABLE `settings` (
  `id` bigint unsigned NOT NULL AUTO_INCREMENT,
  `key` varchar(255) COLLATE utf8mb4_unicode_ci NOT NULL,
  `value` text COLLATE utf8mb4_unicode_ci,
  `created_at` timestamp NULL DEFAULT NULL,
  `updated_at` timestamp NULL DEFAULT NULL,
  PRIMARY KEY (`id`),
  UNIQUE KEY `settings_key_unique` (`key`)
) ENGINE=InnoDB AUTO_INCREMENT=62 DEFAULT CHARSET=utf8mb4 COLLATE=utf8mb4_unicode_ci;
/*!40101 SET character_set_client = @saved_cs_client */;

--
-- Dumping data for table `settings`
--

LOCK TABLES `settings` WRITE;
/*!40000 ALTER TABLE `settings` DISABLE KEYS */;
INSERT INTO `settings` VALUES (2,'api_enabled','0',NULL,'2024-01-06 17:16:52'),(3,'activated_plugins','[\"language\",\"language-advanced\",\"ads\",\"analytics\",\"audit-log\",\"backup\",\"blog\",\"captcha\",\"contact\",\"cookie-consent\",\"ecommerce\",\"faq\",\"location\",\"marketplace\",\"newsletter\",\"payment\",\"paypal\",\"paypal-payout\",\"paystack\",\"razorpay\",\"shippo\",\"simple-slider\",\"social-login\",\"sslcommerz\",\"stripe\",\"translation\"]',NULL,'2024-01-06 17:16:52'),(8,'language_hide_default','1',NULL,'2024-01-06 17:16:52'),(10,'language_display','all',NULL,'2024-01-06 17:16:52'),(11,'language_hide_languages','[]',NULL,'2024-01-06 17:16:52'),(12,'simple_slider_using_assets','0',NULL,'2024-01-06 17:16:52'),(13,'media_random_hash','f97b14bf4c58b15729862ac9c0cb95a8',NULL,'2024-01-06 17:16:52'),(14,'payment_cod_status','1',NULL,'2024-01-06 17:16:52'),(15,'payment_bank_transfer_status','1',NULL,'2024-01-06 17:16:52'),(16,'theme','farmart',NULL,'2024-01-06 17:16:52'),(17,'show_admin_bar','1',NULL,'2024-01-06 17:16:52'),(18,'language_switcher_display','dropdown',NULL,'2024-01-06 17:16:52'),(19,'admin_favicon','general/favicon.png',NULL,'2024-01-06 17:16:52'),(20,'admin_logo','general/logo-light.png',NULL,'2024-01-06 17:16:52'),(21,'permalink-botble-blog-models-post','blog',NULL,'2024-01-06 17:16:52'),(22,'permalink-botble-blog-models-category','blog',NULL,'2024-01-06 17:16:52'),(23,'payment_cod_description','Please pay money directly to the postman, if you choose cash on delivery method (COD).',NULL,'2024-01-06 17:16:52'),(24,'payment_bank_transfer_description','Please send money to our bank account: ACB - 69270 213 19.',NULL,'2024-01-06 17:16:52'),(25,'payment_stripe_payment_type','stripe_checkout',NULL,'2024-01-06 17:16:52'),(26,'plugins_ecommerce_customer_new_order_status','0',NULL,'2024-01-06 17:16:52'),(27,'plugins_ecommerce_admin_new_order_status','0',NULL,'2024-01-06 17:16:52'),(28,'ecommerce_is_enabled_support_digital_products','1',NULL,'2024-01-06 17:16:52'),(29,'ecommerce_load_countries_states_cities_from_location_plugin','0',NULL,'2024-01-06 17:16:52'),(30,'payment_bank_transfer_display_bank_info_at_the_checkout_success_page','1',NULL,'2024-01-06 17:16:52'),(31,'ecommerce_product_sku_format','FM-2443-%s%s%s%s',NULL,'2024-01-06 17:16:52'),(32,'ecommerce_store_name','Farmart',NULL,'2024-01-06 17:16:52'),(33,'ecommerce_store_phone','1800979769',NULL,'2024-01-06 17:16:52'),(34,'ecommerce_store_address','502 New Street',NULL,'2024-01-06 17:16:52'),(35,'ecommerce_store_state','Brighton VIC',NULL,'2024-01-06 17:16:52'),(36,'ecommerce_store_city','Brighton VIC',NULL,'2024-01-06 17:16:52'),(37,'ecommerce_store_country','AU',NULL,'2024-01-06 17:16:52'),(38,'theme-farmart-site_title','Farmart - Laravel Ecommerce system',NULL,NULL),(39,'theme-farmart-seo_description','Farmart is a modern and flexible Multipurpose Marketplace Laravel script. This script is suited for electronic, organic and grocery store, furniture store, clothing store, hitech store and accessories store… With the theme, you can create your own marketplace and allow vendors to sell just like Amazon, Envato, eBay…',NULL,NULL),(40,'theme-farmart-copyright','©2024 Farmart. All Rights Reserved.',NULL,NULL),(41,'theme-farmart-favicon','general/favicon.png',NULL,NULL),(42,'theme-farmart-logo','general/logo.png',NULL,NULL),(43,'theme-farmart-seo_og_image','general/open-graph-image.png',NULL,NULL),(44,'theme-farmart-image-placeholder','general/placeholder.png',NULL,NULL),(45,'theme-farmart-address','502 New Street, Brighton VIC, Australia',NULL,NULL),(46,'theme-farmart-hotline','8 800 332 65-66',NULL,NULL),(47,'theme-farmart-email','contact@fartmart.co',NULL,NULL),(48,'theme-farmart-working_time','Mon - Fri: 07AM - 06PM',NULL,NULL),(49,'theme-farmart-payment_methods_image','general/footer-payments.png',NULL,NULL),(50,'theme-farmart-homepage_id','1',NULL,NULL),(51,'theme-farmart-blog_page_id','6',NULL,NULL),(52,'theme-farmart-cookie_consent_message','Your experience on this site will be improved by allowing cookies ',NULL,NULL),(53,'theme-farmart-cookie_consent_learn_more_url','cookie-policy',NULL,NULL),(54,'theme-farmart-cookie_consent_learn_more_text','Cookie Policy',NULL,NULL),(55,'theme-farmart-number_of_products_per_page','40',NULL,NULL),(56,'theme-farmart-number_of_cross_sale_product','6',NULL,NULL),(57,'theme-farmart-logo_in_the_checkout_page','general/logo.png',NULL,NULL),(58,'theme-farmart-logo_in_invoices','general/logo.png',NULL,NULL),(59,'theme-farmart-logo_vendor_dashboard','general/logo.png',NULL,NULL),(60,'theme-farmart-404_page_image','general/404.png',NULL,NULL),(61,'theme-farmart-social_links','[[{\"key\":\"social-name\",\"value\":\"Facebook\"},{\"key\":\"social-icon\",\"value\":\"general\\/facebook.png\"},{\"key\":\"social-url\",\"value\":\"https:\\/\\/www.facebook.com\\/\"}],[{\"key\":\"social-name\",\"value\":\"Twitter\"},{\"key\":\"social-icon\",\"value\":\"general\\/twitter.png\"},{\"key\":\"social-url\",\"value\":\"https:\\/\\/www.twitter.com\\/\"}],[{\"key\":\"social-name\",\"value\":\"Instagram\"},{\"key\":\"social-icon\",\"value\":\"general\\/instagram.png\"},{\"key\":\"social-url\",\"value\":\"https:\\/\\/www.instagram.com\\/\"}],[{\"key\":\"social-name\",\"value\":\"Pinterest\"},{\"key\":\"social-icon\",\"value\":\"general\\/pinterest.png\"},{\"key\":\"social-url\",\"value\":\"https:\\/\\/www.pinterest.com\\/\"}],[{\"key\":\"social-name\",\"value\":\"Youtube\"},{\"key\":\"social-icon\",\"value\":\"general\\/youtube.png\"},{\"key\":\"social-url\",\"value\":\"https:\\/\\/www.youtube.com\\/\"}]]',NULL,NULL);
/*!40000 ALTER TABLE `settings` ENABLE KEYS */;
UNLOCK TABLES;

--
-- Table structure for table `simple_slider_items`
--

DROP TABLE IF EXISTS `simple_slider_items`;
/*!40101 SET @saved_cs_client     = @@character_set_client */;
/*!50503 SET character_set_client = utf8mb4 */;
CREATE TABLE `simple_slider_items` (
  `id` bigint unsigned NOT NULL AUTO_INCREMENT,
  `simple_slider_id` bigint unsigned NOT NULL,
  `title` varchar(255) COLLATE utf8mb4_unicode_ci DEFAULT NULL,
  `image` varchar(255) COLLATE utf8mb4_unicode_ci NOT NULL,
  `link` varchar(255) COLLATE utf8mb4_unicode_ci DEFAULT NULL,
  `description` text COLLATE utf8mb4_unicode_ci,
  `order` int unsigned NOT NULL DEFAULT '0',
  `created_at` timestamp NULL DEFAULT NULL,
  `updated_at` timestamp NULL DEFAULT NULL,
  PRIMARY KEY (`id`)
) ENGINE=InnoDB AUTO_INCREMENT=3 DEFAULT CHARSET=utf8mb4 COLLATE=utf8mb4_unicode_ci;
/*!40101 SET character_set_client = @saved_cs_client */;

--
-- Dumping data for table `simple_slider_items`
--

LOCK TABLES `simple_slider_items` WRITE;
/*!40000 ALTER TABLE `simple_slider_items` DISABLE KEYS */;
INSERT INTO `simple_slider_items` VALUES (1,1,'Slider 1','sliders/01.jpg','/products',NULL,1,'2024-01-06 17:16:51','2024-01-06 17:16:51'),(2,1,'Slider 2','sliders/02.jpg','/products',NULL,2,'2024-01-06 17:16:51','2024-01-06 17:16:51');
/*!40000 ALTER TABLE `simple_slider_items` ENABLE KEYS */;
UNLOCK TABLES;

--
-- Table structure for table `simple_sliders`
--

DROP TABLE IF EXISTS `simple_sliders`;
/*!40101 SET @saved_cs_client     = @@character_set_client */;
/*!50503 SET character_set_client = utf8mb4 */;
CREATE TABLE `simple_sliders` (
  `id` bigint unsigned NOT NULL AUTO_INCREMENT,
  `name` varchar(120) COLLATE utf8mb4_unicode_ci NOT NULL,
  `key` varchar(120) COLLATE utf8mb4_unicode_ci NOT NULL,
  `description` varchar(255) COLLATE utf8mb4_unicode_ci DEFAULT NULL,
  `status` varchar(60) COLLATE utf8mb4_unicode_ci NOT NULL DEFAULT 'published',
  `created_at` timestamp NULL DEFAULT NULL,
  `updated_at` timestamp NULL DEFAULT NULL,
  PRIMARY KEY (`id`)
) ENGINE=InnoDB AUTO_INCREMENT=2 DEFAULT CHARSET=utf8mb4 COLLATE=utf8mb4_unicode_ci;
/*!40101 SET character_set_client = @saved_cs_client */;

--
-- Dumping data for table `simple_sliders`
--

LOCK TABLES `simple_sliders` WRITE;
/*!40000 ALTER TABLE `simple_sliders` DISABLE KEYS */;
INSERT INTO `simple_sliders` VALUES (1,'Home slider','home-slider','The main slider on homepage','published','2024-01-06 17:16:51','2024-01-06 17:16:51');
/*!40000 ALTER TABLE `simple_sliders` ENABLE KEYS */;
UNLOCK TABLES;

--
-- Table structure for table `slugs`
--

DROP TABLE IF EXISTS `slugs`;
/*!40101 SET @saved_cs_client     = @@character_set_client */;
/*!50503 SET character_set_client = utf8mb4 */;
CREATE TABLE `slugs` (
  `id` bigint unsigned NOT NULL AUTO_INCREMENT,
  `key` varchar(255) COLLATE utf8mb4_unicode_ci NOT NULL,
  `reference_id` bigint unsigned NOT NULL,
  `reference_type` varchar(255) COLLATE utf8mb4_unicode_ci NOT NULL,
  `prefix` varchar(120) COLLATE utf8mb4_unicode_ci DEFAULT '',
  `created_at` timestamp NULL DEFAULT NULL,
  `updated_at` timestamp NULL DEFAULT NULL,
  PRIMARY KEY (`id`),
  KEY `slugs_reference_id_index` (`reference_id`),
  KEY `slugs_key_index` (`key`),
  KEY `slugs_prefix_index` (`prefix`),
  KEY `slugs_reference_index` (`reference_id`,`reference_type`)
) ENGINE=InnoDB AUTO_INCREMENT=354 DEFAULT CHARSET=utf8mb4 COLLATE=utf8mb4_unicode_ci;
/*!40101 SET character_set_client = @saved_cs_client */;

--
-- Dumping data for table `slugs`
--

LOCK TABLES `slugs` WRITE;
/*!40000 ALTER TABLE `slugs` DISABLE KEYS */;
INSERT INTO `slugs` VALUES (1,'foodpound',1,'Botble\\Ecommerce\\Models\\Brand','brands','2024-01-06 17:16:37','2024-01-06 17:16:37'),(2,'itea-jsc',2,'Botble\\Ecommerce\\Models\\Brand','brands','2024-01-06 17:16:37','2024-01-06 17:16:37'),(3,'soda-brand',3,'Botble\\Ecommerce\\Models\\Brand','brands','2024-01-06 17:16:37','2024-01-06 17:16:37'),(4,'farmart',4,'Botble\\Ecommerce\\Models\\Brand','brands','2024-01-06 17:16:37','2024-01-06 17:16:37'),(5,'soda-brand',5,'Botble\\Ecommerce\\Models\\Brand','brands','2024-01-06 17:16:37','2024-01-06 17:16:37'),(6,'fruits-vegetables',1,'Botble\\Ecommerce\\Models\\ProductCategory','product-categories','2024-01-06 17:16:37','2024-01-06 17:16:37'),(7,'fruits',2,'Botble\\Ecommerce\\Models\\ProductCategory','product-categories','2024-01-06 17:16:37','2024-01-06 17:16:37'),(8,'apples',3,'Botble\\Ecommerce\\Models\\ProductCategory','product-categories','2024-01-06 17:16:37','2024-01-06 17:16:37'),(9,'bananas',4,'Botble\\Ecommerce\\Models\\ProductCategory','product-categories','2024-01-06 17:16:37','2024-01-06 17:16:37'),(10,'berries',5,'Botble\\Ecommerce\\Models\\ProductCategory','product-categories','2024-01-06 17:16:37','2024-01-06 17:16:37'),(11,'oranges-easy-peelers',6,'Botble\\Ecommerce\\Models\\ProductCategory','product-categories','2024-01-06 17:16:37','2024-01-06 17:16:37'),(12,'grapes',7,'Botble\\Ecommerce\\Models\\ProductCategory','product-categories','2024-01-06 17:16:37','2024-01-06 17:16:37'),(13,'lemons-limes',8,'Botble\\Ecommerce\\Models\\ProductCategory','product-categories','2024-01-06 17:16:37','2024-01-06 17:16:37'),(14,'peaches-nectarines',9,'Botble\\Ecommerce\\Models\\ProductCategory','product-categories','2024-01-06 17:16:37','2024-01-06 17:16:37'),(15,'pears',10,'Botble\\Ecommerce\\Models\\ProductCategory','product-categories','2024-01-06 17:16:37','2024-01-06 17:16:37'),(16,'melon',11,'Botble\\Ecommerce\\Models\\ProductCategory','product-categories','2024-01-06 17:16:37','2024-01-06 17:16:37'),(17,'avocados',12,'Botble\\Ecommerce\\Models\\ProductCategory','product-categories','2024-01-06 17:16:37','2024-01-06 17:16:37'),(18,'plums-apricots',13,'Botble\\Ecommerce\\Models\\ProductCategory','product-categories','2024-01-06 17:16:37','2024-01-06 17:16:37'),(19,'vegetables',14,'Botble\\Ecommerce\\Models\\ProductCategory','product-categories','2024-01-06 17:16:37','2024-01-06 17:16:37'),(20,'potatoes',15,'Botble\\Ecommerce\\Models\\ProductCategory','product-categories','2024-01-06 17:16:37','2024-01-06 17:16:37'),(21,'carrots-root-vegetables',16,'Botble\\Ecommerce\\Models\\ProductCategory','product-categories','2024-01-06 17:16:37','2024-01-06 17:16:37'),(22,'broccoli-cauliflower',17,'Botble\\Ecommerce\\Models\\ProductCategory','product-categories','2024-01-06 17:16:37','2024-01-06 17:16:37'),(23,'cabbage-spinach-greens',18,'Botble\\Ecommerce\\Models\\ProductCategory','product-categories','2024-01-06 17:16:37','2024-01-06 17:16:37'),(24,'onions-leeks-garlic',19,'Botble\\Ecommerce\\Models\\ProductCategory','product-categories','2024-01-06 17:16:37','2024-01-06 17:16:37'),(25,'mushrooms',20,'Botble\\Ecommerce\\Models\\ProductCategory','product-categories','2024-01-06 17:16:37','2024-01-06 17:16:37'),(26,'tomatoes',21,'Botble\\Ecommerce\\Models\\ProductCategory','product-categories','2024-01-06 17:16:37','2024-01-06 17:16:37'),(27,'beans-peas-sweetcorn',22,'Botble\\Ecommerce\\Models\\ProductCategory','product-categories','2024-01-06 17:16:37','2024-01-06 17:16:37'),(28,'freshly-drink-orange-juice',23,'Botble\\Ecommerce\\Models\\ProductCategory','product-categories','2024-01-06 17:16:37','2024-01-06 17:16:37'),(29,'breads-sweets',24,'Botble\\Ecommerce\\Models\\ProductCategory','product-categories','2024-01-06 17:16:37','2024-01-06 17:16:37'),(30,'crisps-snacks-nuts',25,'Botble\\Ecommerce\\Models\\ProductCategory','product-categories','2024-01-06 17:16:37','2024-01-06 17:16:37'),(31,'crisps-popcorn',26,'Botble\\Ecommerce\\Models\\ProductCategory','product-categories','2024-01-06 17:16:37','2024-01-06 17:16:37'),(32,'nuts-seeds',27,'Botble\\Ecommerce\\Models\\ProductCategory','product-categories','2024-01-06 17:16:37','2024-01-06 17:16:37'),(33,'lighter-options',28,'Botble\\Ecommerce\\Models\\ProductCategory','product-categories','2024-01-06 17:16:37','2024-01-06 17:16:37'),(34,'cereal-bars',29,'Botble\\Ecommerce\\Models\\ProductCategory','product-categories','2024-01-06 17:16:37','2024-01-06 17:16:37'),(35,'breadsticks-pretzels',30,'Botble\\Ecommerce\\Models\\ProductCategory','product-categories','2024-01-06 17:16:37','2024-01-06 17:16:37'),(36,'fruit-snacking',31,'Botble\\Ecommerce\\Models\\ProductCategory','product-categories','2024-01-06 17:16:37','2024-01-06 17:16:37'),(37,'rice-corn-cakes',32,'Botble\\Ecommerce\\Models\\ProductCategory','product-categories','2024-01-06 17:16:37','2024-01-06 17:16:37'),(38,'protein-energy-snacks',33,'Botble\\Ecommerce\\Models\\ProductCategory','product-categories','2024-01-06 17:16:37','2024-01-06 17:16:37'),(39,'toddler-snacks',34,'Botble\\Ecommerce\\Models\\ProductCategory','product-categories','2024-01-06 17:16:37','2024-01-06 17:16:37'),(40,'meat-snacks',35,'Botble\\Ecommerce\\Models\\ProductCategory','product-categories','2024-01-06 17:16:37','2024-01-06 17:16:37'),(41,'beans',36,'Botble\\Ecommerce\\Models\\ProductCategory','product-categories','2024-01-06 17:16:37','2024-01-06 17:16:37'),(42,'lentils',37,'Botble\\Ecommerce\\Models\\ProductCategory','product-categories','2024-01-06 17:16:37','2024-01-06 17:16:37'),(43,'chickpeas',38,'Botble\\Ecommerce\\Models\\ProductCategory','product-categories','2024-01-06 17:16:37','2024-01-06 17:16:37'),(44,'tins-cans',39,'Botble\\Ecommerce\\Models\\ProductCategory','product-categories','2024-01-06 17:16:37','2024-01-06 17:16:37'),(45,'tomatoes',40,'Botble\\Ecommerce\\Models\\ProductCategory','product-categories','2024-01-06 17:16:37','2024-01-06 17:16:37'),(46,'baked-beans-spaghetti',41,'Botble\\Ecommerce\\Models\\ProductCategory','product-categories','2024-01-06 17:16:37','2024-01-06 17:16:37'),(47,'fish',42,'Botble\\Ecommerce\\Models\\ProductCategory','product-categories','2024-01-06 17:16:37','2024-01-06 17:16:37'),(48,'beans-pulses',43,'Botble\\Ecommerce\\Models\\ProductCategory','product-categories','2024-01-06 17:16:37','2024-01-06 17:16:37'),(49,'fruit',44,'Botble\\Ecommerce\\Models\\ProductCategory','product-categories','2024-01-06 17:16:37','2024-01-06 17:16:37'),(50,'coconut-milk-cream',45,'Botble\\Ecommerce\\Models\\ProductCategory','product-categories','2024-01-06 17:16:37','2024-01-06 17:16:37'),(51,'lighter-options',46,'Botble\\Ecommerce\\Models\\ProductCategory','product-categories','2024-01-06 17:16:37','2024-01-06 17:16:37'),(52,'olives',47,'Botble\\Ecommerce\\Models\\ProductCategory','product-categories','2024-01-06 17:16:37','2024-01-06 17:16:37'),(53,'sweetcorn',48,'Botble\\Ecommerce\\Models\\ProductCategory','product-categories','2024-01-06 17:16:37','2024-01-06 17:16:37'),(54,'carrots',49,'Botble\\Ecommerce\\Models\\ProductCategory','product-categories','2024-01-06 17:16:37','2024-01-06 17:16:37'),(55,'peas',50,'Botble\\Ecommerce\\Models\\ProductCategory','product-categories','2024-01-06 17:16:37','2024-01-06 17:16:37'),(56,'mixed-vegetables',51,'Botble\\Ecommerce\\Models\\ProductCategory','product-categories','2024-01-06 17:16:37','2024-01-06 17:16:37'),(57,'frozen-seafoods',52,'Botble\\Ecommerce\\Models\\ProductCategory','product-categories','2024-01-06 17:16:37','2024-01-06 17:16:37'),(58,'raw-meats',53,'Botble\\Ecommerce\\Models\\ProductCategory','product-categories','2024-01-06 17:16:37','2024-01-06 17:16:37'),(59,'wines-alcohol-drinks',54,'Botble\\Ecommerce\\Models\\ProductCategory','product-categories','2024-01-06 17:16:37','2024-01-06 17:16:37'),(60,'ready-meals',55,'Botble\\Ecommerce\\Models\\ProductCategory','product-categories','2024-01-06 17:16:37','2024-01-06 17:16:37'),(61,'meals-for-1',56,'Botble\\Ecommerce\\Models\\ProductCategory','product-categories','2024-01-06 17:16:37','2024-01-06 17:16:37'),(62,'meals-for-2',57,'Botble\\Ecommerce\\Models\\ProductCategory','product-categories','2024-01-06 17:16:37','2024-01-06 17:16:37'),(63,'indian',58,'Botble\\Ecommerce\\Models\\ProductCategory','product-categories','2024-01-06 17:16:37','2024-01-06 17:16:37'),(64,'italian',59,'Botble\\Ecommerce\\Models\\ProductCategory','product-categories','2024-01-06 17:16:37','2024-01-06 17:16:37'),(65,'chinese',60,'Botble\\Ecommerce\\Models\\ProductCategory','product-categories','2024-01-06 17:16:37','2024-01-06 17:16:37'),(66,'traditional-british',61,'Botble\\Ecommerce\\Models\\ProductCategory','product-categories','2024-01-06 17:16:37','2024-01-06 17:16:37'),(67,'thai-oriental',62,'Botble\\Ecommerce\\Models\\ProductCategory','product-categories','2024-01-06 17:16:37','2024-01-06 17:16:37'),(68,'mediterranean-moroccan',63,'Botble\\Ecommerce\\Models\\ProductCategory','product-categories','2024-01-06 17:16:37','2024-01-06 17:16:37'),(69,'mexican-caribbean',64,'Botble\\Ecommerce\\Models\\ProductCategory','product-categories','2024-01-06 17:16:37','2024-01-06 17:16:37'),(70,'lighter-meals',65,'Botble\\Ecommerce\\Models\\ProductCategory','product-categories','2024-01-06 17:16:37','2024-01-06 17:16:37'),(71,'lunch-veg-pots',66,'Botble\\Ecommerce\\Models\\ProductCategory','product-categories','2024-01-06 17:16:37','2024-01-06 17:16:37'),(72,'salad-herbs',67,'Botble\\Ecommerce\\Models\\ProductCategory','product-categories','2024-01-06 17:16:37','2024-01-06 17:16:37'),(73,'salad-bags',68,'Botble\\Ecommerce\\Models\\ProductCategory','product-categories','2024-01-06 17:16:37','2024-01-06 17:16:37'),(74,'cucumber',69,'Botble\\Ecommerce\\Models\\ProductCategory','product-categories','2024-01-06 17:16:37','2024-01-06 17:16:37'),(75,'tomatoes',70,'Botble\\Ecommerce\\Models\\ProductCategory','product-categories','2024-01-06 17:16:37','2024-01-06 17:16:37'),(76,'lettuce',71,'Botble\\Ecommerce\\Models\\ProductCategory','product-categories','2024-01-06 17:16:37','2024-01-06 17:16:37'),(77,'lunch-salad-bowls',72,'Botble\\Ecommerce\\Models\\ProductCategory','product-categories','2024-01-06 17:16:37','2024-01-06 17:16:37'),(78,'lunch-salad-bowls',73,'Botble\\Ecommerce\\Models\\ProductCategory','product-categories','2024-01-06 17:16:37','2024-01-06 17:16:37'),(79,'fresh-herbs',74,'Botble\\Ecommerce\\Models\\ProductCategory','product-categories','2024-01-06 17:16:37','2024-01-06 17:16:37'),(80,'avocados',75,'Botble\\Ecommerce\\Models\\ProductCategory','product-categories','2024-01-06 17:16:37','2024-01-06 17:16:37'),(81,'peppers',76,'Botble\\Ecommerce\\Models\\ProductCategory','product-categories','2024-01-06 17:16:37','2024-01-06 17:16:37'),(82,'coleslaw-potato-salad',77,'Botble\\Ecommerce\\Models\\ProductCategory','product-categories','2024-01-06 17:16:37','2024-01-06 17:16:37'),(83,'spring-onions',78,'Botble\\Ecommerce\\Models\\ProductCategory','product-categories','2024-01-06 17:16:37','2024-01-06 17:16:37'),(84,'chilli-ginger-garlic',79,'Botble\\Ecommerce\\Models\\ProductCategory','product-categories','2024-01-06 17:16:37','2024-01-06 17:16:37'),(85,'tea-coffee',80,'Botble\\Ecommerce\\Models\\ProductCategory','product-categories','2024-01-06 17:16:37','2024-01-06 17:16:37'),(86,'milks-and-dairies',81,'Botble\\Ecommerce\\Models\\ProductCategory','product-categories','2024-01-06 17:16:37','2024-01-06 17:16:37'),(87,'pet-foods',82,'Botble\\Ecommerce\\Models\\ProductCategory','product-categories','2024-01-06 17:16:37','2024-01-06 17:16:37'),(88,'food-cupboard',83,'Botble\\Ecommerce\\Models\\ProductCategory','product-categories','2024-01-06 17:16:37','2024-01-06 17:16:37'),(89,'dual-camera-20mp-digital',1,'Botble\\Ecommerce\\Models\\Product','products','2024-01-06 17:16:42','2024-01-06 17:17:25'),(90,'smart-watches',2,'Botble\\Ecommerce\\Models\\Product','products','2024-01-06 17:16:42','2024-01-06 17:16:42'),(91,'beat-headphone',3,'Botble\\Ecommerce\\Models\\Product','products','2024-01-06 17:16:42','2024-01-06 17:16:42'),(92,'red-black-headphone',4,'Botble\\Ecommerce\\Models\\Product','products','2024-01-06 17:16:42','2024-01-06 17:16:42'),(93,'smart-watch-external-digital',5,'Botble\\Ecommerce\\Models\\Product','products','2024-01-06 17:16:42','2024-01-06 17:17:25'),(94,'nikon-hd-camera',6,'Botble\\Ecommerce\\Models\\Product','products','2024-01-06 17:16:42','2024-01-06 17:16:42'),(95,'audio-equipment',7,'Botble\\Ecommerce\\Models\\Product','products','2024-01-06 17:16:42','2024-01-06 17:16:42'),(96,'smart-televisions',8,'Botble\\Ecommerce\\Models\\Product','products','2024-01-06 17:16:42','2024-01-06 17:16:42'),(97,'samsung-smart-phone-digital',9,'Botble\\Ecommerce\\Models\\Product','products','2024-01-06 17:16:42','2024-01-06 17:17:25'),(98,'herschel-leather-duffle-bag-in-brown-color',10,'Botble\\Ecommerce\\Models\\Product','products','2024-01-06 17:16:42','2024-01-06 17:16:42'),(99,'xbox-one-wireless-controller-black-color',11,'Botble\\Ecommerce\\Models\\Product','products','2024-01-06 17:16:42','2024-01-06 17:16:42'),(100,'epsion-plaster-printer',12,'Botble\\Ecommerce\\Models\\Product','products','2024-01-06 17:16:42','2024-01-06 17:16:42'),(101,'sound-intone-i65-earphone-white-version-digital',13,'Botble\\Ecommerce\\Models\\Product','products','2024-01-06 17:16:42','2024-01-06 17:17:25'),(102,'bo-play-mini-bluetooth-speaker',14,'Botble\\Ecommerce\\Models\\Product','products','2024-01-06 17:16:42','2024-01-06 17:16:42'),(103,'apple-macbook-air-retina-133-inch-laptop',15,'Botble\\Ecommerce\\Models\\Product','products','2024-01-06 17:16:42','2024-01-06 17:16:42'),(104,'apple-macbook-air-retina-12-inch-laptop',16,'Botble\\Ecommerce\\Models\\Product','products','2024-01-06 17:16:42','2024-01-06 17:16:42'),(105,'samsung-gear-vr-virtual-reality-headset-digital',17,'Botble\\Ecommerce\\Models\\Product','products','2024-01-06 17:16:42','2024-01-06 17:17:25'),(106,'aveeno-moisturizing-body-shower-450ml',18,'Botble\\Ecommerce\\Models\\Product','products','2024-01-06 17:16:42','2024-01-06 17:16:42'),(107,'nyx-beauty-couton-pallete-makeup-12',19,'Botble\\Ecommerce\\Models\\Product','products','2024-01-06 17:16:42','2024-01-06 17:16:42'),(108,'nyx-beauty-couton-pallete-makeup-12',20,'Botble\\Ecommerce\\Models\\Product','products','2024-01-06 17:16:42','2024-01-06 17:16:42'),(109,'mvmth-classical-leather-watch-in-black-digital',21,'Botble\\Ecommerce\\Models\\Product','products','2024-01-06 17:16:42','2024-01-06 17:17:25'),(110,'baxter-care-hair-kit-for-bearded-mens',22,'Botble\\Ecommerce\\Models\\Product','products','2024-01-06 17:16:42','2024-01-06 17:16:42'),(111,'ciate-palemore-lipstick-bold-red-color',23,'Botble\\Ecommerce\\Models\\Product','products','2024-01-06 17:16:42','2024-01-06 17:16:42'),(112,'vimto-squash-remix-apple-15-litres',24,'Botble\\Ecommerce\\Models\\Product','products','2024-01-06 17:16:42','2024-01-06 17:16:42'),(113,'crock-pot-slow-cooker-digital',25,'Botble\\Ecommerce\\Models\\Product','products','2024-01-06 17:16:42','2024-01-06 17:17:25'),(114,'taylors-of-harrogate-yorkshire-coffee',26,'Botble\\Ecommerce\\Models\\Product','products','2024-01-06 17:16:42','2024-01-06 17:16:42'),(115,'soft-mochi-galeto-ice-cream',27,'Botble\\Ecommerce\\Models\\Product','products','2024-01-06 17:16:42','2024-01-06 17:16:42'),(116,'naked-noodle-egg-noodles-singapore',28,'Botble\\Ecommerce\\Models\\Product','products','2024-01-06 17:16:42','2024-01-06 17:16:42'),(117,'saute-pan-silver-digital',29,'Botble\\Ecommerce\\Models\\Product','products','2024-01-06 17:16:42','2024-01-06 17:17:25'),(118,'bar-s-classic-bun-length-franks',30,'Botble\\Ecommerce\\Models\\Product','products','2024-01-06 17:16:42','2024-01-06 17:16:42'),(119,'broccoli-crowns',31,'Botble\\Ecommerce\\Models\\Product','products','2024-01-06 17:16:42','2024-01-06 17:16:42'),(120,'slimming-world-vegan-mac-greens',32,'Botble\\Ecommerce\\Models\\Product','products','2024-01-06 17:16:42','2024-01-06 17:16:42'),(121,'haagen-dazs-salted-caramel-digital',33,'Botble\\Ecommerce\\Models\\Product','products','2024-01-06 17:16:42','2024-01-06 17:17:25'),(122,'iceland-3-solo-exotic-burst',34,'Botble\\Ecommerce\\Models\\Product','products','2024-01-06 17:16:42','2024-01-06 17:16:42'),(123,'extreme-budweiser-light-can',35,'Botble\\Ecommerce\\Models\\Product','products','2024-01-06 17:16:42','2024-01-06 17:16:42'),(124,'iceland-macaroni-cheese-traybake',36,'Botble\\Ecommerce\\Models\\Product','products','2024-01-06 17:16:43','2024-01-06 17:16:43'),(125,'dolmio-bolognese-pasta-sauce-digital',37,'Botble\\Ecommerce\\Models\\Product','products','2024-01-06 17:16:43','2024-01-06 17:17:25'),(126,'sitema-bakeit-plastic-box',38,'Botble\\Ecommerce\\Models\\Product','products','2024-01-06 17:16:43','2024-01-06 17:16:43'),(127,'wayfair-basics-dinner-plate-storage',39,'Botble\\Ecommerce\\Models\\Product','products','2024-01-06 17:16:43','2024-01-06 17:16:43'),(128,'miko-the-panda-water-bottle',40,'Botble\\Ecommerce\\Models\\Product','products','2024-01-06 17:16:43','2024-01-06 17:16:43'),(129,'sesame-seed-bread-digital',41,'Botble\\Ecommerce\\Models\\Product','products','2024-01-06 17:16:43','2024-01-06 17:17:25'),(130,'morrisons-the-best-beef',42,'Botble\\Ecommerce\\Models\\Product','products','2024-01-06 17:16:43','2024-01-06 17:16:43'),(131,'avocado-hass-large',43,'Botble\\Ecommerce\\Models\\Product','products','2024-01-06 17:16:43','2024-01-06 17:16:43'),(132,'italia-beef-lasagne',44,'Botble\\Ecommerce\\Models\\Product','products','2024-01-06 17:16:43','2024-01-06 17:16:43'),(133,'maxwell-house-classic-roast-mocha-digital',45,'Botble\\Ecommerce\\Models\\Product','products','2024-01-06 17:16:43','2024-01-06 17:17:25'),(134,'bottled-pure-water-500ml',46,'Botble\\Ecommerce\\Models\\Product','products','2024-01-06 17:16:43','2024-01-06 17:16:43'),(135,'famart-farmhouse-soft-white',47,'Botble\\Ecommerce\\Models\\Product','products','2024-01-06 17:16:43','2024-01-06 17:16:43'),(136,'coca-cola-original-taste',48,'Botble\\Ecommerce\\Models\\Product','products','2024-01-06 17:16:43','2024-01-06 17:16:43'),(137,'casillero-diablo-cabernet-sauvignon-digital',49,'Botble\\Ecommerce\\Models\\Product','products','2024-01-06 17:16:43','2024-01-06 17:17:25'),(138,'arla-organic-free-range-milk',50,'Botble\\Ecommerce\\Models\\Product','products','2024-01-06 17:16:43','2024-01-06 17:16:43'),(139,'aptamil-follow-on-baby-milk',51,'Botble\\Ecommerce\\Models\\Product','products','2024-01-06 17:16:43','2024-01-06 17:16:43'),(140,'cuisinart-chefs-classic-hard-anodized',52,'Botble\\Ecommerce\\Models\\Product','products','2024-01-06 17:16:43','2024-01-06 17:16:43'),(141,'corn-yellow-sweet-digital',53,'Botble\\Ecommerce\\Models\\Product','products','2024-01-06 17:16:43','2024-01-06 17:17:25'),(142,'hobnobs-the-nobbly-biscuit',54,'Botble\\Ecommerce\\Models\\Product','products','2024-01-06 17:16:43','2024-01-06 17:16:43'),(143,'honest-organic-still-lemonade',55,'Botble\\Ecommerce\\Models\\Product','products','2024-01-06 17:16:43','2024-01-06 17:16:43'),(144,'ice-becks-beer-350ml-x-24-pieces',56,'Botble\\Ecommerce\\Models\\Product','products','2024-01-06 17:16:43','2024-01-06 17:16:43'),(145,'iceland-6-hot-cross-buns-digital',57,'Botble\\Ecommerce\\Models\\Product','products','2024-01-06 17:16:43','2024-01-06 17:17:25'),(146,'iceland-luxury-4-panini-rolls',58,'Botble\\Ecommerce\\Models\\Product','products','2024-01-06 17:16:43','2024-01-06 17:16:43'),(147,'iceland-soft-scoop-vanilla',59,'Botble\\Ecommerce\\Models\\Product','products','2024-01-06 17:16:43','2024-01-06 17:16:43'),(148,'iceland-spaghetti-bolognese',60,'Botble\\Ecommerce\\Models\\Product','products','2024-01-06 17:16:43','2024-01-06 17:16:43'),(149,'kelloggs-coco-pops-cereal-digital',61,'Botble\\Ecommerce\\Models\\Product','products','2024-01-06 17:16:43','2024-01-06 17:17:25'),(150,'kit-kat-chunky-milk-chocolate',62,'Botble\\Ecommerce\\Models\\Product','products','2024-01-06 17:16:43','2024-01-06 17:16:43'),(151,'large-green-bell-pepper',63,'Botble\\Ecommerce\\Models\\Product','products','2024-01-06 17:16:43','2024-01-06 17:16:43'),(152,'pice-94w-beasley-journal',64,'Botble\\Ecommerce\\Models\\Product','products','2024-01-06 17:16:43','2024-01-06 17:16:43'),(153,'province-piece-glass-drinking-glass-digital',65,'Botble\\Ecommerce\\Models\\Product','products','2024-01-06 17:16:44','2024-01-06 17:17:25'),(154,'electronic',1,'Botble\\Ecommerce\\Models\\ProductTag','product-tags','2024-01-06 17:16:50','2024-01-06 17:16:50'),(155,'mobile',2,'Botble\\Ecommerce\\Models\\ProductTag','product-tags','2024-01-06 17:16:50','2024-01-06 17:16:50'),(156,'iphone',3,'Botble\\Ecommerce\\Models\\ProductTag','product-tags','2024-01-06 17:16:50','2024-01-06 17:16:50'),(157,'printer',4,'Botble\\Ecommerce\\Models\\ProductTag','product-tags','2024-01-06 17:16:50','2024-01-06 17:16:50'),(158,'office',5,'Botble\\Ecommerce\\Models\\ProductTag','product-tags','2024-01-06 17:16:50','2024-01-06 17:16:50'),(159,'it',6,'Botble\\Ecommerce\\Models\\ProductTag','product-tags','2024-01-06 17:16:50','2024-01-06 17:16:50'),(160,'ecommerce',1,'Botble\\Blog\\Models\\Category','blog','2024-01-06 17:16:51','2024-01-06 17:16:51'),(161,'fashion',2,'Botble\\Blog\\Models\\Category','blog','2024-01-06 17:16:51','2024-01-06 17:16:51'),(162,'electronic',3,'Botble\\Blog\\Models\\Category','blog','2024-01-06 17:16:51','2024-01-06 17:16:51'),(163,'commercial',4,'Botble\\Blog\\Models\\Category','blog','2024-01-06 17:16:51','2024-01-06 17:16:51'),(164,'general',1,'Botble\\Blog\\Models\\Tag','tag','2024-01-06 17:16:51','2024-01-06 17:16:51'),(165,'design',2,'Botble\\Blog\\Models\\Tag','tag','2024-01-06 17:16:51','2024-01-06 17:16:51'),(166,'fashion',3,'Botble\\Blog\\Models\\Tag','tag','2024-01-06 17:16:51','2024-01-06 17:16:51'),(167,'branding',4,'Botble\\Blog\\Models\\Tag','tag','2024-01-06 17:16:51','2024-01-06 17:16:51'),(168,'modern',5,'Botble\\Blog\\Models\\Tag','tag','2024-01-06 17:16:51','2024-01-06 17:16:51'),(169,'4-expert-tips-on-how-to-choose-the-right-mens-wallet',1,'Botble\\Blog\\Models\\Post','blog','2024-01-06 17:16:51','2024-01-06 17:16:51'),(170,'sexy-clutches-how-to-buy-wear-a-designer-clutch-bag',2,'Botble\\Blog\\Models\\Post','blog','2024-01-06 17:16:51','2024-01-06 17:16:51'),(171,'the-top-2020-handbag-trends-to-know',3,'Botble\\Blog\\Models\\Post','blog','2024-01-06 17:16:51','2024-01-06 17:16:51'),(172,'how-to-match-the-color-of-your-handbag-with-an-outfit',4,'Botble\\Blog\\Models\\Post','blog','2024-01-06 17:16:51','2024-01-06 17:16:51'),(173,'how-to-care-for-leather-bags',5,'Botble\\Blog\\Models\\Post','blog','2024-01-06 17:16:51','2024-01-06 17:16:51'),(174,'were-crushing-hard-on-summers-10-biggest-bag-trends',6,'Botble\\Blog\\Models\\Post','blog','2024-01-06 17:16:51','2024-01-06 17:16:51'),(175,'essential-qualities-of-highly-successful-music',7,'Botble\\Blog\\Models\\Post','blog','2024-01-06 17:16:51','2024-01-06 17:16:51'),(176,'9-things-i-love-about-shaving-my-head',8,'Botble\\Blog\\Models\\Post','blog','2024-01-06 17:16:51','2024-01-06 17:16:51'),(177,'why-teamwork-really-makes-the-dream-work',9,'Botble\\Blog\\Models\\Post','blog','2024-01-06 17:16:51','2024-01-06 17:16:51'),(178,'the-world-caters-to-average-people',10,'Botble\\Blog\\Models\\Post','blog','2024-01-06 17:16:51','2024-01-06 17:16:51'),(179,'the-litigants-on-the-screen-are-not-actors',11,'Botble\\Blog\\Models\\Post','blog','2024-01-06 17:16:51','2024-01-06 17:16:51'),(180,'home',1,'Botble\\Page\\Models\\Page','','2024-01-06 17:16:51','2024-01-06 17:16:51'),(181,'about-us',2,'Botble\\Page\\Models\\Page','','2024-01-06 17:16:51','2024-01-06 17:16:51'),(182,'terms-of-use',3,'Botble\\Page\\Models\\Page','','2024-01-06 17:16:51','2024-01-06 17:16:51'),(183,'terms-conditions',4,'Botble\\Page\\Models\\Page','','2024-01-06 17:16:51','2024-01-06 17:16:51'),(184,'refund-policy',5,'Botble\\Page\\Models\\Page','','2024-01-06 17:16:51','2024-01-06 17:16:51'),(185,'blog',6,'Botble\\Page\\Models\\Page','','2024-01-06 17:16:51','2024-01-06 17:16:51'),(186,'faqs',7,'Botble\\Page\\Models\\Page','','2024-01-06 17:16:51','2024-01-06 17:16:51'),(187,'contact',8,'Botble\\Page\\Models\\Page','','2024-01-06 17:16:51','2024-01-06 17:16:51'),(188,'cookie-policy',9,'Botble\\Page\\Models\\Page','','2024-01-06 17:16:51','2024-01-06 17:16:51'),(189,'affiliate',10,'Botble\\Page\\Models\\Page','','2024-01-06 17:16:51','2024-01-06 17:16:51'),(190,'career',11,'Botble\\Page\\Models\\Page','','2024-01-06 17:16:51','2024-01-06 17:16:51'),(191,'coming-soon',12,'Botble\\Page\\Models\\Page','','2024-01-06 17:16:51','2024-01-06 17:16:51'),(192,'gopro',1,'Botble\\Marketplace\\Models\\Store','stores','2024-01-06 17:16:55','2024-01-06 17:16:55'),(193,'global-office',2,'Botble\\Marketplace\\Models\\Store','stores','2024-01-06 17:16:55','2024-01-06 17:16:55'),(194,'young-shop',3,'Botble\\Marketplace\\Models\\Store','stores','2024-01-06 17:16:55','2024-01-06 17:16:55'),(195,'global-store',4,'Botble\\Marketplace\\Models\\Store','stores','2024-01-06 17:16:55','2024-01-06 17:16:55'),(196,'roberts-store',5,'Botble\\Marketplace\\Models\\Store','stores','2024-01-06 17:16:55','2024-01-06 17:16:55'),(197,'stouffer',6,'Botble\\Marketplace\\Models\\Store','stores','2024-01-06 17:16:55','2024-01-06 17:16:55'),(198,'starkist',7,'Botble\\Marketplace\\Models\\Store','stores','2024-01-06 17:16:55','2024-01-06 17:16:55'),(199,'old-el-paso',8,'Botble\\Marketplace\\Models\\Store','stores','2024-01-06 17:16:55','2024-01-06 17:16:55'),(200,'dual-camera-20mp-digital',66,'Botble\\Ecommerce\\Models\\Product','products','2024-01-06 17:17:25','2024-01-06 17:17:25'),(201,'dual-camera-20mp-digital',67,'Botble\\Ecommerce\\Models\\Product','products','2024-01-06 17:17:25','2024-01-06 17:17:25'),(202,'smart-watches',68,'Botble\\Ecommerce\\Models\\Product','products','2024-01-06 17:17:25','2024-01-06 17:17:25'),(203,'smart-watches',69,'Botble\\Ecommerce\\Models\\Product','products','2024-01-06 17:17:25','2024-01-06 17:17:25'),(204,'smart-watches',70,'Botble\\Ecommerce\\Models\\Product','products','2024-01-06 17:17:25','2024-01-06 17:17:25'),(205,'beat-headphone',71,'Botble\\Ecommerce\\Models\\Product','products','2024-01-06 17:17:25','2024-01-06 17:17:25'),(206,'beat-headphone',72,'Botble\\Ecommerce\\Models\\Product','products','2024-01-06 17:17:25','2024-01-06 17:17:25'),(207,'beat-headphone',73,'Botble\\Ecommerce\\Models\\Product','products','2024-01-06 17:17:25','2024-01-06 17:17:25'),(208,'beat-headphone',74,'Botble\\Ecommerce\\Models\\Product','products','2024-01-06 17:17:25','2024-01-06 17:17:25'),(209,'red-black-headphone',75,'Botble\\Ecommerce\\Models\\Product','products','2024-01-06 17:17:25','2024-01-06 17:17:25'),(210,'smart-watch-external-digital',76,'Botble\\Ecommerce\\Models\\Product','products','2024-01-06 17:17:25','2024-01-06 17:17:25'),(211,'smart-watch-external-digital',77,'Botble\\Ecommerce\\Models\\Product','products','2024-01-06 17:17:25','2024-01-06 17:17:25'),(212,'nikon-hd-camera',78,'Botble\\Ecommerce\\Models\\Product','products','2024-01-06 17:17:25','2024-01-06 17:17:25'),(213,'audio-equipment',79,'Botble\\Ecommerce\\Models\\Product','products','2024-01-06 17:17:26','2024-01-06 17:17:26'),(214,'audio-equipment',80,'Botble\\Ecommerce\\Models\\Product','products','2024-01-06 17:17:26','2024-01-06 17:17:26'),(215,'audio-equipment',81,'Botble\\Ecommerce\\Models\\Product','products','2024-01-06 17:17:26','2024-01-06 17:17:26'),(216,'audio-equipment',82,'Botble\\Ecommerce\\Models\\Product','products','2024-01-06 17:17:26','2024-01-06 17:17:26'),(217,'audio-equipment',83,'Botble\\Ecommerce\\Models\\Product','products','2024-01-06 17:17:26','2024-01-06 17:17:26'),(218,'smart-televisions',84,'Botble\\Ecommerce\\Models\\Product','products','2024-01-06 17:17:26','2024-01-06 17:17:26'),(219,'smart-televisions',85,'Botble\\Ecommerce\\Models\\Product','products','2024-01-06 17:17:26','2024-01-06 17:17:26'),(220,'smart-televisions',86,'Botble\\Ecommerce\\Models\\Product','products','2024-01-06 17:17:26','2024-01-06 17:17:26'),(221,'samsung-smart-phone-digital',87,'Botble\\Ecommerce\\Models\\Product','products','2024-01-06 17:17:26','2024-01-06 17:17:26'),(222,'herschel-leather-duffle-bag-in-brown-color',88,'Botble\\Ecommerce\\Models\\Product','products','2024-01-06 17:17:26','2024-01-06 17:17:26'),(223,'herschel-leather-duffle-bag-in-brown-color',89,'Botble\\Ecommerce\\Models\\Product','products','2024-01-06 17:17:26','2024-01-06 17:17:26'),(224,'xbox-one-wireless-controller-black-color',90,'Botble\\Ecommerce\\Models\\Product','products','2024-01-06 17:17:26','2024-01-06 17:17:26'),(225,'xbox-one-wireless-controller-black-color',91,'Botble\\Ecommerce\\Models\\Product','products','2024-01-06 17:17:26','2024-01-06 17:17:26'),(226,'xbox-one-wireless-controller-black-color',92,'Botble\\Ecommerce\\Models\\Product','products','2024-01-06 17:17:26','2024-01-06 17:17:26'),(227,'epsion-plaster-printer',93,'Botble\\Ecommerce\\Models\\Product','products','2024-01-06 17:17:26','2024-01-06 17:17:26'),(228,'sound-intone-i65-earphone-white-version-digital',94,'Botble\\Ecommerce\\Models\\Product','products','2024-01-06 17:17:26','2024-01-06 17:17:26'),(229,'bo-play-mini-bluetooth-speaker',95,'Botble\\Ecommerce\\Models\\Product','products','2024-01-06 17:17:26','2024-01-06 17:17:26'),(230,'bo-play-mini-bluetooth-speaker',96,'Botble\\Ecommerce\\Models\\Product','products','2024-01-06 17:17:26','2024-01-06 17:17:26'),(231,'bo-play-mini-bluetooth-speaker',97,'Botble\\Ecommerce\\Models\\Product','products','2024-01-06 17:17:26','2024-01-06 17:17:26'),(232,'bo-play-mini-bluetooth-speaker',98,'Botble\\Ecommerce\\Models\\Product','products','2024-01-06 17:17:26','2024-01-06 17:17:26'),(233,'apple-macbook-air-retina-133-inch-laptop',99,'Botble\\Ecommerce\\Models\\Product','products','2024-01-06 17:17:26','2024-01-06 17:17:26'),(234,'apple-macbook-air-retina-12-inch-laptop',100,'Botble\\Ecommerce\\Models\\Product','products','2024-01-06 17:17:26','2024-01-06 17:17:26'),(235,'apple-macbook-air-retina-12-inch-laptop',101,'Botble\\Ecommerce\\Models\\Product','products','2024-01-06 17:17:26','2024-01-06 17:17:26'),(236,'apple-macbook-air-retina-12-inch-laptop',102,'Botble\\Ecommerce\\Models\\Product','products','2024-01-06 17:17:26','2024-01-06 17:17:26'),(237,'samsung-gear-vr-virtual-reality-headset-digital',103,'Botble\\Ecommerce\\Models\\Product','products','2024-01-06 17:17:26','2024-01-06 17:17:26'),(238,'samsung-gear-vr-virtual-reality-headset-digital',104,'Botble\\Ecommerce\\Models\\Product','products','2024-01-06 17:17:26','2024-01-06 17:17:26'),(239,'samsung-gear-vr-virtual-reality-headset-digital',105,'Botble\\Ecommerce\\Models\\Product','products','2024-01-06 17:17:26','2024-01-06 17:17:26'),(240,'aveeno-moisturizing-body-shower-450ml',106,'Botble\\Ecommerce\\Models\\Product','products','2024-01-06 17:17:26','2024-01-06 17:17:26'),(241,'aveeno-moisturizing-body-shower-450ml',107,'Botble\\Ecommerce\\Models\\Product','products','2024-01-06 17:17:26','2024-01-06 17:17:26'),(242,'aveeno-moisturizing-body-shower-450ml',108,'Botble\\Ecommerce\\Models\\Product','products','2024-01-06 17:17:26','2024-01-06 17:17:26'),(243,'aveeno-moisturizing-body-shower-450ml',109,'Botble\\Ecommerce\\Models\\Product','products','2024-01-06 17:17:26','2024-01-06 17:17:26'),(244,'aveeno-moisturizing-body-shower-450ml',110,'Botble\\Ecommerce\\Models\\Product','products','2024-01-06 17:17:26','2024-01-06 17:17:26'),(245,'nyx-beauty-couton-pallete-makeup-12',111,'Botble\\Ecommerce\\Models\\Product','products','2024-01-06 17:17:26','2024-01-06 17:17:26'),(246,'nyx-beauty-couton-pallete-makeup-12',112,'Botble\\Ecommerce\\Models\\Product','products','2024-01-06 17:17:26','2024-01-06 17:17:26'),(247,'nyx-beauty-couton-pallete-makeup-12',113,'Botble\\Ecommerce\\Models\\Product','products','2024-01-06 17:17:26','2024-01-06 17:17:26'),(248,'nyx-beauty-couton-pallete-makeup-12',114,'Botble\\Ecommerce\\Models\\Product','products','2024-01-06 17:17:26','2024-01-06 17:17:26'),(249,'nyx-beauty-couton-pallete-makeup-12',115,'Botble\\Ecommerce\\Models\\Product','products','2024-01-06 17:17:26','2024-01-06 17:17:26'),(250,'nyx-beauty-couton-pallete-makeup-12',116,'Botble\\Ecommerce\\Models\\Product','products','2024-01-06 17:17:26','2024-01-06 17:17:26'),(251,'mvmth-classical-leather-watch-in-black-digital',117,'Botble\\Ecommerce\\Models\\Product','products','2024-01-06 17:17:26','2024-01-06 17:17:26'),(252,'baxter-care-hair-kit-for-bearded-mens',118,'Botble\\Ecommerce\\Models\\Product','products','2024-01-06 17:17:26','2024-01-06 17:17:26'),(253,'baxter-care-hair-kit-for-bearded-mens',119,'Botble\\Ecommerce\\Models\\Product','products','2024-01-06 17:17:26','2024-01-06 17:17:26'),(254,'baxter-care-hair-kit-for-bearded-mens',120,'Botble\\Ecommerce\\Models\\Product','products','2024-01-06 17:17:26','2024-01-06 17:17:26'),(255,'baxter-care-hair-kit-for-bearded-mens',121,'Botble\\Ecommerce\\Models\\Product','products','2024-01-06 17:17:26','2024-01-06 17:17:26'),(256,'ciate-palemore-lipstick-bold-red-color',122,'Botble\\Ecommerce\\Models\\Product','products','2024-01-06 17:17:26','2024-01-06 17:17:26'),(257,'ciate-palemore-lipstick-bold-red-color',123,'Botble\\Ecommerce\\Models\\Product','products','2024-01-06 17:17:26','2024-01-06 17:17:26'),(258,'vimto-squash-remix-apple-15-litres',124,'Botble\\Ecommerce\\Models\\Product','products','2024-01-06 17:17:26','2024-01-06 17:17:26'),(259,'vimto-squash-remix-apple-15-litres',125,'Botble\\Ecommerce\\Models\\Product','products','2024-01-06 17:17:26','2024-01-06 17:17:26'),(260,'crock-pot-slow-cooker-digital',126,'Botble\\Ecommerce\\Models\\Product','products','2024-01-06 17:17:26','2024-01-06 17:17:26'),(261,'crock-pot-slow-cooker-digital',127,'Botble\\Ecommerce\\Models\\Product','products','2024-01-06 17:17:26','2024-01-06 17:17:26'),(262,'taylors-of-harrogate-yorkshire-coffee',128,'Botble\\Ecommerce\\Models\\Product','products','2024-01-06 17:17:26','2024-01-06 17:17:26'),(263,'taylors-of-harrogate-yorkshire-coffee',129,'Botble\\Ecommerce\\Models\\Product','products','2024-01-06 17:17:26','2024-01-06 17:17:26'),(264,'taylors-of-harrogate-yorkshire-coffee',130,'Botble\\Ecommerce\\Models\\Product','products','2024-01-06 17:17:26','2024-01-06 17:17:26'),(265,'soft-mochi-galeto-ice-cream',131,'Botble\\Ecommerce\\Models\\Product','products','2024-01-06 17:17:26','2024-01-06 17:17:26'),(266,'soft-mochi-galeto-ice-cream',132,'Botble\\Ecommerce\\Models\\Product','products','2024-01-06 17:17:26','2024-01-06 17:17:26'),(267,'naked-noodle-egg-noodles-singapore',133,'Botble\\Ecommerce\\Models\\Product','products','2024-01-06 17:17:26','2024-01-06 17:17:26'),(268,'naked-noodle-egg-noodles-singapore',134,'Botble\\Ecommerce\\Models\\Product','products','2024-01-06 17:17:26','2024-01-06 17:17:26'),(269,'saute-pan-silver-digital',135,'Botble\\Ecommerce\\Models\\Product','products','2024-01-06 17:17:26','2024-01-06 17:17:26'),(270,'saute-pan-silver-digital',136,'Botble\\Ecommerce\\Models\\Product','products','2024-01-06 17:17:26','2024-01-06 17:17:26'),(271,'bar-s-classic-bun-length-franks',137,'Botble\\Ecommerce\\Models\\Product','products','2024-01-06 17:17:26','2024-01-06 17:17:26'),(272,'bar-s-classic-bun-length-franks',138,'Botble\\Ecommerce\\Models\\Product','products','2024-01-06 17:17:26','2024-01-06 17:17:26'),(273,'bar-s-classic-bun-length-franks',139,'Botble\\Ecommerce\\Models\\Product','products','2024-01-06 17:17:26','2024-01-06 17:17:26'),(274,'bar-s-classic-bun-length-franks',140,'Botble\\Ecommerce\\Models\\Product','products','2024-01-06 17:17:26','2024-01-06 17:17:26'),(275,'bar-s-classic-bun-length-franks',141,'Botble\\Ecommerce\\Models\\Product','products','2024-01-06 17:17:26','2024-01-06 17:17:26'),(276,'broccoli-crowns',142,'Botble\\Ecommerce\\Models\\Product','products','2024-01-06 17:17:26','2024-01-06 17:17:26'),(277,'broccoli-crowns',143,'Botble\\Ecommerce\\Models\\Product','products','2024-01-06 17:17:26','2024-01-06 17:17:26'),(278,'broccoli-crowns',144,'Botble\\Ecommerce\\Models\\Product','products','2024-01-06 17:17:26','2024-01-06 17:17:26'),(279,'slimming-world-vegan-mac-greens',145,'Botble\\Ecommerce\\Models\\Product','products','2024-01-06 17:17:26','2024-01-06 17:17:26'),(280,'haagen-dazs-salted-caramel-digital',146,'Botble\\Ecommerce\\Models\\Product','products','2024-01-06 17:17:26','2024-01-06 17:17:26'),(281,'haagen-dazs-salted-caramel-digital',147,'Botble\\Ecommerce\\Models\\Product','products','2024-01-06 17:17:26','2024-01-06 17:17:26'),(282,'iceland-3-solo-exotic-burst',148,'Botble\\Ecommerce\\Models\\Product','products','2024-01-06 17:17:26','2024-01-06 17:17:26'),(283,'iceland-3-solo-exotic-burst',149,'Botble\\Ecommerce\\Models\\Product','products','2024-01-06 17:17:26','2024-01-06 17:17:26'),(284,'extreme-budweiser-light-can',150,'Botble\\Ecommerce\\Models\\Product','products','2024-01-06 17:17:26','2024-01-06 17:17:26'),(285,'extreme-budweiser-light-can',151,'Botble\\Ecommerce\\Models\\Product','products','2024-01-06 17:17:26','2024-01-06 17:17:26'),(286,'iceland-macaroni-cheese-traybake',152,'Botble\\Ecommerce\\Models\\Product','products','2024-01-06 17:17:26','2024-01-06 17:17:26'),(287,'dolmio-bolognese-pasta-sauce-digital',153,'Botble\\Ecommerce\\Models\\Product','products','2024-01-06 17:17:26','2024-01-06 17:17:26'),(288,'dolmio-bolognese-pasta-sauce-digital',154,'Botble\\Ecommerce\\Models\\Product','products','2024-01-06 17:17:26','2024-01-06 17:17:26'),(289,'dolmio-bolognese-pasta-sauce-digital',155,'Botble\\Ecommerce\\Models\\Product','products','2024-01-06 17:17:26','2024-01-06 17:17:26'),(290,'dolmio-bolognese-pasta-sauce-digital',156,'Botble\\Ecommerce\\Models\\Product','products','2024-01-06 17:17:26','2024-01-06 17:17:26'),(291,'sitema-bakeit-plastic-box',157,'Botble\\Ecommerce\\Models\\Product','products','2024-01-06 17:17:26','2024-01-06 17:17:26'),(292,'sitema-bakeit-plastic-box',158,'Botble\\Ecommerce\\Models\\Product','products','2024-01-06 17:17:26','2024-01-06 17:17:26'),(293,'wayfair-basics-dinner-plate-storage',159,'Botble\\Ecommerce\\Models\\Product','products','2024-01-06 17:17:26','2024-01-06 17:17:26'),(294,'wayfair-basics-dinner-plate-storage',160,'Botble\\Ecommerce\\Models\\Product','products','2024-01-06 17:17:26','2024-01-06 17:17:26'),(295,'wayfair-basics-dinner-plate-storage',161,'Botble\\Ecommerce\\Models\\Product','products','2024-01-06 17:17:26','2024-01-06 17:17:26'),(296,'miko-the-panda-water-bottle',162,'Botble\\Ecommerce\\Models\\Product','products','2024-01-06 17:17:26','2024-01-06 17:17:26'),(297,'miko-the-panda-water-bottle',163,'Botble\\Ecommerce\\Models\\Product','products','2024-01-06 17:17:26','2024-01-06 17:17:26'),(298,'sesame-seed-bread-digital',164,'Botble\\Ecommerce\\Models\\Product','products','2024-01-06 17:17:26','2024-01-06 17:17:26'),(299,'sesame-seed-bread-digital',165,'Botble\\Ecommerce\\Models\\Product','products','2024-01-06 17:17:26','2024-01-06 17:17:26'),(300,'morrisons-the-best-beef',166,'Botble\\Ecommerce\\Models\\Product','products','2024-01-06 17:17:26','2024-01-06 17:17:26'),(301,'morrisons-the-best-beef',167,'Botble\\Ecommerce\\Models\\Product','products','2024-01-06 17:17:26','2024-01-06 17:17:26'),(302,'avocado-hass-large',168,'Botble\\Ecommerce\\Models\\Product','products','2024-01-06 17:17:26','2024-01-06 17:17:26'),(303,'avocado-hass-large',169,'Botble\\Ecommerce\\Models\\Product','products','2024-01-06 17:17:26','2024-01-06 17:17:26'),(304,'avocado-hass-large',170,'Botble\\Ecommerce\\Models\\Product','products','2024-01-06 17:17:26','2024-01-06 17:17:26'),(305,'italia-beef-lasagne',171,'Botble\\Ecommerce\\Models\\Product','products','2024-01-06 17:17:26','2024-01-06 17:17:26'),(306,'italia-beef-lasagne',172,'Botble\\Ecommerce\\Models\\Product','products','2024-01-06 17:17:26','2024-01-06 17:17:26'),(307,'maxwell-house-classic-roast-mocha-digital',173,'Botble\\Ecommerce\\Models\\Product','products','2024-01-06 17:17:26','2024-01-06 17:17:26'),(308,'maxwell-house-classic-roast-mocha-digital',174,'Botble\\Ecommerce\\Models\\Product','products','2024-01-06 17:17:26','2024-01-06 17:17:26'),(309,'maxwell-house-classic-roast-mocha-digital',175,'Botble\\Ecommerce\\Models\\Product','products','2024-01-06 17:17:26','2024-01-06 17:17:26'),(310,'bottled-pure-water-500ml',176,'Botble\\Ecommerce\\Models\\Product','products','2024-01-06 17:17:26','2024-01-06 17:17:26'),(311,'bottled-pure-water-500ml',177,'Botble\\Ecommerce\\Models\\Product','products','2024-01-06 17:17:26','2024-01-06 17:17:26'),(312,'bottled-pure-water-500ml',178,'Botble\\Ecommerce\\Models\\Product','products','2024-01-06 17:17:26','2024-01-06 17:17:26'),(313,'famart-farmhouse-soft-white',179,'Botble\\Ecommerce\\Models\\Product','products','2024-01-06 17:17:26','2024-01-06 17:17:26'),(314,'famart-farmhouse-soft-white',180,'Botble\\Ecommerce\\Models\\Product','products','2024-01-06 17:17:26','2024-01-06 17:17:26'),(315,'coca-cola-original-taste',181,'Botble\\Ecommerce\\Models\\Product','products','2024-01-06 17:17:26','2024-01-06 17:17:26'),(316,'coca-cola-original-taste',182,'Botble\\Ecommerce\\Models\\Product','products','2024-01-06 17:17:26','2024-01-06 17:17:26'),(317,'coca-cola-original-taste',183,'Botble\\Ecommerce\\Models\\Product','products','2024-01-06 17:17:26','2024-01-06 17:17:26'),(318,'casillero-diablo-cabernet-sauvignon-digital',184,'Botble\\Ecommerce\\Models\\Product','products','2024-01-06 17:17:26','2024-01-06 17:17:26'),(319,'casillero-diablo-cabernet-sauvignon-digital',185,'Botble\\Ecommerce\\Models\\Product','products','2024-01-06 17:17:26','2024-01-06 17:17:26'),(320,'arla-organic-free-range-milk',186,'Botble\\Ecommerce\\Models\\Product','products','2024-01-06 17:17:26','2024-01-06 17:17:26'),(321,'arla-organic-free-range-milk',187,'Botble\\Ecommerce\\Models\\Product','products','2024-01-06 17:17:26','2024-01-06 17:17:26'),(322,'arla-organic-free-range-milk',188,'Botble\\Ecommerce\\Models\\Product','products','2024-01-06 17:17:26','2024-01-06 17:17:26'),(323,'arla-organic-free-range-milk',189,'Botble\\Ecommerce\\Models\\Product','products','2024-01-06 17:17:26','2024-01-06 17:17:26'),(324,'arla-organic-free-range-milk',190,'Botble\\Ecommerce\\Models\\Product','products','2024-01-06 17:17:26','2024-01-06 17:17:26'),(325,'aptamil-follow-on-baby-milk',191,'Botble\\Ecommerce\\Models\\Product','products','2024-01-06 17:17:26','2024-01-06 17:17:26'),(326,'aptamil-follow-on-baby-milk',192,'Botble\\Ecommerce\\Models\\Product','products','2024-01-06 17:17:26','2024-01-06 17:17:26'),(327,'cuisinart-chefs-classic-hard-anodized',193,'Botble\\Ecommerce\\Models\\Product','products','2024-01-06 17:17:26','2024-01-06 17:17:26'),(328,'corn-yellow-sweet-digital',194,'Botble\\Ecommerce\\Models\\Product','products','2024-01-06 17:17:26','2024-01-06 17:17:26'),(329,'corn-yellow-sweet-digital',195,'Botble\\Ecommerce\\Models\\Product','products','2024-01-06 17:17:26','2024-01-06 17:17:26'),(330,'corn-yellow-sweet-digital',196,'Botble\\Ecommerce\\Models\\Product','products','2024-01-06 17:17:26','2024-01-06 17:17:26'),(331,'hobnobs-the-nobbly-biscuit',197,'Botble\\Ecommerce\\Models\\Product','products','2024-01-06 17:17:26','2024-01-06 17:17:26'),(332,'honest-organic-still-lemonade',198,'Botble\\Ecommerce\\Models\\Product','products','2024-01-06 17:17:26','2024-01-06 17:17:26'),(333,'ice-becks-beer-350ml-x-24-pieces',199,'Botble\\Ecommerce\\Models\\Product','products','2024-01-06 17:17:26','2024-01-06 17:17:26'),(334,'iceland-6-hot-cross-buns-digital',200,'Botble\\Ecommerce\\Models\\Product','products','2024-01-06 17:17:26','2024-01-06 17:17:26'),(335,'iceland-luxury-4-panini-rolls',201,'Botble\\Ecommerce\\Models\\Product','products','2024-01-06 17:17:26','2024-01-06 17:17:26'),(336,'iceland-luxury-4-panini-rolls',202,'Botble\\Ecommerce\\Models\\Product','products','2024-01-06 17:17:26','2024-01-06 17:17:26'),(337,'iceland-luxury-4-panini-rolls',203,'Botble\\Ecommerce\\Models\\Product','products','2024-01-06 17:17:26','2024-01-06 17:17:26'),(338,'iceland-soft-scoop-vanilla',204,'Botble\\Ecommerce\\Models\\Product','products','2024-01-06 17:17:26','2024-01-06 17:17:26'),(339,'iceland-soft-scoop-vanilla',205,'Botble\\Ecommerce\\Models\\Product','products','2024-01-06 17:17:26','2024-01-06 17:17:26'),(340,'iceland-soft-scoop-vanilla',206,'Botble\\Ecommerce\\Models\\Product','products','2024-01-06 17:17:26','2024-01-06 17:17:26'),(341,'iceland-spaghetti-bolognese',207,'Botble\\Ecommerce\\Models\\Product','products','2024-01-06 17:17:26','2024-01-06 17:17:26'),(342,'iceland-spaghetti-bolognese',208,'Botble\\Ecommerce\\Models\\Product','products','2024-01-06 17:17:26','2024-01-06 17:17:26'),(343,'iceland-spaghetti-bolognese',209,'Botble\\Ecommerce\\Models\\Product','products','2024-01-06 17:17:26','2024-01-06 17:17:26'),(344,'kelloggs-coco-pops-cereal-digital',210,'Botble\\Ecommerce\\Models\\Product','products','2024-01-06 17:17:26','2024-01-06 17:17:26'),(345,'kelloggs-coco-pops-cereal-digital',211,'Botble\\Ecommerce\\Models\\Product','products','2024-01-06 17:17:26','2024-01-06 17:17:26'),(346,'kit-kat-chunky-milk-chocolate',212,'Botble\\Ecommerce\\Models\\Product','products','2024-01-06 17:17:26','2024-01-06 17:17:26'),(347,'large-green-bell-pepper',213,'Botble\\Ecommerce\\Models\\Product','products','2024-01-06 17:17:26','2024-01-06 17:17:26'),(348,'large-green-bell-pepper',214,'Botble\\Ecommerce\\Models\\Product','products','2024-01-06 17:17:26','2024-01-06 17:17:26'),(349,'large-green-bell-pepper',215,'Botble\\Ecommerce\\Models\\Product','products','2024-01-06 17:17:26','2024-01-06 17:17:26'),(350,'large-green-bell-pepper',216,'Botble\\Ecommerce\\Models\\Product','products','2024-01-06 17:17:26','2024-01-06 17:17:26'),(351,'pice-94w-beasley-journal',217,'Botble\\Ecommerce\\Models\\Product','products','2024-01-06 17:17:26','2024-01-06 17:17:26'),(352,'pice-94w-beasley-journal',218,'Botble\\Ecommerce\\Models\\Product','products','2024-01-06 17:17:26','2024-01-06 17:17:26'),(353,'province-piece-glass-drinking-glass-digital',219,'Botble\\Ecommerce\\Models\\Product','products','2024-01-06 17:17:26','2024-01-06 17:17:26');
/*!40000 ALTER TABLE `slugs` ENABLE KEYS */;
UNLOCK TABLES;

--
-- Table structure for table `slugs_translations`
--

DROP TABLE IF EXISTS `slugs_translations`;
/*!40101 SET @saved_cs_client     = @@character_set_client */;
/*!50503 SET character_set_client = utf8mb4 */;
CREATE TABLE `slugs_translations` (
  `lang_code` varchar(20) COLLATE utf8mb4_unicode_ci NOT NULL,
  `slugs_id` bigint unsigned NOT NULL,
  `key` varchar(255) COLLATE utf8mb4_unicode_ci DEFAULT NULL,
  `prefix` varchar(120) COLLATE utf8mb4_unicode_ci DEFAULT '',
  PRIMARY KEY (`lang_code`,`slugs_id`)
) ENGINE=InnoDB DEFAULT CHARSET=utf8mb4 COLLATE=utf8mb4_unicode_ci;
/*!40101 SET character_set_client = @saved_cs_client */;

--
-- Dumping data for table `slugs_translations`
--

LOCK TABLES `slugs_translations` WRITE;
/*!40000 ALTER TABLE `slugs_translations` DISABLE KEYS */;
/*!40000 ALTER TABLE `slugs_translations` ENABLE KEYS */;
UNLOCK TABLES;

--
-- Table structure for table `states`
--

DROP TABLE IF EXISTS `states`;
/*!40101 SET @saved_cs_client     = @@character_set_client */;
/*!50503 SET character_set_client = utf8mb4 */;
CREATE TABLE `states` (
  `id` bigint unsigned NOT NULL AUTO_INCREMENT,
  `name` varchar(120) COLLATE utf8mb4_unicode_ci NOT NULL,
  `slug` varchar(120) COLLATE utf8mb4_unicode_ci DEFAULT NULL,
  `abbreviation` varchar(10) COLLATE utf8mb4_unicode_ci DEFAULT NULL,
  `country_id` bigint unsigned DEFAULT NULL,
  `order` tinyint NOT NULL DEFAULT '0',
  `image` varchar(255) COLLATE utf8mb4_unicode_ci DEFAULT NULL,
  `is_default` tinyint unsigned NOT NULL DEFAULT '0',
  `status` varchar(60) COLLATE utf8mb4_unicode_ci NOT NULL DEFAULT 'published',
  `created_at` timestamp NULL DEFAULT NULL,
  `updated_at` timestamp NULL DEFAULT NULL,
  PRIMARY KEY (`id`),
  UNIQUE KEY `states_slug_unique` (`slug`)
) ENGINE=InnoDB DEFAULT CHARSET=utf8mb4 COLLATE=utf8mb4_unicode_ci;
/*!40101 SET character_set_client = @saved_cs_client */;

--
-- Dumping data for table `states`
--

LOCK TABLES `states` WRITE;
/*!40000 ALTER TABLE `states` DISABLE KEYS */;
/*!40000 ALTER TABLE `states` ENABLE KEYS */;
UNLOCK TABLES;

--
-- Table structure for table `states_translations`
--

DROP TABLE IF EXISTS `states_translations`;
/*!40101 SET @saved_cs_client     = @@character_set_client */;
/*!50503 SET character_set_client = utf8mb4 */;
CREATE TABLE `states_translations` (
  `lang_code` varchar(20) COLLATE utf8mb4_unicode_ci NOT NULL,
  `states_id` bigint unsigned NOT NULL,
  `name` varchar(120) COLLATE utf8mb4_unicode_ci DEFAULT NULL,
  `slug` varchar(120) COLLATE utf8mb4_unicode_ci DEFAULT NULL,
  `abbreviation` varchar(10) COLLATE utf8mb4_unicode_ci DEFAULT NULL,
  PRIMARY KEY (`lang_code`,`states_id`)
) ENGINE=InnoDB DEFAULT CHARSET=utf8mb4 COLLATE=utf8mb4_unicode_ci;
/*!40101 SET character_set_client = @saved_cs_client */;

--
-- Dumping data for table `states_translations`
--

LOCK TABLES `states_translations` WRITE;
/*!40000 ALTER TABLE `states_translations` DISABLE KEYS */;
/*!40000 ALTER TABLE `states_translations` ENABLE KEYS */;
UNLOCK TABLES;

--
-- Table structure for table `tags`
--

DROP TABLE IF EXISTS `tags`;
/*!40101 SET @saved_cs_client     = @@character_set_client */;
/*!50503 SET character_set_client = utf8mb4 */;
CREATE TABLE `tags` (
  `id` bigint unsigned NOT NULL AUTO_INCREMENT,
  `name` varchar(120) COLLATE utf8mb4_unicode_ci NOT NULL,
  `author_id` bigint unsigned DEFAULT NULL,
  `author_type` varchar(255) COLLATE utf8mb4_unicode_ci NOT NULL DEFAULT 'Botble\\ACL\\Models\\User',
  `description` varchar(400) COLLATE utf8mb4_unicode_ci DEFAULT '',
  `status` varchar(60) COLLATE utf8mb4_unicode_ci NOT NULL DEFAULT 'published',
  `created_at` timestamp NULL DEFAULT NULL,
  `updated_at` timestamp NULL DEFAULT NULL,
  PRIMARY KEY (`id`)
) ENGINE=InnoDB AUTO_INCREMENT=6 DEFAULT CHARSET=utf8mb4 COLLATE=utf8mb4_unicode_ci;
/*!40101 SET character_set_client = @saved_cs_client */;

--
-- Dumping data for table `tags`
--

LOCK TABLES `tags` WRITE;
/*!40000 ALTER TABLE `tags` DISABLE KEYS */;
INSERT INTO `tags` VALUES (1,'General',2,'Botble\\ACL\\Models\\User','','published','2024-01-06 17:16:51','2024-01-06 17:16:51'),(2,'Design',2,'Botble\\ACL\\Models\\User','','published','2024-01-06 17:16:51','2024-01-06 17:16:51'),(3,'Fashion',2,'Botble\\ACL\\Models\\User','','published','2024-01-06 17:16:51','2024-01-06 17:16:51'),(4,'Branding',2,'Botble\\ACL\\Models\\User','','published','2024-01-06 17:16:51','2024-01-06 17:16:51'),(5,'Modern',2,'Botble\\ACL\\Models\\User','','published','2024-01-06 17:16:51','2024-01-06 17:16:51');
/*!40000 ALTER TABLE `tags` ENABLE KEYS */;
UNLOCK TABLES;

--
-- Table structure for table `tags_translations`
--

DROP TABLE IF EXISTS `tags_translations`;
/*!40101 SET @saved_cs_client     = @@character_set_client */;
/*!50503 SET character_set_client = utf8mb4 */;
CREATE TABLE `tags_translations` (
  `lang_code` varchar(20) COLLATE utf8mb4_unicode_ci NOT NULL,
  `tags_id` bigint unsigned NOT NULL,
  `name` varchar(255) COLLATE utf8mb4_unicode_ci DEFAULT NULL,
  `description` varchar(400) COLLATE utf8mb4_unicode_ci DEFAULT NULL,
  PRIMARY KEY (`lang_code`,`tags_id`)
) ENGINE=InnoDB DEFAULT CHARSET=utf8mb4 COLLATE=utf8mb4_unicode_ci;
/*!40101 SET character_set_client = @saved_cs_client */;

--
-- Dumping data for table `tags_translations`
--

LOCK TABLES `tags_translations` WRITE;
/*!40000 ALTER TABLE `tags_translations` DISABLE KEYS */;
/*!40000 ALTER TABLE `tags_translations` ENABLE KEYS */;
UNLOCK TABLES;

--
-- Table structure for table `user_meta`
--

DROP TABLE IF EXISTS `user_meta`;
/*!40101 SET @saved_cs_client     = @@character_set_client */;
/*!50503 SET character_set_client = utf8mb4 */;
CREATE TABLE `user_meta` (
  `id` bigint unsigned NOT NULL AUTO_INCREMENT,
  `key` varchar(120) COLLATE utf8mb4_unicode_ci DEFAULT NULL,
  `value` varchar(255) COLLATE utf8mb4_unicode_ci DEFAULT NULL,
  `user_id` bigint unsigned NOT NULL,
  `created_at` timestamp NULL DEFAULT NULL,
  `updated_at` timestamp NULL DEFAULT NULL,
  PRIMARY KEY (`id`),
  KEY `user_meta_user_id_index` (`user_id`)
) ENGINE=InnoDB DEFAULT CHARSET=utf8mb4 COLLATE=utf8mb4_unicode_ci;
/*!40101 SET character_set_client = @saved_cs_client */;

--
-- Dumping data for table `user_meta`
--

LOCK TABLES `user_meta` WRITE;
/*!40000 ALTER TABLE `user_meta` DISABLE KEYS */;
/*!40000 ALTER TABLE `user_meta` ENABLE KEYS */;
UNLOCK TABLES;

--
-- Table structure for table `users`
--

DROP TABLE IF EXISTS `users`;
/*!40101 SET @saved_cs_client     = @@character_set_client */;
/*!50503 SET character_set_client = utf8mb4 */;
CREATE TABLE `users` (
  `id` bigint unsigned NOT NULL AUTO_INCREMENT,
  `email` varchar(191) COLLATE utf8mb4_unicode_ci NOT NULL,
  `email_verified_at` timestamp NULL DEFAULT NULL,
  `password` varchar(120) COLLATE utf8mb4_unicode_ci DEFAULT NULL,
  `remember_token` varchar(100) COLLATE utf8mb4_unicode_ci DEFAULT NULL,
  `created_at` timestamp NULL DEFAULT NULL,
  `updated_at` timestamp NULL DEFAULT NULL,
  `first_name` varchar(120) COLLATE utf8mb4_unicode_ci DEFAULT NULL,
  `last_name` varchar(120) COLLATE utf8mb4_unicode_ci DEFAULT NULL,
  `username` varchar(60) COLLATE utf8mb4_unicode_ci DEFAULT NULL,
  `avatar_id` bigint unsigned DEFAULT NULL,
  `super_user` tinyint(1) NOT NULL DEFAULT '0',
  `manage_supers` tinyint(1) NOT NULL DEFAULT '0',
  `permissions` text COLLATE utf8mb4_unicode_ci,
  `last_login` timestamp NULL DEFAULT NULL,
  PRIMARY KEY (`id`),
  UNIQUE KEY `users_email_unique` (`email`),
  UNIQUE KEY `users_username_unique` (`username`)
) ENGINE=InnoDB AUTO_INCREMENT=3 DEFAULT CHARSET=utf8mb4 COLLATE=utf8mb4_unicode_ci;
/*!40101 SET character_set_client = @saved_cs_client */;

--
-- Dumping data for table `users`
--

LOCK TABLES `users` WRITE;
/*!40000 ALTER TABLE `users` DISABLE KEYS */;
INSERT INTO `users` VALUES (1,'cveum@blanda.biz',NULL,'$2y$12$eRx23h09XenYlB100RNNluYRAsL7/zYUvCRkkEHPJETRIsADqd6EC',NULL,'2024-01-06 17:16:36','2024-01-06 17:16:36','Malachi','Goodwin','botble',NULL,1,1,NULL,NULL),(2,'glubowitz@murphy.com',NULL,'$2y$12$zsqbtv4ui14nJwGB32XgsuJ5sQrxNsHb2FIXNUapKsmUVYJdWGEgy',NULL,'2024-01-06 17:16:36','2024-01-06 17:16:36','Bridget','Nitzsche','admin',NULL,1,1,NULL,NULL);
/*!40000 ALTER TABLE `users` ENABLE KEYS */;
UNLOCK TABLES;

--
-- Table structure for table `widgets`
--

DROP TABLE IF EXISTS `widgets`;
/*!40101 SET @saved_cs_client     = @@character_set_client */;
/*!50503 SET character_set_client = utf8mb4 */;
CREATE TABLE `widgets` (
  `id` bigint unsigned NOT NULL AUTO_INCREMENT,
  `widget_id` varchar(120) COLLATE utf8mb4_unicode_ci NOT NULL,
  `sidebar_id` varchar(120) COLLATE utf8mb4_unicode_ci NOT NULL,
  `theme` varchar(120) COLLATE utf8mb4_unicode_ci NOT NULL,
  `position` tinyint unsigned NOT NULL DEFAULT '0',
  `data` text COLLATE utf8mb4_unicode_ci,
  `created_at` timestamp NULL DEFAULT NULL,
  `updated_at` timestamp NULL DEFAULT NULL,
  PRIMARY KEY (`id`)
) ENGINE=InnoDB AUTO_INCREMENT=20 DEFAULT CHARSET=utf8mb4 COLLATE=utf8mb4_unicode_ci;
/*!40101 SET character_set_client = @saved_cs_client */;

--
-- Dumping data for table `widgets`
--

LOCK TABLES `widgets` WRITE;
/*!40000 ALTER TABLE `widgets` DISABLE KEYS */;
INSERT INTO `widgets` VALUES (1,'SiteInfoWidget','footer_sidebar','farmart',0,'{\"id\":\"SiteInfoWidget\",\"name\":\"Farmart \\u2013 Your Online Foods & Grocery\",\"about\":\"Lorem ipsum dolor sit amet, consectetur adipiscing elit. Sed finibus viverra iaculis. Etiam vulputate et justo eget scelerisque.\",\"phone\":\"(+965) 7492-4277\",\"address\":\"959 Homestead Street Eastlake, NYC\",\"email\":\"support@farmart.com\",\"working_time\":\"Mon - Fri: 07AM - 06PM\"}','2024-01-06 17:16:52','2024-01-06 17:16:52'),(2,'CustomMenuWidget','footer_sidebar','farmart',1,'{\"id\":\"CustomMenuWidget\",\"name\":\"Useful Links\",\"menu_id\":\"useful-links\"}','2024-01-06 17:16:52','2024-01-06 17:16:52'),(3,'CustomMenuWidget','footer_sidebar','farmart',2,'{\"id\":\"CustomMenuWidget\",\"name\":\"Help Center\",\"menu_id\":\"help-center\"}','2024-01-06 17:16:52','2024-01-06 17:16:52'),(4,'CustomMenuWidget','footer_sidebar','farmart',3,'{\"id\":\"CustomMenuWidget\",\"name\":\"Business\",\"menu_id\":\"business\"}','2024-01-06 17:16:52','2024-01-06 17:16:52'),(5,'NewsletterWidget','footer_sidebar','farmart',4,'{\"id\":\"NewsletterWidget\",\"title\":\"Newsletter\",\"subtitle\":\"Register now to get updates on promotions and coupon. Don\\u2019t worry! We not spam\"}','2024-01-06 17:16:52','2024-01-06 17:16:52'),(6,'BlogSearchWidget','primary_sidebar','farmart',1,'{\"id\":\"BlogSearchWidget\",\"name\":\"Search\"}','2024-01-06 17:16:52','2024-01-06 17:16:52'),(7,'BlogCategoriesWidget','primary_sidebar','farmart',2,'{\"id\":\"BlogCategoriesWidget\",\"name\":\"Categories\"}','2024-01-06 17:16:52','2024-01-06 17:16:52'),(8,'RecentPostsWidget','primary_sidebar','farmart',3,'{\"id\":\"RecentPostsWidget\",\"name\":\"Recent Posts\"}','2024-01-06 17:16:52','2024-01-06 17:16:52'),(9,'BlogTagsWidget','primary_sidebar','farmart',4,'{\"id\":\"BlogTagsWidget\",\"name\":\"Popular Tags\"}','2024-01-06 17:16:52','2024-01-06 17:16:52'),(10,'SiteFeaturesWidget','pre_footer_sidebar','farmart',1,'{\"id\":\"SiteFeaturesWidget\",\"title\":\"Site Features\",\"data\":{\"1\":{\"icon\":\"general\\/icon-rocket.png\",\"title\":\"Free Shipping\",\"subtitle\":\"For all orders over $200\"},\"2\":{\"icon\":\"general\\/icon-reload.png\",\"title\":\"1 & 1 Returns\",\"subtitle\":\"Cancellation after 1 day\"},\"3\":{\"icon\":\"general\\/icon-protect.png\",\"title\":\"100% Secure Payment\",\"subtitle\":\"Guarantee secure payments\"},\"4\":{\"icon\":\"general\\/icon-support.png\",\"title\":\"24\\/7 Dedicated Support\",\"subtitle\":\"Anywhere & anytime\"},\"5\":{\"icon\":\"general\\/icon-tag.png\",\"title\":\"Daily Offers\",\"subtitle\":\"Discount up to 70% OFF\"}}}','2024-01-06 17:16:52','2024-01-06 17:16:52'),(11,'AdsWidget','products_list_sidebar','farmart',1,'{\"id\":\"AdsWidget\",\"title\":\"Ads\",\"ads_key\":\"ZDOZUZZIU7FZ\",\"background\":\"general\\/background.jpg\",\"size\":\"full-width\"}','2024-01-06 17:16:52','2024-01-06 17:16:52'),(12,'SiteFeaturesWidget','product_detail_sidebar','farmart',1,'{\"id\":\"SiteFeaturesWidget\",\"title\":\"Site Features\",\"data\":{\"1\":{\"icon\":\"general\\/icon-rocket.png\",\"title\":\"Free Shipping\",\"subtitle\":\"For all orders over $200\"},\"2\":{\"icon\":\"general\\/icon-reload.png\",\"title\":\"1 & 1 Returns\",\"subtitle\":\"Cancellation after 1 day\"},\"3\":{\"icon\":\"general\\/icon-protect.png\",\"title\":\"Secure Payment\",\"subtitle\":\"Guarantee secure payments\"}}}','2024-01-06 17:16:52','2024-01-06 17:16:52'),(13,'SiteInfoWidget','product_detail_sidebar','farmart',2,'{\"id\":\"SiteInfoWidget\",\"name\":\"Store information\",\"phone\":\"(+965) 7492-4277\",\"working_time\":\"Mon - Fri: 07AM - 06PM\"}','2024-01-06 17:16:52','2024-01-06 17:16:52'),(14,'BecomeVendorWidget','product_detail_sidebar','farmart',3,'{\"id\":\"BecomeVendorWidget\",\"name\":\"Become a Vendor?\"}','2024-01-06 17:16:52','2024-01-06 17:16:52'),(15,'ProductCategoriesWidget','bottom_footer_sidebar','farmart',1,'{\"id\":\"ProductCategoriesWidget\",\"name\":\"Consumer Electric\",\"categories\":[18,2,3,4,5,6,7]}','2024-01-06 17:16:52','2024-01-06 17:16:52'),(16,'ProductCategoriesWidget','bottom_footer_sidebar','farmart',2,'{\"id\":\"ProductCategoriesWidget\",\"name\":\"Clothing & Apparel\",\"categories\":[8,9,10,11,12]}','2024-01-06 17:16:52','2024-01-06 17:16:52'),(17,'ProductCategoriesWidget','bottom_footer_sidebar','farmart',3,'{\"id\":\"ProductCategoriesWidget\",\"name\":\"Home, Garden & Kitchen\",\"categories\":[13,14,15,16,17]}','2024-01-06 17:16:52','2024-01-06 17:16:52'),(18,'ProductCategoriesWidget','bottom_footer_sidebar','farmart',4,'{\"id\":\"ProductCategoriesWidget\",\"name\":\"Health & Beauty\",\"categories\":[20,21,22,23,24]}','2024-01-06 17:16:52','2024-01-06 17:16:52'),(19,'ProductCategoriesWidget','bottom_footer_sidebar','farmart',5,'{\"id\":\"ProductCategoriesWidget\",\"name\":\"Computer & Technologies\",\"categories\":[25,26,27,28,29,19]}','2024-01-06 17:16:52','2024-01-06 17:16:52');
/*!40000 ALTER TABLE `widgets` ENABLE KEYS */;
UNLOCK TABLES;
/*!40103 SET TIME_ZONE=@OLD_TIME_ZONE */;

/*!40101 SET SQL_MODE=@OLD_SQL_MODE */;
/*!40014 SET FOREIGN_KEY_CHECKS=@OLD_FOREIGN_KEY_CHECKS */;
/*!40014 SET UNIQUE_CHECKS=@OLD_UNIQUE_CHECKS */;
/*!40101 SET CHARACTER_SET_CLIENT=@OLD_CHARACTER_SET_CLIENT */;
/*!40101 SET CHARACTER_SET_RESULTS=@OLD_CHARACTER_SET_RESULTS */;
/*!40101 SET COLLATION_CONNECTION=@OLD_COLLATION_CONNECTION */;
/*!40111 SET SQL_NOTES=@OLD_SQL_NOTES */;

-- Dump completed on 2024-01-07  7:17:27
